"Fleet","Fleet_Name","Yr","Seas","base","catchcurve"
1,"F1_JPLL_A13_Q1_wt",1994,1,25.28,25.522
1,"F1_JPLL_A13_Q1_wt",1995,1,4.287,4.47
1,"F1_JPLL_A13_Q1_wt",1996,1,14.989,15.27
1,"F1_JPLL_A13_Q1_wt",1997,1,52.157,53.7
1,"F1_JPLL_A13_Q1_wt",1998,1,102.617,111.034
1,"F1_JPLL_A13_Q1_wt",1999,1,16.449,16.928
1,"F1_JPLL_A13_Q1_wt",2000,1,222.49,223.854
1,"F1_JPLL_A13_Q1_wt",2001,1,126.658,126.074
1,"F1_JPLL_A13_Q1_wt",2002,1,307.196,298.741
1,"F1_JPLL_A13_Q1_wt",2003,1,162.194,158.81
1,"F1_JPLL_A13_Q1_wt",2004,1,80.503,80.596
1,"F1_JPLL_A13_Q1_wt",2005,1,82.492,83.242
1,"F1_JPLL_A13_Q1_wt",2006,1,250.767,254.24
1,"F1_JPLL_A13_Q1_wt",2007,1,264.592,266.877
1,"F1_JPLL_A13_Q1_wt",2008,1,107.571,107.583
1,"F1_JPLL_A13_Q1_wt",2009,1,499.895,502.51
1,"F1_JPLL_A13_Q1_wt",2010,1,395.973,395.279
1,"F1_JPLL_A13_Q1_wt",2011,1,448.302,454.108
1,"F1_JPLL_A13_Q1_wt",2012,1,257.735,258.198
1,"F1_JPLL_A13_Q1_wt",2013,1,202.924,203.984
1,"F1_JPLL_A13_Q1_wt",2014,1,53.868,53.965
1,"F1_JPLL_A13_Q1_wt",2015,1,217.624,217.713
1,"F1_JPLL_A13_Q1_wt",2016,1,200.948,201.841
1,"F1_JPLL_A13_Q1_wt",2017,1,195.333,194.934
1,"F1_JPLL_A13_Q1_wt",2018,1,91.714,92.082
1,"F1_JPLL_A13_Q1_wt",2019,1,70.26,70.695
1,"F1_JPLL_A13_Q1_wt",2020,1,176.215,173.823
1,"F1_JPLL_A13_Q1_wt",2021,1,64.338,64.049
1,"F1_JPLL_A13_Q1_wt",2022,1,41.306,41.285
1,"F1_JPLL_A13_Q1_wt",2023,1,360.635,362.545
1,"F1_JPLL_A13_Q1_wt",2024,1,43.402,43.486
2,"F2_JPLL_A13_Q2_wt",1996,2,12.227,13.865
2,"F2_JPLL_A13_Q2_wt",1997,2,54.674,47.463
2,"F2_JPLL_A13_Q2_wt",2000,2,7.87,7.741
2,"F2_JPLL_A13_Q2_wt",2001,2,61.528,65.838
2,"F2_JPLL_A13_Q2_wt",2002,2,27.537,25.927
2,"F2_JPLL_A13_Q2_wt",2003,2,52.742,52.78
2,"F2_JPLL_A13_Q2_wt",2004,2,24.405,23.996
2,"F2_JPLL_A13_Q2_wt",2005,2,28.877,28.643
2,"F2_JPLL_A13_Q2_wt",2006,2,88.302,88.789
2,"F2_JPLL_A13_Q2_wt",2007,2,251.599,245.787
2,"F2_JPLL_A13_Q2_wt",2008,2,51.672,51.325
2,"F2_JPLL_A13_Q2_wt",2009,2,90.203,91.922
2,"F2_JPLL_A13_Q2_wt",2010,2,101.309,100.917
2,"F2_JPLL_A13_Q2_wt",2011,2,47.518,48.627
2,"F2_JPLL_A13_Q2_wt",2012,2,98.333,100.58
2,"F2_JPLL_A13_Q2_wt",2013,2,91.104,89.864
2,"F2_JPLL_A13_Q2_wt",2014,2,56.067,56.699
2,"F2_JPLL_A13_Q2_wt",2015,2,54.985,54.519
2,"F2_JPLL_A13_Q2_wt",2016,2,34.08,33.706
2,"F2_JPLL_A13_Q2_wt",2017,2,62.936,63.843
2,"F2_JPLL_A13_Q2_wt",2018,2,26.012,26.099
2,"F2_JPLL_A13_Q2_wt",2019,2,47.399,47.846
2,"F2_JPLL_A13_Q2_wt",2020,2,157.238,153.4
2,"F2_JPLL_A13_Q2_wt",2021,2,10.697,10.513
2,"F2_JPLL_A13_Q2_wt",2022,2,5.867,5.856
2,"F2_JPLL_A13_Q2_wt",2023,2,48.065,48.474
2,"F2_JPLL_A13_Q2_wt",2024,2,19.469,19.605
3,"F3_JPLL_A13_Q3_wt",2000,3,45.609,40.709
3,"F3_JPLL_A13_Q3_wt",2001,3,11.52,11.888
3,"F3_JPLL_A13_Q3_wt",2002,3,25.655,24.163
3,"F3_JPLL_A13_Q3_wt",2003,3,10.091,9.656
3,"F3_JPLL_A13_Q3_wt",2004,3,8.061,7.873
3,"F3_JPLL_A13_Q3_wt",2005,3,34.101,36.46
3,"F3_JPLL_A13_Q3_wt",2006,3,16.585,17.754
3,"F3_JPLL_A13_Q3_wt",2007,3,26.654,27.938
3,"F3_JPLL_A13_Q3_wt",2008,3,52.238,52.671
3,"F3_JPLL_A13_Q3_wt",2009,3,9.164,9.268
3,"F3_JPLL_A13_Q3_wt",2010,3,37.64,36.772
3,"F3_JPLL_A13_Q3_wt",2011,3,25.421,25.021
3,"F3_JPLL_A13_Q3_wt",2012,3,17.791,17.781
3,"F3_JPLL_A13_Q3_wt",2013,3,46.195,45.809
3,"F3_JPLL_A13_Q3_wt",2014,3,12.899,12.927
3,"F3_JPLL_A13_Q3_wt",2015,3,19.763,19.725
3,"F3_JPLL_A13_Q3_wt",2016,3,32.788,32.742
3,"F3_JPLL_A13_Q3_wt",2017,3,19.191,19.411
3,"F3_JPLL_A13_Q3_wt",2018,3,11.732,11.92
3,"F3_JPLL_A13_Q3_wt",2019,3,12.231,11.938
3,"F3_JPLL_A13_Q3_wt",2020,3,24.321,24.168
3,"F3_JPLL_A13_Q3_wt",2021,3,22.646,22.904
3,"F3_JPLL_A13_Q3_wt",2022,3,27.079,26.841
3,"F3_JPLL_A13_Q3_wt",2023,3,12.333,12.131
3,"F3_JPLL_A13_Q3_wt",2024,3,37.766,36.987
4,"F4_JPLL_A13_Q4_wt",1996,4,23.542,26.232
4,"F4_JPLL_A13_Q4_wt",1999,4,80.742,64.58
4,"F4_JPLL_A13_Q4_wt",2000,4,51.801,54.148
4,"F4_JPLL_A13_Q4_wt",2001,4,308.046,308.138
4,"F4_JPLL_A13_Q4_wt",2002,4,23.938,23.326
4,"F4_JPLL_A13_Q4_wt",2003,4,43.123,43.801
4,"F4_JPLL_A13_Q4_wt",2004,4,137.736,151.765
4,"F4_JPLL_A13_Q4_wt",2005,4,43.472,46.587
4,"F4_JPLL_A13_Q4_wt",2006,4,106.012,115.284
4,"F4_JPLL_A13_Q4_wt",2007,4,374.787,374.094
4,"F4_JPLL_A13_Q4_wt",2008,4,91.534,93.629
4,"F4_JPLL_A13_Q4_wt",2009,4,314.646,306.279
4,"F4_JPLL_A13_Q4_wt",2010,4,75.58,76.203
4,"F4_JPLL_A13_Q4_wt",2011,4,137.01,136.223
4,"F4_JPLL_A13_Q4_wt",2012,4,87.61,88.551
4,"F4_JPLL_A13_Q4_wt",2013,4,35.24,36.276
4,"F4_JPLL_A13_Q4_wt",2014,4,117.392,125.935
4,"F4_JPLL_A13_Q4_wt",2015,4,84.642,87.526
4,"F4_JPLL_A13_Q4_wt",2016,4,70.888,67.724
4,"F4_JPLL_A13_Q4_wt",2017,4,249.634,258.091
4,"F4_JPLL_A13_Q4_wt",2018,4,217.162,218.786
4,"F4_JPLL_A13_Q4_wt",2019,4,112.949,107.885
4,"F4_JPLL_A13_Q4_wt",2020,4,78.414,76.935
4,"F4_JPLL_A13_Q4_wt",2021,4,50.001,50.604
4,"F4_JPLL_A13_Q4_wt",2022,4,50.089,48.925
4,"F4_JPLL_A13_Q4_wt",2023,4,25.555,25.742
4,"F4_JPLL_A13_Q4_wt",2024,4,32.06,31.96
9,"F9_JPLL_A2_Q1_wt",1994,1,61.291,64.534
9,"F9_JPLL_A2_Q1_wt",1996,1,58.001,59.438
9,"F9_JPLL_A2_Q1_wt",1997,1,40.108,41.069
9,"F9_JPLL_A2_Q1_wt",1999,1,47.261,63.476
9,"F9_JPLL_A2_Q1_wt",2000,1,53.855,56.749
9,"F9_JPLL_A2_Q1_wt",2001,1,197.443,333.477
9,"F9_JPLL_A2_Q1_wt",2002,1,538.884,614.46
9,"F9_JPLL_A2_Q1_wt",2003,1,239.782,221.869
9,"F9_JPLL_A2_Q1_wt",2004,1,73.801,82.015
9,"F9_JPLL_A2_Q1_wt",2005,1,96.19,110.162
9,"F9_JPLL_A2_Q1_wt",2006,1,112.203,127.043
9,"F9_JPLL_A2_Q1_wt",2007,1,67.003,77.409
9,"F9_JPLL_A2_Q1_wt",2008,1,149.293,141.557
9,"F9_JPLL_A2_Q1_wt",2009,1,89.279,96.414
9,"F9_JPLL_A2_Q1_wt",2010,1,341.835,336.429
9,"F9_JPLL_A2_Q1_wt",2011,1,97.31,94.621
9,"F9_JPLL_A2_Q1_wt",2012,1,109.365,106.218
9,"F9_JPLL_A2_Q1_wt",2013,1,265.097,282.571
9,"F9_JPLL_A2_Q1_wt",2014,1,145.366,145.831
9,"F9_JPLL_A2_Q1_wt",2015,1,421.177,421.55
9,"F9_JPLL_A2_Q1_wt",2016,1,220.851,214.872
9,"F9_JPLL_A2_Q1_wt",2017,1,85.626,84.504
9,"F9_JPLL_A2_Q1_wt",2018,1,157.287,155.835
9,"F9_JPLL_A2_Q1_wt",2019,1,126.819,136.048
9,"F9_JPLL_A2_Q1_wt",2020,1,24.487,23.424
9,"F9_JPLL_A2_Q1_wt",2021,1,39.486,41.325
9,"F9_JPLL_A2_Q1_wt",2022,1,309.004,313.814
9,"F9_JPLL_A2_Q1_wt",2023,1,32.817,32.961
9,"F9_JPLL_A2_Q1_wt",2024,1,56.822,57.491
10,"F10_JPLL_A2_Q2_wt_9624",2000,2,31.962,24.868
10,"F10_JPLL_A2_Q2_wt_9624",2001,2,126.078,190.454
10,"F10_JPLL_A2_Q2_wt_9624",2002,2,242.075,335.535
10,"F10_JPLL_A2_Q2_wt_9624",2003,2,16.318,16.087
10,"F10_JPLL_A2_Q2_wt_9624",2004,2,251.995,274.826
10,"F10_JPLL_A2_Q2_wt_9624",2005,2,87.364,96.625
10,"F10_JPLL_A2_Q2_wt_9624",2006,2,100.931,95.359
10,"F10_JPLL_A2_Q2_wt_9624",2007,2,90.262,99.034
10,"F10_JPLL_A2_Q2_wt_9624",2008,2,67.915,63.561
10,"F10_JPLL_A2_Q2_wt_9624",2009,2,161.893,173.66
10,"F10_JPLL_A2_Q2_wt_9624",2010,2,525.026,553.364
10,"F10_JPLL_A2_Q2_wt_9624",2011,2,91.696,93.622
10,"F10_JPLL_A2_Q2_wt_9624",2012,2,79.159,78.049
10,"F10_JPLL_A2_Q2_wt_9624",2013,2,402.801,388.816
10,"F10_JPLL_A2_Q2_wt_9624",2014,2,391.133,405.498
10,"F10_JPLL_A2_Q2_wt_9624",2015,2,142.103,142.739
10,"F10_JPLL_A2_Q2_wt_9624",2016,2,270.121,287.116
10,"F10_JPLL_A2_Q2_wt_9624",2017,2,142.377,134.187
10,"F10_JPLL_A2_Q2_wt_9624",2018,2,164.224,160.032
10,"F10_JPLL_A2_Q2_wt_9624",2019,2,134.782,134.879
10,"F10_JPLL_A2_Q2_wt_9624",2020,2,234.233,259.355
10,"F10_JPLL_A2_Q2_wt_9624",2021,2,33.853,31.789
10,"F10_JPLL_A2_Q2_wt_9624",2022,2,108.289,106.616
10,"F10_JPLL_A2_Q2_wt_9624",2023,2,21.758,21.603
10,"F10_JPLL_A2_Q2_wt_9624",2024,2,51.217,50.62
11,"F11_JPLL_A2_Q3_wt",2001,3,168.548,244.351
11,"F11_JPLL_A2_Q3_wt",2002,3,96.744,99
11,"F11_JPLL_A2_Q3_wt",2003,3,73.638,73.437
11,"F11_JPLL_A2_Q3_wt",2004,3,143.924,163.159
11,"F11_JPLL_A2_Q3_wt",2005,3,69.75,77.879
11,"F11_JPLL_A2_Q3_wt",2006,3,155.629,174.389
11,"F11_JPLL_A2_Q3_wt",2007,3,91.723,101.572
11,"F11_JPLL_A2_Q3_wt",2008,3,62.548,57.776
11,"F11_JPLL_A2_Q3_wt",2009,3,98.625,102.926
11,"F11_JPLL_A2_Q3_wt",2010,3,166.487,154.383
11,"F11_JPLL_A2_Q3_wt",2011,3,1215.13,1210.08
11,"F11_JPLL_A2_Q3_wt",2012,3,255.722,243.136
11,"F11_JPLL_A2_Q3_wt",2013,3,222.984,212.693
11,"F11_JPLL_A2_Q3_wt",2014,3,183.141,178.805
11,"F11_JPLL_A2_Q3_wt",2015,3,206.465,215.463
11,"F11_JPLL_A2_Q3_wt",2016,3,222.934,230.037
11,"F11_JPLL_A2_Q3_wt",2017,3,249.628,242.532
11,"F11_JPLL_A2_Q3_wt",2018,3,256.298,258.846
11,"F11_JPLL_A2_Q3_wt",2019,3,136.188,142.623
11,"F11_JPLL_A2_Q3_wt",2020,3,9.339,9.303
11,"F11_JPLL_A2_Q3_wt",2021,3,42.711,40.83
11,"F11_JPLL_A2_Q3_wt",2022,3,55.556,53.498
11,"F11_JPLL_A2_Q3_wt",2023,3,20.874,20.881
11,"F11_JPLL_A2_Q3_wt",2024,3,148.558,147.23
12,"F12_JPLL_A2_Q4_wt",1994,4,44.329,43.183
12,"F12_JPLL_A2_Q4_wt",1996,4,41.36,41.43
12,"F12_JPLL_A2_Q4_wt",1997,4,51.639,43.984
12,"F12_JPLL_A2_Q4_wt",1999,4,62.308,42.632
12,"F12_JPLL_A2_Q4_wt",2001,4,162.81,213.371
12,"F12_JPLL_A2_Q4_wt",2002,4,106.192,101.561
12,"F12_JPLL_A2_Q4_wt",2003,4,42.684,43.142
12,"F12_JPLL_A2_Q4_wt",2004,4,69.198,73.268
12,"F12_JPLL_A2_Q4_wt",2005,4,46.68,52.608
12,"F12_JPLL_A2_Q4_wt",2006,4,267.672,247.643
12,"F12_JPLL_A2_Q4_wt",2007,4,68.391,63.92
12,"F12_JPLL_A2_Q4_wt",2008,4,318.3,355.87
12,"F12_JPLL_A2_Q4_wt",2009,4,269.373,256.559
12,"F12_JPLL_A2_Q4_wt",2010,4,82.144,85.885
12,"F12_JPLL_A2_Q4_wt",2011,4,260.059,242.036
12,"F12_JPLL_A2_Q4_wt",2012,4,56.558,57.605
12,"F12_JPLL_A2_Q4_wt",2013,4,47.546,47.794
12,"F12_JPLL_A2_Q4_wt",2014,4,291.49,284.705
12,"F12_JPLL_A2_Q4_wt",2015,4,126.623,128.04
12,"F12_JPLL_A2_Q4_wt",2016,4,137.932,133.714
12,"F12_JPLL_A2_Q4_wt",2017,4,112.16,112.413
12,"F12_JPLL_A2_Q4_wt",2018,4,140.316,145.417
12,"F12_JPLL_A2_Q4_wt",2019,4,109.11,107.276
12,"F12_JPLL_A2_Q4_wt",2020,4,103.612,94.57
12,"F12_JPLL_A2_Q4_wt",2021,4,96.009,102.634
12,"F12_JPLL_A2_Q4_wt",2022,4,51.023,49.776
12,"F12_JPLL_A2_Q4_wt",2023,4,35.842,35.856
12,"F12_JPLL_A2_Q4_wt",2024,4,49.627,50.893
17,"F17_JPLL_A4_num",1995,3,65.494,68.431
17,"F17_JPLL_A4_num",1995,4,34.538,34.395
17,"F17_JPLL_A4_num",1996,2,8.614,8.6
17,"F17_JPLL_A4_num",1999,4,32.824,34.113
17,"F17_JPLL_A4_num",2000,1,31.048,27.217
17,"F17_JPLL_A4_num",2000,2,155.041,108.858
17,"F17_JPLL_A4_num",2000,4,33.882,29.081
17,"F17_JPLL_A4_num",2001,1,39.156,31.329
17,"F17_JPLL_A4_num",2001,2,38.92,41.916
17,"F17_JPLL_A4_num",2001,3,139.152,108.311
17,"F17_JPLL_A4_num",2001,4,83.833,66.262
17,"F17_JPLL_A4_num",2002,1,44.747,36.582
17,"F17_JPLL_A4_num",2002,2,144.34,176.215
17,"F17_JPLL_A4_num",2002,3,67.714,54.769
17,"F17_JPLL_A4_num",2002,4,143.563,114.082
17,"F17_JPLL_A4_num",2003,1,150.66,121.349
17,"F17_JPLL_A4_num",2003,2,6.824,6.757
17,"F17_JPLL_A4_num",2003,3,29.053,29.402
17,"F17_JPLL_A4_num",2004,1,80.99,76.013
17,"F17_JPLL_A4_num",2004,2,17.052,16.363
17,"F17_JPLL_A4_num",2004,3,186.625,184.676
17,"F17_JPLL_A4_num",2005,1,147.638,133.402
17,"F17_JPLL_A4_num",2005,2,12.844,12.617
17,"F17_JPLL_A4_num",2005,3,124.489,115.879
17,"F17_JPLL_A4_num",2005,4,40.949,47.385
17,"F17_JPLL_A4_num",2006,1,331.031,419.909
17,"F17_JPLL_A4_num",2006,2,42.321,47.322
17,"F17_JPLL_A4_num",2006,3,92.475,92.076
17,"F17_JPLL_A4_num",2006,4,92.663,94.868
17,"F17_JPLL_A4_num",2007,1,83.082,86.788
17,"F17_JPLL_A4_num",2007,2,26.558,27.114
17,"F17_JPLL_A4_num",2007,3,104.897,103.114
17,"F17_JPLL_A4_num",2008,1,56.533,66.212
17,"F17_JPLL_A4_num",2008,2,34.825,34.536
17,"F17_JPLL_A4_num",2008,3,68.9,63.039
17,"F17_JPLL_A4_num",2008,4,101.617,84.739
17,"F17_JPLL_A4_num",2009,1,51.775,48.428
17,"F17_JPLL_A4_num",2009,3,74.948,67.31
17,"F17_JPLL_A4_num",2010,1,4.552,4.559
17,"F17_JPLL_A4_num",2010,2,1.813,1.818
17,"F17_JPLL_A4_num",2010,3,16.752,15.69
17,"F17_JPLL_A4_num",2010,4,71.962,64.199
17,"F17_JPLL_A4_num",2011,1,115.397,107.662
17,"F17_JPLL_A4_num",2011,3,100.051,85.525
17,"F17_JPLL_A4_num",2011,4,18.934,18.203
17,"F17_JPLL_A4_num",2012,1,39.139,41.47
17,"F17_JPLL_A4_num",2012,2,15.923,16.391
17,"F17_JPLL_A4_num",2012,3,286.231,249.793
17,"F17_JPLL_A4_num",2012,4,101.927,96.818
17,"F17_JPLL_A4_num",2013,1,9.374,9.203
17,"F17_JPLL_A4_num",2013,2,30.811,33.793
17,"F17_JPLL_A4_num",2013,3,50.881,55.299
17,"F17_JPLL_A4_num",2014,1,5.139,5.069
17,"F17_JPLL_A4_num",2014,2,16.405,17.231
17,"F17_JPLL_A4_num",2014,4,213.224,204.488
17,"F17_JPLL_A4_num",2015,3,132.722,138.545
17,"F17_JPLL_A4_num",2015,4,20.419,21.436
17,"F17_JPLL_A4_num",2016,2,277.121,270.626
17,"F17_JPLL_A4_num",2016,3,166.303,150.608
17,"F17_JPLL_A4_num",2017,3,176.416,172.343
17,"F17_JPLL_A4_num",2017,4,60.09,62.719
17,"F17_JPLL_A4_num",2018,2,60.894,60.131
17,"F17_JPLL_A4_num",2018,3,30.009,31.352
17,"F17_JPLL_A4_num",2019,1,7.072,7.148
17,"F17_JPLL_A4_num",2019,2,16.593,16.864
17,"F17_JPLL_A4_num",2019,3,199.6,181.961
17,"F17_JPLL_A4_num",2019,4,137.037,153.773
17,"F17_JPLL_A4_num",2020,2,12.23,12.573
17,"F17_JPLL_A4_num",2020,3,36.572,39.824
17,"F17_JPLL_A4_num",2023,2,3.315,3.387
17,"F17_JPLL_A4_num",2023,3,10.805,11.229
17,"F17_JPLL_A4_num",2024,1,11.588,12.015
17,"F17_JPLL_A4_num",2024,2,8.357,8.465
18,"F18_JPLL_A5_num",1995,4,65.696,62.766
18,"F18_JPLL_A5_num",2003,4,55.063,51.458
18,"F18_JPLL_A5_num",2004,2,32.237,31.38
18,"F18_JPLL_A5_num",2004,3,31.703,32.63
18,"F18_JPLL_A5_num",2004,4,140.551,141.928
18,"F18_JPLL_A5_num",2005,4,35.587,34.472
18,"F18_JPLL_A5_num",2006,4,41.413,40.878
18,"F18_JPLL_A5_num",2007,4,11.267,11.495
18,"F18_JPLL_A5_num",2008,4,27.774,28.301
18,"F18_JPLL_A5_num",2009,3,29.823,28.121
18,"F18_JPLL_A5_num",2011,3,25.536,25.523
18,"F18_JPLL_A5_num",2011,4,54.608,58.067
19,"F19_JPPL_A35_Q1",2002,1,25.979,25.624
19,"F19_JPPL_A35_Q1",2004,1,35.687,35.855
19,"F19_JPPL_A35_Q1",2005,1,16.21,16.106
19,"F19_JPPL_A35_Q1",2007,1,7.953,8.027
19,"F19_JPPL_A35_Q1",2022,1,6.888,6.895
19,"F19_JPPL_A35_Q1",2023,1,21.452,22.175
20,"F20_JPPL_A35_Q2",1994,2,2.651,2.695
20,"F20_JPPL_A35_Q2",1995,2,4.862,4.961
20,"F20_JPPL_A35_Q2",1996,2,18.77,18.891
20,"F20_JPPL_A35_Q2",1997,2,153.862,154.985
20,"F20_JPPL_A35_Q2",1998,2,3.852,3.868
20,"F20_JPPL_A35_Q2",1999,2,24.303,23.879
20,"F20_JPPL_A35_Q2",2000,2,3.078,3.034
20,"F20_JPPL_A35_Q2",2001,2,8.17,8.025
20,"F20_JPPL_A35_Q2",2002,2,33.177,32.505
20,"F20_JPPL_A35_Q2",2003,2,99.48,101.79
20,"F20_JPPL_A35_Q2",2004,2,15.808,15.699
20,"F20_JPPL_A35_Q2",2005,2,12.951,12.818
20,"F20_JPPL_A35_Q2",2006,2,62.898,64.274
20,"F20_JPPL_A35_Q2",2007,2,58.243,63.611
20,"F20_JPPL_A35_Q2",2008,2,24.05,24.069
20,"F20_JPPL_A35_Q2",2009,2,99.658,99.266
20,"F20_JPPL_A35_Q2",2010,2,45.423,45.678
20,"F20_JPPL_A35_Q2",2011,2,27.262,27.348
20,"F20_JPPL_A35_Q2",2012,2,26.658,26.682
20,"F20_JPPL_A35_Q2",2013,2,18.947,18.87
20,"F20_JPPL_A35_Q2",2014,2,30.105,29.803
20,"F20_JPPL_A35_Q2",2015,2,20.968,20.916
20,"F20_JPPL_A35_Q2",2016,2,83.491,85.248
20,"F20_JPPL_A35_Q2",2017,2,50.064,50.284
20,"F20_JPPL_A35_Q2",2018,2,24.745,24.725
20,"F20_JPPL_A35_Q2",2019,2,8.05,8.037
20,"F20_JPPL_A35_Q2",2020,2,22.463,22.673
20,"F20_JPPL_A35_Q2",2021,2,3.616,3.627
20,"F20_JPPL_A35_Q2",2022,2,2.577,2.573
20,"F20_JPPL_A35_Q2",2023,2,56.84,57.73
20,"F20_JPPL_A35_Q2",2024,2,12.611,12.519
21,"F21_JPPL_A35_Q3",1994,3,12.243,13.035
21,"F21_JPPL_A35_Q3",1995,3,24.676,22.101
21,"F21_JPPL_A35_Q3",1996,3,23.77,24.22
21,"F21_JPPL_A35_Q3",1997,3,24.177,24.703
21,"F21_JPPL_A35_Q3",1998,3,11.351,11.441
21,"F21_JPPL_A35_Q3",1999,3,40.593,41.44
21,"F21_JPPL_A35_Q3",2000,3,4.374,4.286
21,"F21_JPPL_A35_Q3",2001,3,45.016,42.721
21,"F21_JPPL_A35_Q3",2002,3,9.482,9.552
21,"F21_JPPL_A35_Q3",2003,3,30.576,30.412
21,"F21_JPPL_A35_Q3",2004,3,7.827,7.764
21,"F21_JPPL_A35_Q3",2005,3,7.158,7.142
21,"F21_JPPL_A35_Q3",2006,3,5.658,5.726
21,"F21_JPPL_A35_Q3",2007,3,17.731,17.964
21,"F21_JPPL_A35_Q3",2008,3,19.862,20.171
21,"F21_JPPL_A35_Q3",2009,3,15.544,15.816
21,"F21_JPPL_A35_Q3",2010,3,4.75,4.77
21,"F21_JPPL_A35_Q3",2011,3,6.949,6.932
21,"F21_JPPL_A35_Q3",2012,3,21.642,21.784
21,"F21_JPPL_A35_Q3",2013,3,3.771,3.755
21,"F21_JPPL_A35_Q3",2014,3,73.85,76.236
21,"F21_JPPL_A35_Q3",2015,3,15.878,15.881
21,"F21_JPPL_A35_Q3",2016,3,15.176,15.624
21,"F21_JPPL_A35_Q3",2017,3,21.105,20.857
21,"F21_JPPL_A35_Q3",2018,3,9.844,9.874
21,"F21_JPPL_A35_Q3",2019,3,8.485,8.427
21,"F21_JPPL_A35_Q3",2021,3,10.505,10.748
21,"F21_JPPL_A35_Q3",2023,3,8.357,8.582
21,"F21_JPPL_A35_Q3",2024,3,22.494,22.672
22,"F22_JPPL_A35_Q4",1994,4,7.665,7.859
22,"F22_JPPL_A35_Q4",1995,4,14.14,14.335
22,"F22_JPPL_A35_Q4",1997,4,4.858,4.867
22,"F22_JPPL_A35_Q4",2002,4,8.78,8.586
22,"F22_JPPL_A35_Q4",2003,4,38.113,38.594
22,"F22_JPPL_A35_Q4",2005,4,8.207,8.211
22,"F22_JPPL_A35_Q4",2009,4,4.506,4.502
22,"F22_JPPL_A35_Q4",2019,4,6.357,6.38
22,"F22_JPPL_A35_Q4",2020,4,1.184,1.187
23,"F23_JPPL_A24",1994,2,8.88,8.937
23,"F23_JPPL_A24",1996,2,9.6,9.637
23,"F23_JPPL_A24",1997,2,7.307,6.553
23,"F23_JPPL_A24",2002,1,13.542,13.208
23,"F23_JPPL_A24",2002,2,6.325,6.417
23,"F23_JPPL_A24",2002,4,11.494,11.655
23,"F23_JPPL_A24",2003,1,18.465,18.581
23,"F23_JPPL_A24",2003,2,12.993,12.657
23,"F23_JPPL_A24",2003,4,13.811,14.508
23,"F23_JPPL_A24",2004,1,80.397,82.622
23,"F23_JPPL_A24",2004,2,21.737,20.856
23,"F23_JPPL_A24",2005,1,3.681,3.692
23,"F23_JPPL_A24",2005,2,3.911,3.919
23,"F23_JPPL_A24",2006,2,14.615,14.381
23,"F23_JPPL_A24",2007,2,5.21,5.25
23,"F23_JPPL_A24",2009,2,12.224,12.363
23,"F23_JPPL_A24",2010,2,10.217,10.223
23,"F23_JPPL_A24",2011,2,17.076,17.199
23,"F23_JPPL_A24",2011,3,7.329,7.427
23,"F23_JPPL_A24",2013,2,5.942,5.858
23,"F23_JPPL_A24",2015,2,8.906,8.883
23,"F23_JPPL_A24",2015,3,11.27,11.117
23,"F23_JPPL_A24",2015,4,7.508,7.453
23,"F23_JPPL_A24",2017,2,11.937,11.874
23,"F23_JPPL_A24",2021,2,10.33,10.615
24,"F24_USLL_A35",1994,4,19.037,19.592
24,"F24_USLL_A35",1995,1,27.676,29.101
24,"F24_USLL_A35",1995,2,24.565,24.968
24,"F24_USLL_A35",1996,3,11.317,10.323
24,"F24_USLL_A35",1996,4,38.657,32.885
24,"F24_USLL_A35",1997,1,17.127,14.914
24,"F24_USLL_A35",1997,2,11.595,10.341
24,"F24_USLL_A35",1997,4,63.381,76.699
24,"F24_USLL_A35",1998,1,10.162,10.517
24,"F24_USLL_A35",1998,3,18.517,16.702
24,"F24_USLL_A35",1998,4,67.368,74.626
24,"F24_USLL_A35",1999,1,57.349,62.345
24,"F24_USLL_A35",1999,2,10.013,9.343
24,"F24_USLL_A35",1999,4,53.716,58.478
24,"F24_USLL_A35",2000,1,91.306,87.314
24,"F24_USLL_A35",2000,2,11.424,10.655
24,"F24_USLL_A35",2000,4,76.085,78.007
24,"F24_USLL_A35",2001,1,38.045,37.188
24,"F24_USLL_A35",2004,4,59.358,57.374
24,"F24_USLL_A35",2005,1,17.702,17.035
24,"F24_USLL_A35",2005,2,11.26,11.573
24,"F24_USLL_A35",2005,4,50.15,48.952
24,"F24_USLL_A35",2006,1,145.451,137.269
24,"F24_USLL_A35",2007,1,99.993,95.243
24,"F24_USLL_A35",2007,4,34.846,34.423
24,"F24_USLL_A35",2008,1,79.435,79.116
24,"F24_USLL_A35",2008,2,8.878,9.054
24,"F24_USLL_A35",2008,4,101.071,98.218
24,"F24_USLL_A35",2009,1,42.536,41.82
24,"F24_USLL_A35",2009,2,9.216,9.246
24,"F24_USLL_A35",2009,3,10.448,10.606
24,"F24_USLL_A35",2009,4,20.31,20.422
24,"F24_USLL_A35",2010,1,91.908,88.641
24,"F24_USLL_A35",2010,2,5.266,5.317
24,"F24_USLL_A35",2010,3,13.184,13.531
24,"F24_USLL_A35",2010,4,50.21,51.394
24,"F24_USLL_A35",2011,1,57.526,57.876
24,"F24_USLL_A35",2011,2,5.565,5.652
24,"F24_USLL_A35",2011,4,61.614,59.829
24,"F24_USLL_A35",2012,1,278.176,278.493
24,"F24_USLL_A35",2012,2,4.481,4.523
24,"F24_USLL_A35",2012,3,29.916,30.281
24,"F24_USLL_A35",2012,4,28.074,28.546
24,"F24_USLL_A35",2013,1,9.275,9.245
24,"F24_USLL_A35",2013,2,11.242,11.296
24,"F24_USLL_A35",2013,4,28.863,28.833
24,"F24_USLL_A35",2014,1,79.976,78.695
24,"F24_USLL_A35",2014,2,9.227,9.269
24,"F24_USLL_A35",2014,4,10.795,10.832
24,"F24_USLL_A35",2015,1,32.541,31.909
24,"F24_USLL_A35",2015,2,3.865,3.874
24,"F24_USLL_A35",2015,3,8.64,8.68
24,"F24_USLL_A35",2016,1,16.42,16.354
24,"F24_USLL_A35",2016,3,8.064,8.144
24,"F24_USLL_A35",2016,4,12.148,12.304
24,"F24_USLL_A35",2017,1,27.484,28.573
24,"F24_USLL_A35",2017,4,17.539,17.978
24,"F24_USLL_A35",2018,1,27.396,27.573
24,"F24_USLL_A35",2019,1,8.176,8.302
24,"F24_USLL_A35",2020,1,31.879,33.194
24,"F24_USLL_A35",2020,3,16.788,16.796
24,"F24_USLL_A35",2020,4,4.847,4.846
24,"F24_USLL_A35",2021,1,25.609,25.61
24,"F24_USLL_A35",2021,2,23.163,23.168
24,"F24_USLL_A35",2021,4,39.361,38.815
24,"F24_USLL_A35",2022,1,15.607,15.567
24,"F24_USLL_A35",2022,4,31.893,31.151
24,"F24_USLL_A35",2023,1,28.09,29.043
24,"F24_USLL_A35",2023,2,59.293,57.502
24,"F24_USLL_A35",2023,4,7.593,7.652
24,"F24_USLL_A35",2024,1,46.229,46.225
24,"F24_USLL_A35",2024,4,27.912,27.721
25,"F25_USLL_A24",1994,1,33.977,33.673
25,"F25_USLL_A24",1994,2,10.701,10.612
25,"F25_USLL_A24",1994,3,54.348,54.263
25,"F25_USLL_A24",1994,4,34.154,34.252
25,"F25_USLL_A24",1995,1,91.832,88.237
25,"F25_USLL_A24",1995,2,76.875,76.865
25,"F25_USLL_A24",1995,3,39.022,39.451
25,"F25_USLL_A24",1995,4,22.688,22.622
25,"F25_USLL_A24",1996,1,124.971,136.834
25,"F25_USLL_A24",1996,2,76.555,84.396
25,"F25_USLL_A24",1996,3,49.4,51.826
25,"F25_USLL_A24",1996,4,154.882,147.784
25,"F25_USLL_A24",1997,1,129.872,144.627
25,"F25_USLL_A24",1997,2,45.478,47.531
25,"F25_USLL_A24",1997,3,6.748,6.855
25,"F25_USLL_A24",1997,4,24.556,24.274
25,"F25_USLL_A24",1998,1,53.339,53.987
25,"F25_USLL_A24",1998,2,20.289,20.192
25,"F25_USLL_A24",1998,3,36.198,37.096
25,"F25_USLL_A24",1998,4,39.253,43.391
25,"F25_USLL_A24",1999,1,46.844,54.138
25,"F25_USLL_A24",1999,2,21.372,20.326
25,"F25_USLL_A24",1999,3,62.201,57.642
25,"F25_USLL_A24",1999,4,28.529,33.983
25,"F25_USLL_A24",2000,1,30.949,35.736
25,"F25_USLL_A24",2000,2,35.004,32.175
25,"F25_USLL_A24",2000,4,172.61,125.198
25,"F25_USLL_A24",2001,2,40.922,32.822
25,"F25_USLL_A24",2001,3,235.62,187.683
25,"F25_USLL_A24",2001,4,75.78,89.084
25,"F25_USLL_A24",2002,1,125.29,95.214
25,"F25_USLL_A24",2002,2,50.575,41.252
25,"F25_USLL_A24",2002,3,92.648,77.058
25,"F25_USLL_A24",2002,4,93.9,111.348
25,"F25_USLL_A24",2003,1,60.736,50.935
25,"F25_USLL_A24",2003,2,86.113,73.147
25,"F25_USLL_A24",2003,3,48.068,50.426
25,"F25_USLL_A24",2003,4,15.81,15.718
25,"F25_USLL_A24",2004,1,407.563,337.135
25,"F25_USLL_A24",2004,2,114.91,103.037
25,"F25_USLL_A24",2004,3,11.115,10.601
25,"F25_USLL_A24",2004,4,8.315,7.937
25,"F25_USLL_A24",2005,1,29.4,26.496
25,"F25_USLL_A24",2005,2,33.331,30.006
25,"F25_USLL_A24",2005,3,45.935,40.754
25,"F25_USLL_A24",2005,4,21.663,18.821
25,"F25_USLL_A24",2006,1,82.594,67.414
25,"F25_USLL_A24",2006,2,131.499,131.651
25,"F25_USLL_A24",2006,3,84.613,73.724
25,"F25_USLL_A24",2006,4,17.547,16.127
25,"F25_USLL_A24",2007,1,74.972,84.172
25,"F25_USLL_A24",2007,2,57.498,62.941
25,"F25_USLL_A24",2007,3,114.224,87.529
25,"F25_USLL_A24",2007,4,159.716,109.513
25,"F25_USLL_A24",2008,1,61.148,78.525
25,"F25_USLL_A24",2008,2,101.094,132.047
25,"F25_USLL_A24",2008,3,11.639,11.9
25,"F25_USLL_A24",2008,4,27.41,22.701
25,"F25_USLL_A24",2009,1,28.967,24.435
25,"F25_USLL_A24",2009,2,70.192,58.144
25,"F25_USLL_A24",2009,4,15.698,14.911
25,"F25_USLL_A24",2010,1,49.836,37.407
25,"F25_USLL_A24",2010,2,121.997,137.852
25,"F25_USLL_A24",2010,4,71.518,55.028
25,"F25_USLL_A24",2011,1,122.481,106.083
25,"F25_USLL_A24",2011,2,114.514,138.229
25,"F25_USLL_A24",2011,3,32.258,29.019
25,"F25_USLL_A24",2011,4,24.171,20.802
25,"F25_USLL_A24",2012,1,107.889,92.284
25,"F25_USLL_A24",2012,2,99.814,73.977
25,"F25_USLL_A24",2012,3,25.63,22.332
25,"F25_USLL_A24",2012,4,49.473,39.72
25,"F25_USLL_A24",2013,1,140.941,97.402
25,"F25_USLL_A24",2013,2,107.209,127.372
25,"F25_USLL_A24",2013,3,23.536,22.159
25,"F25_USLL_A24",2013,4,53.037,44.549
25,"F25_USLL_A24",2014,1,49.432,51.96
25,"F25_USLL_A24",2014,2,117.059,103.154
25,"F25_USLL_A24",2014,3,37.404,34.298
25,"F25_USLL_A24",2014,4,18.108,17.657
25,"F25_USLL_A24",2015,1,97.462,94.603
25,"F25_USLL_A24",2015,2,186.301,159.893
25,"F25_USLL_A24",2015,3,23.789,22.356
25,"F25_USLL_A24",2015,4,47.322,46.959
25,"F25_USLL_A24",2016,1,153.271,168.06
25,"F25_USLL_A24",2016,2,297.981,369.938
25,"F25_USLL_A24",2016,3,143.556,142.534
25,"F25_USLL_A24",2016,4,9.199,9.485
25,"F25_USLL_A24",2017,1,34.844,35.623
25,"F25_USLL_A24",2017,2,22.416,22.301
25,"F25_USLL_A24",2017,3,17.849,19.47
25,"F25_USLL_A24",2018,1,18.201,19.891
25,"F25_USLL_A24",2018,2,28.932,28.653
25,"F25_USLL_A24",2018,3,26.251,24.909
25,"F25_USLL_A24",2018,4,35.199,38.737
25,"F25_USLL_A24",2019,1,17.984,18.234
25,"F25_USLL_A24",2019,2,15.139,14.423
25,"F25_USLL_A24",2019,3,25.48,28.234
25,"F25_USLL_A24",2019,4,14.591,15.762
25,"F25_USLL_A24",2020,1,26.704,24.645
25,"F25_USLL_A24",2020,3,34.04,38.497
25,"F25_USLL_A24",2020,4,6.558,6.741
25,"F25_USLL_A24",2021,1,29.206,29.339
25,"F25_USLL_A24",2021,3,27.059,24.047
25,"F25_USLL_A24",2021,4,31.764,26.525
25,"F25_USLL_A24",2022,1,50.789,41.358
25,"F25_USLL_A24",2022,2,35.064,38.121
25,"F25_USLL_A24",2022,3,82.216,69.375
25,"F25_USLL_A24",2022,4,50.24,48.406
25,"F25_USLL_A24",2023,1,36.536,44.982
25,"F25_USLL_A24",2023,2,24.953,26.326
25,"F25_USLL_A24",2023,3,39.902,38.867
25,"F25_USLL_A24",2023,4,29.472,35.351
25,"F25_USLL_A24",2024,2,29.302,31.793
25,"F25_USLL_A24",2024,3,26.226,28.126
25,"F25_USLL_A24",2024,4,29.702,31.926
26,"F26_TWLL_A35",2003,1,20.555,20.171
26,"F26_TWLL_A35",2003,3,3.297,3.271
26,"F26_TWLL_A35",2003,4,18.451,19.548
26,"F26_TWLL_A35",2004,1,87.395,81.978
26,"F26_TWLL_A35",2004,3,57.6,60.865
26,"F26_TWLL_A35",2004,4,103.024,95.868
26,"F26_TWLL_A35",2005,1,65.526,61.538
26,"F26_TWLL_A35",2005,3,6.662,6.672
26,"F26_TWLL_A35",2005,4,94.529,89.103
26,"F26_TWLL_A35",2006,1,49.569,46.971
26,"F26_TWLL_A35",2006,2,117.746,108.338
26,"F26_TWLL_A35",2006,3,11.73,11.744
26,"F26_TWLL_A35",2006,4,76.698,76.963
26,"F26_TWLL_A35",2007,1,209.565,203.032
26,"F26_TWLL_A35",2007,2,27.694,27.989
26,"F26_TWLL_A35",2007,4,110.477,105.971
26,"F26_TWLL_A35",2008,1,82.049,78.259
26,"F26_TWLL_A35",2008,2,48.507,46.337
26,"F26_TWLL_A35",2008,3,13.799,13.504
26,"F26_TWLL_A35",2008,4,31.669,31.983
26,"F26_TWLL_A35",2009,1,127.36,122.177
26,"F26_TWLL_A35",2009,4,14.827,14.854
26,"F26_TWLL_A35",2010,1,96.198,97.675
26,"F26_TWLL_A35",2010,2,15.771,15.8
26,"F26_TWLL_A35",2010,3,23.058,23.383
26,"F26_TWLL_A35",2010,4,36.611,37.072
26,"F26_TWLL_A35",2011,1,48.904,48.532
26,"F26_TWLL_A35",2011,2,4.266,4.243
26,"F26_TWLL_A35",2011,3,23.38,22.925
26,"F26_TWLL_A35",2011,4,28.764,28.526
26,"F26_TWLL_A35",2012,1,88.612,91.862
26,"F26_TWLL_A35",2012,4,52.54,50.835
26,"F26_TWLL_A35",2013,1,74.648,71.915
26,"F26_TWLL_A35",2013,4,62.517,60.211
26,"F26_TWLL_A35",2014,1,83.518,80.414
26,"F26_TWLL_A35",2014,4,35.785,34.933
26,"F26_TWLL_A35",2015,1,23.278,23.502
26,"F26_TWLL_A35",2015,4,25.756,25.736
26,"F26_TWLL_A35",2016,1,27.11,27.182
26,"F26_TWLL_A35",2016,2,6.897,6.899
26,"F26_TWLL_A35",2016,4,22.38,22.401
26,"F26_TWLL_A35",2017,1,35.73,35.714
26,"F26_TWLL_A35",2017,4,45.524,46.109
26,"F26_TWLL_A35",2018,1,107.03,102.159
26,"F26_TWLL_A35",2018,4,68.361,69.268
26,"F26_TWLL_A35",2019,1,182.689,184.697
26,"F26_TWLL_A35",2019,4,196.068,186.831
26,"F26_TWLL_A35",2020,1,38.505,39.925
26,"F26_TWLL_A35",2020,2,5.646,5.735
26,"F26_TWLL_A35",2020,4,367.228,353.999
26,"F26_TWLL_A35",2021,1,43.05,45.326
26,"F26_TWLL_A35",2021,2,35.3,34.394
26,"F26_TWLL_A35",2021,3,5.72,5.668
26,"F26_TWLL_A35",2021,4,54.911,55.401
26,"F26_TWLL_A35",2022,1,43.264,43.214
26,"F26_TWLL_A35",2022,2,70.104,70.79
26,"F26_TWLL_A35",2022,4,47.403,47.819
26,"F26_TWLL_A35",2023,1,29.021,29.304
26,"F26_TWLL_A35",2023,2,3.181,3.192
26,"F26_TWLL_A35",2023,4,199.334,191.026
26,"F26_TWLL_A35",2024,1,132.849,129.745
26,"F26_TWLL_A35",2024,2,36.499,35.773
26,"F26_TWLL_A35",2024,3,29.116,29.771
26,"F26_TWLL_A35",2024,4,100.849,97.343
29,"F29_CNLL_A35",2013,3,307.993,345.941
29,"F29_CNLL_A35",2014,3,29.009,28.198
29,"F29_CNLL_A35",2017,3,11.063,11.504
29,"F29_CNLL_A35",2018,3,11.148,11.591
29,"F29_CNLL_A35",2020,3,250.856,275.027
30,"F30_CNLL_A24",1997,3,32.219,26.852
30,"F30_CNLL_A24",1998,3,7.067,6.815
30,"F30_CNLL_A24",1999,3,16.021,15.149
30,"F30_CNLL_A24",2000,3,8.094,8.601
30,"F30_CNLL_A24",2004,3,26.998,24.247
30,"F30_CNLL_A24",2005,3,8.276,8.142
30,"F30_CNLL_A24",2006,3,34.857,27.73
30,"F30_CNLL_A24",2007,3,11.738,11.72
30,"F30_CNLL_A24",2008,3,6.988,6.815
30,"F30_CNLL_A24",2009,3,11.035,10.351
30,"F30_CNLL_A24",2010,3,8.395,8.053
30,"F30_CNLL_A24",2011,3,9.643,9.282
30,"F30_CNLL_A24",2012,3,8.34,8.063
30,"F30_CNLL_A24",2013,3,6.046,5.987
30,"F30_CNLL_A24",2014,3,25.554,28.524
30,"F30_CNLL_A24",2016,3,4.455,4.454
30,"F30_CNLL_A24",2017,3,9.583,9.327
30,"F30_CNLL_A24",2018,3,11.277,10.974
30,"F30_CNLL_A24",2019,3,5.519,5.516
30,"F30_CNLL_A24",2020,3,21.014,22.295
30,"F30_CNLL_A24",2021,3,11.354,10.52
30,"F30_CNLL_A24",2022,3,99.855,85.366
30,"F30_CNLL_A24",2023,3,4.268,4.238
30,"F30_CNLL_A24",2024,3,17.483,14.79
31,"F31_VULL_mt",2000,3,50.07,46.524
31,"F31_VULL_mt",2014,3,47.347,44.052
31,"F31_VULL_mt",2015,3,5.488,5.281
31,"F31_VULL_mt",2023,3,20.355,20.402
31,"F31_VULL_mt",2024,3,43.22,39.341
34,"F34_EPOSF_xx24",1995,3,67.426,66.946
34,"F34_EPOSF_xx24",1996,2,56.572,60.806
34,"F34_EPOSF_xx24",1996,3,35.661,36.785
34,"F34_EPOSF_xx24",1996,4,67.691,68.413
34,"F34_EPOSF_xx24",1997,2,44.26,43.746
34,"F34_EPOSF_xx24",1997,3,86.067,84.005
34,"F34_EPOSF_xx24",1997,4,15.503,15.36
34,"F34_EPOSF_xx24",1998,3,122.996,133.691
34,"F34_EPOSF_xx24",1998,4,20.556,21.04
34,"F34_EPOSF_xx24",1999,2,41.689,42.16
34,"F34_EPOSF_xx24",1999,3,27.667,28.284
34,"F34_EPOSF_xx24",2000,2,19.477,20.145
34,"F34_EPOSF_xx24",2000,3,210.608,188.418
34,"F34_EPOSF_xx24",2001,2,38.695,36.851
34,"F34_EPOSF_xx24",2001,3,78.194,80.369
34,"F34_EPOSF_xx24",2002,3,21.665,21.44
34,"F34_EPOSF_xx24",2003,3,289.222,286.869
34,"F34_EPOSF_xx24",2004,2,21.924,21.86
34,"F34_EPOSF_xx24",2004,3,66.612,66.122
34,"F34_EPOSF_xx24",2004,4,111.105,111.47
34,"F34_EPOSF_xx24",2005,2,118.417,117.284
34,"F34_EPOSF_xx24",2005,3,208.676,208.906
34,"F34_EPOSF_xx24",2005,4,12.997,13.014
34,"F34_EPOSF_xx24",2006,3,55.055,55.031
34,"F34_EPOSF_xx24",2006,4,58.514,58.719
34,"F34_EPOSF_xx24",2007,2,13.602,13.756
34,"F34_EPOSF_xx24",2007,3,41.701,41.738
34,"F34_EPOSF_xx24",2008,2,8.893,8.848
34,"F34_EPOSF_xx24",2008,3,357.822,362.92
34,"F34_EPOSF_xx24",2008,4,15.972,15.997
34,"F34_EPOSF_xx24",2009,2,35.702,35.585
34,"F34_EPOSF_xx24",2009,3,144.429,143.413
34,"F34_EPOSF_xx24",2009,4,80.81,80.606
34,"F34_EPOSF_xx24",2010,2,16.757,16.844
34,"F34_EPOSF_xx24",2010,3,179.707,181.399
34,"F34_EPOSF_xx24",2010,4,52.41,52.443
34,"F34_EPOSF_xx24",2011,2,62.838,63.191
34,"F34_EPOSF_xx24",2011,3,293.874,286.961
34,"F34_EPOSF_xx24",2011,4,70.99,70.078
34,"F34_EPOSF_xx24",2012,2,88.812,88.901
34,"F34_EPOSF_xx24",2012,3,149.585,150.267
34,"F34_EPOSF_xx24",2012,4,103.537,103.403
34,"F34_EPOSF_xx24",2013,3,119.908,119.725
34,"F34_EPOSF_xx24",2013,4,37.488,37.485
34,"F34_EPOSF_xx24",2014,3,53.194,53.332
34,"F34_EPOSF_xx24",2014,4,30.184,30.203
34,"F34_EPOSF_xx24",2015,2,11.89,11.902
34,"F34_EPOSF_xx24",2015,3,43.675,43.616
34,"F34_EPOSF_xx24",2015,4,39.491,39.374
34,"F34_EPOSF_xx24",2016,2,13.525,13.533
34,"F34_EPOSF_xx24",2016,3,39.736,39.863
34,"F34_EPOSF_xx24",2016,4,29.597,29.727
34,"F34_EPOSF_xx24",2017,2,8.601,8.596
34,"F34_EPOSF_xx24",2017,3,24.304,24.383
34,"F34_EPOSF_xx24",2017,4,18.907,18.882
34,"F34_EPOSF_xx24",2018,2,10.751,10.74
34,"F34_EPOSF_xx24",2018,3,43.92,43.9
34,"F34_EPOSF_xx24",2019,2,16.782,17.035
34,"F34_EPOSF_xx24",2019,3,103.479,105.852
34,"F34_EPOSF_xx24",2019,4,46.439,46.659
34,"F34_EPOSF_xx24",2020,3,33.329,33.381
34,"F34_EPOSF_xx24",2020,4,34.992,35.495
34,"F34_EPOSF_xx24",2021,3,18.247,18.233
34,"F34_EPOSF_xx24",2021,4,7.56,7.531
34,"F34_EPOSF_xx24",2022,3,33.841,34.053
34,"F34_EPOSF_xx24",2022,4,23.821,23.904
34,"F34_EPOSF_xx24",2023,3,44.177,44.064
34,"F34_EPOSF_xx24",2024,3,277.871,275.24
34,"F34_EPOSF_xx24",2024,4,53.894,53.931
35,"F35_JPTWKR_DNMisc",2008,1,19.955,19.814
35,"F35_JPTWKR_DNMisc",2008,2,23.529,23.512
35,"F35_JPTWKR_DNMisc",2008,3,4.871,4.878
35,"F35_JPTWKR_DNMisc",2008,4,22.913,23.008
35,"F35_JPTWKR_DNMisc",2009,1,18.229,18.283
35,"F35_JPTWKR_DNMisc",2009,2,18.66,18.695
35,"F35_JPTWKR_DNMisc",2009,4,83.288,81.796
35,"F35_JPTWKR_DNMisc",2010,2,5.096,5.112
35,"F35_JPTWKR_DNMisc",2010,3,4.48,4.43
35,"F35_JPTWKR_DNMisc",2010,4,39.629,40.644
35,"F35_JPTWKR_DNMisc",2011,1,12.13,12.151
35,"F35_JPTWKR_DNMisc",2011,4,18.62,18.498
35,"F35_JPTWKR_DNMisc",2012,1,12.578,12.708
35,"F35_JPTWKR_DNMisc",2012,2,23.098,23.145
35,"F35_JPTWKR_DNMisc",2014,4,4.373,4.396
35,"F35_JPTWKR_DNMisc",2015,1,5.293,5.258
35,"F35_JPTWKR_DNMisc",2015,3,4.106,4.1
35,"F35_JPTWKR_DNMisc",2015,4,12.202,12.117
35,"F35_JPTWKR_DNMisc",2016,2,2.08,2.087
35,"F35_JPTWKR_DNMisc",2016,4,5.921,5.962
35,"F35_JPTWKR_DNMisc",2017,4,17.97,18.036
35,"F35_JPTWKR_DNMisc",2018,3,7.347,7.518
35,"F35_JPTWKR_DNMisc",2018,4,50.143,50.882
35,"F35_JPTWKR_DNMisc",2022,3,2.73,2.731
35,"F35_JPTWKR_DNMisc",2023,3,2.599,2.605
36,"S36_JPLL_idx_adult",1996,1,21.892,21.902
36,"S36_JPLL_idx_adult",1997,1,22.494,22.829
36,"S36_JPLL_idx_adult",1998,1,21.715,20.268
36,"S36_JPLL_idx_adult",1999,1,19.078,17.943
36,"S36_JPLL_idx_adult",2000,1,18.053,17.53
36,"S36_JPLL_idx_adult",2001,1,16.573,16.19
36,"S36_JPLL_idx_adult",2002,1,16.754,16.597
36,"S36_JPLL_idx_adult",2003,1,16.656,16.871
36,"S36_JPLL_idx_adult",2004,1,16.639,17.024
36,"S36_JPLL_idx_adult",2005,1,16.808,16.827
36,"S36_JPLL_idx_adult",2006,1,16.127,16.008
36,"S36_JPLL_idx_adult",2007,1,15.226,15.265
36,"S36_JPLL_idx_adult",2008,1,13.906,14.191
36,"S36_JPLL_idx_adult",2009,1,14.2,14.387
36,"S36_JPLL_idx_adult",2010,1,15.252,15.297
36,"S36_JPLL_idx_adult",2011,1,16.264,16.287
36,"S36_JPLL_idx_adult",2012,1,16.025,16.188
36,"S36_JPLL_idx_adult",2013,1,15.874,15.99
36,"S36_JPLL_idx_adult",2014,1,15.551,15.604
36,"S36_JPLL_idx_adult",2015,1,15.259,15.272
36,"S36_JPLL_idx_adult",2016,1,15.578,15.553
36,"S36_JPLL_idx_adult",2017,1,17.013,16.96
36,"S36_JPLL_idx_adult",2018,1,18.052,18.061
36,"S36_JPLL_idx_adult",2019,1,19.293,19.271
36,"S36_JPLL_idx_adult",2020,1,17.821,18.35
36,"S36_JPLL_idx_adult",2021,1,13.563,13.742
36,"S36_JPLL_idx_adult",2022,1,16.12,16.168
36,"S36_JPLL_idx_adult",2023,1,19.621,19.679
36,"S36_JPLL_idx_adult",2024,1,19.662,19.925
