"Fleet","Fleet_Name","Yr","Seas","2dAR off","base2026","No age sel","sigma_down.25","sigma_up.25"
1,"F1_JPLL_A13_Q1_wt",1994,1,17.218,25.28,12.653,19.244,34.176
1,"F1_JPLL_A13_Q1_wt",1995,1,3.877,4.287,4.17,4.029,4.698
1,"F1_JPLL_A13_Q1_wt",1996,1,6.686,14.989,6.429,9.664,17.355
1,"F1_JPLL_A13_Q1_wt",1997,1,29.147,52.157,32.862,34.837,62.438
1,"F1_JPLL_A13_Q1_wt",1998,1,37.014,102.617,44.1,43.556,161.249
1,"F1_JPLL_A13_Q1_wt",1999,1,14.416,16.449,12.024,14.824,21.739
1,"F1_JPLL_A13_Q1_wt",2000,1,202.482,222.49,137.008,205.467,267.782
1,"F1_JPLL_A13_Q1_wt",2001,1,64.552,126.658,59.075,66.748,208.827
1,"F1_JPLL_A13_Q1_wt",2002,1,56.11,307.196,45.388,175.433,232.213
1,"F1_JPLL_A13_Q1_wt",2003,1,114.808,162.194,97.004,112.17,240.175
1,"F1_JPLL_A13_Q1_wt",2004,1,44.427,80.503,39.588,57.139,104.153
1,"F1_JPLL_A13_Q1_wt",2005,1,60.049,82.492,44.408,67.974,96.438
1,"F1_JPLL_A13_Q1_wt",2006,1,74.143,250.767,66.236,135.369,322.374
1,"F1_JPLL_A13_Q1_wt",2007,1,250.501,264.592,133.012,248.439,363.924
1,"F1_JPLL_A13_Q1_wt",2008,1,44.457,107.571,41.348,68.183,158.854
1,"F1_JPLL_A13_Q1_wt",2009,1,162.498,499.895,183.245,211.151,699.16
1,"F1_JPLL_A13_Q1_wt",2010,1,116.189,395.973,112.507,179.351,705.391
1,"F1_JPLL_A13_Q1_wt",2011,1,133.647,448.302,178.624,303.657,525.862
1,"F1_JPLL_A13_Q1_wt",2012,1,141.973,257.735,119.551,185.556,327.769
1,"F1_JPLL_A13_Q1_wt",2013,1,174.664,202.924,108.794,161.641,324.277
1,"F1_JPLL_A13_Q1_wt",2014,1,40.526,53.868,35.007,44.377,65.859
1,"F1_JPLL_A13_Q1_wt",2015,1,40.408,217.624,35.513,82.46,529.661
1,"F1_JPLL_A13_Q1_wt",2016,1,66.289,200.948,81.551,107.112,300.81
1,"F1_JPLL_A13_Q1_wt",2017,1,113.501,195.333,114.899,137.028,247.96
1,"F1_JPLL_A13_Q1_wt",2018,1,57.2,91.714,60.506,73.133,111.265
1,"F1_JPLL_A13_Q1_wt",2019,1,26.6,70.26,30.416,35.308,105.206
1,"F1_JPLL_A13_Q1_wt",2020,1,26.522,176.215,29.276,52.08,399.005
1,"F1_JPLL_A13_Q1_wt",2021,1,21.09,64.338,19.352,35.588,76.898
1,"F1_JPLL_A13_Q1_wt",2022,1,13.628,41.306,15.327,27.498,48.81
1,"F1_JPLL_A13_Q1_wt",2023,1,137.133,360.635,132.692,222.761,428.743
1,"F1_JPLL_A13_Q1_wt",2024,1,17.91,43.402,17.21,25.482,62.159
2,"F2_JPLL_A13_Q2_wt",1996,2,16.336,12.227,15.393,15.755,10.576
2,"F2_JPLL_A13_Q2_wt",1997,2,56.199,54.674,52.635,56.142,53.411
2,"F2_JPLL_A13_Q2_wt",2000,2,7.839,7.87,7.893,7.862,7.801
2,"F2_JPLL_A13_Q2_wt",2001,2,102.06,61.528,73.241,75.874,52.843
2,"F2_JPLL_A13_Q2_wt",2002,2,43.882,27.537,38.135,32.904,25.492
2,"F2_JPLL_A13_Q2_wt",2003,2,70.437,52.742,68.948,58.874,50.946
2,"F2_JPLL_A13_Q2_wt",2004,2,23.426,24.405,21.767,23.934,24.675
2,"F2_JPLL_A13_Q2_wt",2005,2,29.125,28.877,27.193,28.52,29.327
2,"F2_JPLL_A13_Q2_wt",2006,2,88.667,88.302,76.835,96.398,82.506
2,"F2_JPLL_A13_Q2_wt",2007,2,266.42,251.599,263.064,280.696,233.868
2,"F2_JPLL_A13_Q2_wt",2008,2,52.954,51.672,54.384,53.53,50.194
2,"F2_JPLL_A13_Q2_wt",2009,2,92.661,90.203,108.554,89.817,91.446
2,"F2_JPLL_A13_Q2_wt",2010,2,114.586,101.309,104.661,115.203,91.346
2,"F2_JPLL_A13_Q2_wt",2011,2,43.745,47.518,44.416,47.855,47.342
2,"F2_JPLL_A13_Q2_wt",2012,2,95.809,98.333,95.436,100.565,96.612
2,"F2_JPLL_A13_Q2_wt",2013,2,76.213,91.104,83.241,86.36,93.094
2,"F2_JPLL_A13_Q2_wt",2014,2,58.722,56.067,56.823,58.157,54.916
2,"F2_JPLL_A13_Q2_wt",2015,2,53.477,54.985,50.791,58.33,51.238
2,"F2_JPLL_A13_Q2_wt",2016,2,35.962,34.08,35.587,34.223,33.993
2,"F2_JPLL_A13_Q2_wt",2017,2,67.481,62.936,72.12,65.781,59.106
2,"F2_JPLL_A13_Q2_wt",2018,2,27.245,26.012,27.498,26.739,25.466
2,"F2_JPLL_A13_Q2_wt",2019,2,49.567,47.399,51.431,48.267,47.88
2,"F2_JPLL_A13_Q2_wt",2020,2,157.684,157.238,144.75,160.814,153.25
2,"F2_JPLL_A13_Q2_wt",2021,2,10.669,10.697,10.759,10.717,10.706
2,"F2_JPLL_A13_Q2_wt",2022,2,6.575,5.867,6.495,6.098,5.786
2,"F2_JPLL_A13_Q2_wt",2023,2,44.322,48.065,44.465,47.371,47.806
2,"F2_JPLL_A13_Q2_wt",2024,2,19.471,19.469,18.83,19.861,19.093
3,"F3_JPLL_A13_Q3_wt",2000,3,44.35,45.609,47.851,45.236,44.916
3,"F3_JPLL_A13_Q3_wt",2001,3,12.08,11.52,11.566,11.733,11.563
3,"F3_JPLL_A13_Q3_wt",2002,3,32.511,25.655,31.393,27.83,24.931
3,"F3_JPLL_A13_Q3_wt",2003,3,11.583,10.091,11.069,10.692,9.749
3,"F3_JPLL_A13_Q3_wt",2004,3,8.25,8.061,8.312,8.195,7.915
3,"F3_JPLL_A13_Q3_wt",2005,3,30.87,34.101,31.72,33.034,34.799
3,"F3_JPLL_A13_Q3_wt",2006,3,15.87,16.585,16.464,16.516,16.55
3,"F3_JPLL_A13_Q3_wt",2007,3,27.226,26.654,28.274,27.113,26.535
3,"F3_JPLL_A13_Q3_wt",2008,3,51.502,52.238,51.776,53.054,51.376
3,"F3_JPLL_A13_Q3_wt",2009,3,9.047,9.164,8.859,9.193,9.144
3,"F3_JPLL_A13_Q3_wt",2010,3,41.719,37.64,39.107,40.002,35.531
3,"F3_JPLL_A13_Q3_wt",2011,3,24.24,25.421,24.328,24.746,25.902
3,"F3_JPLL_A13_Q3_wt",2012,3,17.452,17.791,17.549,17.881,17.729
3,"F3_JPLL_A13_Q3_wt",2013,3,39.05,46.195,42.207,43.611,47.818
3,"F3_JPLL_A13_Q3_wt",2014,3,14.149,12.899,13.461,13.347,12.706
3,"F3_JPLL_A13_Q3_wt",2015,3,20.075,19.763,19.648,20.011,19.671
3,"F3_JPLL_A13_Q3_wt",2016,3,31.407,32.788,31.02,33.23,31.869
3,"F3_JPLL_A13_Q3_wt",2017,3,18.636,19.191,18.941,18.987,19.259
3,"F3_JPLL_A13_Q3_wt",2018,3,11.466,11.732,11.668,11.632,11.81
3,"F3_JPLL_A13_Q3_wt",2019,3,11.721,12.231,11.048,11.984,12.27
3,"F3_JPLL_A13_Q3_wt",2020,3,23.725,24.321,24.599,23.519,24.976
3,"F3_JPLL_A13_Q3_wt",2021,3,23.253,22.646,23.172,23.176,22.273
3,"F3_JPLL_A13_Q3_wt",2022,3,23.259,27.079,23.768,25.65,27.506
3,"F3_JPLL_A13_Q3_wt",2023,3,10.943,12.333,10.868,11.799,12.488
3,"F3_JPLL_A13_Q3_wt",2024,3,37.72,37.766,39.699,36.669,38.729
4,"F4_JPLL_A13_Q4_wt",1996,4,23.176,23.542,24.873,23.759,23.35
4,"F4_JPLL_A13_Q4_wt",1999,4,69.366,80.742,66.504,70.858,88.543
4,"F4_JPLL_A13_Q4_wt",2000,4,47.671,51.801,45.826,48.886,55.184
4,"F4_JPLL_A13_Q4_wt",2001,4,344.052,308.046,304.536,323.685,311.726
4,"F4_JPLL_A13_Q4_wt",2002,4,20.912,23.938,23.066,22.396,25.009
4,"F4_JPLL_A13_Q4_wt",2003,4,34.815,43.123,37.394,38.928,46.02
4,"F4_JPLL_A13_Q4_wt",2004,4,101.725,137.736,103.753,118.594,150.061
4,"F4_JPLL_A13_Q4_wt",2005,4,37.673,43.472,38.059,40.555,45.471
4,"F4_JPLL_A13_Q4_wt",2006,4,94.658,106.012,100.651,101.465,107.513
4,"F4_JPLL_A13_Q4_wt",2007,4,360.418,374.787,460.57,388.88,359.497
4,"F4_JPLL_A13_Q4_wt",2008,4,110.074,91.534,106.1,98.901,87.986
4,"F4_JPLL_A13_Q4_wt",2009,4,319.721,314.646,302.82,318.943,312.503
4,"F4_JPLL_A13_Q4_wt",2010,4,83.306,75.58,85.301,80.033,71.702
4,"F4_JPLL_A13_Q4_wt",2011,4,133.109,137.01,140.868,133.004,139.019
4,"F4_JPLL_A13_Q4_wt",2012,4,80.987,87.61,87.04,85.53,89.673
4,"F4_JPLL_A13_Q4_wt",2013,4,35.228,35.24,37.08,35.258,35.072
4,"F4_JPLL_A13_Q4_wt",2014,4,140.748,117.392,142.468,125.299,114.168
4,"F4_JPLL_A13_Q4_wt",2015,4,82.774,84.642,86.105,89.183,81.571
4,"F4_JPLL_A13_Q4_wt",2016,4,67.952,70.888,66.329,64.807,75.86
4,"F4_JPLL_A13_Q4_wt",2017,4,291.743,249.634,332.648,293.3,215.703
4,"F4_JPLL_A13_Q4_wt",2018,4,241.495,217.162,260.157,223.101,217.273
4,"F4_JPLL_A13_Q4_wt",2019,4,93.457,112.949,86.39,102.863,120.156
4,"F4_JPLL_A13_Q4_wt",2020,4,70.762,78.414,74.803,74.643,81.273
4,"F4_JPLL_A13_Q4_wt",2021,4,48.263,50.001,49.741,48.724,50.756
4,"F4_JPLL_A13_Q4_wt",2022,4,46.428,50.089,46.273,48.828,50.61
4,"F4_JPLL_A13_Q4_wt",2023,4,20.656,25.555,21.641,23.539,26.394
4,"F4_JPLL_A13_Q4_wt",2024,4,33.233,32.06,33.832,32.349,31.972
9,"F9_JPLL_A2_Q1_wt",1994,1,57.71,61.291,59.398,56.576,63.976
9,"F9_JPLL_A2_Q1_wt",1996,1,51.545,58.001,57.06,57.028,58.317
9,"F9_JPLL_A2_Q1_wt",1997,1,46.135,40.108,39.727,39.519,38.389
9,"F9_JPLL_A2_Q1_wt",1999,1,50.245,47.261,50.99,51.41,44.013
9,"F9_JPLL_A2_Q1_wt",2000,1,49.107,53.855,48.932,50.986,55.072
9,"F9_JPLL_A2_Q1_wt",2001,1,194.044,197.443,172.878,196.158,200.334
9,"F9_JPLL_A2_Q1_wt",2002,1,595.583,538.884,530.375,558.639,537.945
9,"F9_JPLL_A2_Q1_wt",2003,1,182.818,239.782,223.982,213.623,251.76
9,"F9_JPLL_A2_Q1_wt",2004,1,59.88,73.801,60.74,67.866,76.408
9,"F9_JPLL_A2_Q1_wt",2005,1,73.711,96.19,74.29,84.976,103.563
9,"F9_JPLL_A2_Q1_wt",2006,1,91.724,112.203,94.884,105.392,116.174
9,"F9_JPLL_A2_Q1_wt",2007,1,57.537,67.003,59.104,64.542,68.076
9,"F9_JPLL_A2_Q1_wt",2008,1,127.007,149.293,130.338,140.886,152.615
9,"F9_JPLL_A2_Q1_wt",2009,1,102.317,89.279,101.313,96.56,85.524
9,"F9_JPLL_A2_Q1_wt",2010,1,327.259,341.835,351.622,334.451,341.328
9,"F9_JPLL_A2_Q1_wt",2011,1,102.898,97.31,104.571,99.426,93.902
9,"F9_JPLL_A2_Q1_wt",2012,1,101.158,109.365,103.797,105.164,111.309
9,"F9_JPLL_A2_Q1_wt",2013,1,279.545,265.097,261.17,283.699,253.011
9,"F9_JPLL_A2_Q1_wt",2014,1,160.662,145.366,143.177,153.513,140.448
9,"F9_JPLL_A2_Q1_wt",2015,1,370.896,421.177,355.859,406.712,428.681
9,"F9_JPLL_A2_Q1_wt",2016,1,212.999,220.851,217.432,203.706,233.172
9,"F9_JPLL_A2_Q1_wt",2017,1,89.194,85.626,86.691,82.03,88.857
9,"F9_JPLL_A2_Q1_wt",2018,1,167.999,157.287,179.979,156.918,156.446
9,"F9_JPLL_A2_Q1_wt",2019,1,117.002,126.819,116.708,122.798,127.104
9,"F9_JPLL_A2_Q1_wt",2020,1,22.94,24.487,22.11,23.628,25.062
9,"F9_JPLL_A2_Q1_wt",2021,1,46.149,39.486,45.441,43.626,36.826
9,"F9_JPLL_A2_Q1_wt",2022,1,330.523,309.004,328.795,322.781,297.504
9,"F9_JPLL_A2_Q1_wt",2023,1,28.419,32.817,28.901,31.088,33.615
9,"F9_JPLL_A2_Q1_wt",2024,1,58.05,56.822,58.398,58.348,56.078
10,"F10_JPLL_A2_Q2_wt_9624",2000,2,27.105,31.962,26.699,27.848,35.672
10,"F10_JPLL_A2_Q2_wt_9624",2001,2,127.871,126.078,125.468,129.66,121.604
10,"F10_JPLL_A2_Q2_wt_9624",2002,2,249.895,242.075,211.013,243.703,247.384
10,"F10_JPLL_A2_Q2_wt_9624",2003,2,15.052,16.318,15.593,15.674,16.684
10,"F10_JPLL_A2_Q2_wt_9624",2004,2,182.755,251.995,204.475,217.69,273.443
10,"F10_JPLL_A2_Q2_wt_9624",2005,2,72.986,87.364,72.53,81.351,89.717
10,"F10_JPLL_A2_Q2_wt_9624",2006,2,104.247,100.931,102.816,103.19,98.532
10,"F10_JPLL_A2_Q2_wt_9624",2007,2,76.611,90.262,78.74,83.907,94.562
10,"F10_JPLL_A2_Q2_wt_9624",2008,2,66.829,67.915,72.356,67.489,67.695
10,"F10_JPLL_A2_Q2_wt_9624",2009,2,190.968,161.893,193.246,174.185,156.141
10,"F10_JPLL_A2_Q2_wt_9624",2010,2,590.805,525.026,578.444,546.579,519.957
10,"F10_JPLL_A2_Q2_wt_9624",2011,2,96.936,91.696,92.889,94.633,90.358
10,"F10_JPLL_A2_Q2_wt_9624",2012,2,87.601,79.159,90.288,83.327,74.845
10,"F10_JPLL_A2_Q2_wt_9624",2013,2,387.487,402.801,393.474,392.498,409.163
10,"F10_JPLL_A2_Q2_wt_9624",2014,2,430.6,391.133,384.221,411.716,381.086
10,"F10_JPLL_A2_Q2_wt_9624",2015,2,159.714,142.103,154.342,147.785,139.579
10,"F10_JPLL_A2_Q2_wt_9624",2016,2,363.546,270.121,356.748,319.203,246.311
10,"F10_JPLL_A2_Q2_wt_9624",2017,2,122.569,142.377,121.804,123.597,158.075
10,"F10_JPLL_A2_Q2_wt_9624",2018,2,178.146,164.224,180.035,174.037,153.249
10,"F10_JPLL_A2_Q2_wt_9624",2019,2,116.639,134.782,115.774,118.348,151.686
10,"F10_JPLL_A2_Q2_wt_9624",2020,2,213.238,234.233,215.103,225.364,236.126
10,"F10_JPLL_A2_Q2_wt_9624",2021,2,29.247,33.853,29.627,31.023,36.236
10,"F10_JPLL_A2_Q2_wt_9624",2022,2,101.361,108.289,100.353,105.935,109.366
10,"F10_JPLL_A2_Q2_wt_9624",2023,2,22.4,21.758,21.839,22.192,21.56
10,"F10_JPLL_A2_Q2_wt_9624",2024,2,43.667,51.217,44.967,48.261,52.378
11,"F11_JPLL_A2_Q3_wt",2001,3,164.113,168.548,150.259,164.986,171.321
11,"F11_JPLL_A2_Q3_wt",2002,3,103.658,96.744,100.569,100.587,94.481
11,"F11_JPLL_A2_Q3_wt",2003,3,61.412,73.638,66.11,67.355,77.437
11,"F11_JPLL_A2_Q3_wt",2004,3,101.75,143.924,105.141,123.162,155.638
11,"F11_JPLL_A2_Q3_wt",2005,3,55.419,69.75,57.71,63.243,73.557
11,"F11_JPLL_A2_Q3_wt",2006,3,125.24,155.629,133.469,143.799,161.473
11,"F11_JPLL_A2_Q3_wt",2007,3,84.245,91.723,87.03,90.652,91.379
11,"F11_JPLL_A2_Q3_wt",2008,3,61.517,62.548,65.238,62.284,62.148
11,"F11_JPLL_A2_Q3_wt",2009,3,116.946,98.625,118.153,107.386,94.217
11,"F11_JPLL_A2_Q3_wt",2010,3,138.906,166.487,135.626,149.281,178.689
11,"F11_JPLL_A2_Q3_wt",2011,3,1158.51,1215.13,1076.34,1223.29,1184.86
11,"F11_JPLL_A2_Q3_wt",2012,3,283.606,255.722,278.478,262.525,245.092
11,"F11_JPLL_A2_Q3_wt",2013,3,198.337,222.984,207.497,205.236,236.346
11,"F11_JPLL_A2_Q3_wt",2014,3,194.357,183.141,176.923,191.26,177.702
11,"F11_JPLL_A2_Q3_wt",2015,3,229.632,206.465,230.323,215.58,201.155
11,"F11_JPLL_A2_Q3_wt",2016,3,269.776,222.934,253.194,233.263,218.48
11,"F11_JPLL_A2_Q3_wt",2017,3,221.828,249.628,225.935,217.184,275.444
11,"F11_JPLL_A2_Q3_wt",2018,3,216.341,256.298,213.123,229.434,274.077
11,"F11_JPLL_A2_Q3_wt",2019,3,117.342,136.188,119.583,124.724,144.993
11,"F11_JPLL_A2_Q3_wt",2020,3,8.989,9.339,9.036,9.12,9.515
11,"F11_JPLL_A2_Q3_wt",2021,3,36.184,42.711,36.683,38.285,46.52
11,"F11_JPLL_A2_Q3_wt",2022,3,55.031,55.556,54.589,56.006,55.276
11,"F11_JPLL_A2_Q3_wt",2023,3,20.824,20.874,20.845,21.138,20.653
11,"F11_JPLL_A2_Q3_wt",2024,3,116.093,148.558,118.375,136.398,152.502
12,"F12_JPLL_A2_Q4_wt",1994,4,44.247,44.329,45.657,48.746,40.826
12,"F12_JPLL_A2_Q4_wt",1996,4,47.756,41.36,40.858,41.421,40.249
12,"F12_JPLL_A2_Q4_wt",1997,4,48.234,51.639,47.654,50.928,53.913
12,"F12_JPLL_A2_Q4_wt",1999,4,49.874,62.308,48.382,51.841,71.867
12,"F12_JPLL_A2_Q4_wt",2001,4,172.394,162.81,160.994,168.553,158.722
12,"F12_JPLL_A2_Q4_wt",2002,4,99.373,106.192,107.564,104.023,105.765
12,"F12_JPLL_A2_Q4_wt",2003,4,36.3,42.684,38.004,39.059,45.314
12,"F12_JPLL_A2_Q4_wt",2004,4,56.813,69.198,57.887,63.439,72.289
12,"F12_JPLL_A2_Q4_wt",2005,4,38.624,46.68,39.622,43.286,48.618
12,"F12_JPLL_A2_Q4_wt",2006,4,288.304,267.672,293.225,283.98,254.341
12,"F12_JPLL_A2_Q4_wt",2007,4,67.333,68.391,72.681,67.718,68.582
12,"F12_JPLL_A2_Q4_wt",2008,4,327.551,318.3,347.09,335.941,304.707
12,"F12_JPLL_A2_Q4_wt",2009,4,295.339,269.373,281.614,285.34,258.566
12,"F12_JPLL_A2_Q4_wt",2010,4,92.049,82.144,91.018,87.95,78.201
12,"F12_JPLL_A2_Q4_wt",2011,4,246.084,260.059,256.096,247.452,267.416
12,"F12_JPLL_A2_Q4_wt",2012,4,54.194,56.558,55.674,55.862,57.332
12,"F12_JPLL_A2_Q4_wt",2013,4,45.615,47.546,48.002,46.579,48.182
12,"F12_JPLL_A2_Q4_wt",2014,4,274.825,291.49,303.122,278.448,299.873
12,"F12_JPLL_A2_Q4_wt",2015,4,142.517,126.623,143.59,131.372,124.098
12,"F12_JPLL_A2_Q4_wt",2016,4,132.698,137.932,130.975,125.665,148.279
12,"F12_JPLL_A2_Q4_wt",2017,4,100.96,112.16,101.352,98.449,124.383
12,"F12_JPLL_A2_Q4_wt",2018,4,117.904,140.316,116.316,123.911,155.427
12,"F12_JPLL_A2_Q4_wt",2019,4,98.149,109.11,93.444,101.746,115.152
12,"F12_JPLL_A2_Q4_wt",2020,4,93.766,103.612,90.47,96.867,108.93
12,"F12_JPLL_A2_Q4_wt",2021,4,96.017,96.009,103.099,95.529,95.329
12,"F12_JPLL_A2_Q4_wt",2022,4,51.657,51.023,50.954,51.894,50.548
12,"F12_JPLL_A2_Q4_wt",2023,4,36.489,35.842,36.212,36.617,35.303
12,"F12_JPLL_A2_Q4_wt",2024,4,58.306,49.627,56.902,53.565,47.898
17,"F17_JPLL_A4_num",1995,3,62.403,65.494,62.82,66.991,64.198
17,"F17_JPLL_A4_num",1995,4,34.332,34.538,33.944,33.19,35.824
17,"F17_JPLL_A4_num",1996,2,8.585,8.614,8.693,8.657,8.541
17,"F17_JPLL_A4_num",1999,4,32.665,32.824,33.754,33.565,32.265
17,"F17_JPLL_A4_num",2000,1,27.874,31.048,28.49,29.373,32.504
17,"F17_JPLL_A4_num",2000,2,119.726,155.041,121.366,128.286,174.537
17,"F17_JPLL_A4_num",2000,4,29.874,33.882,30.349,31.253,36.139
17,"F17_JPLL_A4_num",2001,1,33.616,39.156,34.291,35.207,42.631
17,"F17_JPLL_A4_num",2001,2,37.819,38.92,37.294,37.993,39.298
17,"F17_JPLL_A4_num",2001,3,120.585,139.152,123.907,126.272,149.394
17,"F17_JPLL_A4_num",2001,4,75.489,83.833,78.353,78.559,88.299
17,"F17_JPLL_A4_num",2002,1,41.852,44.747,44.454,43.386,45.841
17,"F17_JPLL_A4_num",2002,2,152.188,144.34,138.454,146.17,142.617
17,"F17_JPLL_A4_num",2002,3,64.726,67.714,71.996,67.434,67.507
17,"F17_JPLL_A4_num",2002,4,141.08,143.563,160.073,146.627,139.565
17,"F17_JPLL_A4_num",2003,1,144.212,150.66,164.783,151.583,147.751
17,"F17_JPLL_A4_num",2003,2,6.753,6.824,6.786,6.78,6.851
17,"F17_JPLL_A4_num",2003,3,26.867,29.053,26.634,27.481,30.176
17,"F17_JPLL_A4_num",2004,1,74.142,80.99,76.322,75.055,85.608
17,"F17_JPLL_A4_num",2004,2,17.037,17.052,17.26,16.851,17.23
17,"F17_JPLL_A4_num",2004,3,165.483,186.625,167.387,174.308,193.757
17,"F17_JPLL_A4_num",2005,1,127.793,147.638,128.845,131.963,161.638
17,"F17_JPLL_A4_num",2005,2,13.083,12.844,13.069,12.94,12.785
17,"F17_JPLL_A4_num",2005,3,129.371,124.489,127.513,124.913,124.293
17,"F17_JPLL_A4_num",2005,4,35.269,40.949,36.276,39.284,41.619
17,"F17_JPLL_A4_num",2006,1,263.876,331.031,282.044,322.434,324.61
17,"F17_JPLL_A4_num",2006,2,38.233,42.321,39.454,41.466,42.415
17,"F17_JPLL_A4_num",2006,3,90.703,92.475,91.021,92.596,91.624
17,"F17_JPLL_A4_num",2006,4,88.38,92.663,88.867,91.774,92.588
17,"F17_JPLL_A4_num",2007,1,80.014,83.082,81.466,83.443,81.892
17,"F17_JPLL_A4_num",2007,2,25.929,26.558,26.205,26.462,26.524
17,"F17_JPLL_A4_num",2007,3,103.476,104.897,103.347,104.162,106.074
17,"F17_JPLL_A4_num",2008,1,50.621,56.533,53.222,55.314,56.708
17,"F17_JPLL_A4_num",2008,2,34.092,34.825,34.454,34.365,35.009
17,"F17_JPLL_A4_num",2008,3,68.715,68.9,69.867,67.634,69.543
17,"F17_JPLL_A4_num",2008,4,101.431,101.617,105.729,99.621,101.913
17,"F17_JPLL_A4_num",2009,1,50.825,51.775,51.989,51.16,51.77
17,"F17_JPLL_A4_num",2009,3,77.393,74.948,76.751,74.867,75.18
17,"F17_JPLL_A4_num",2010,1,4.529,4.552,4.54,4.543,4.553
17,"F17_JPLL_A4_num",2010,2,1.813,1.813,1.817,1.814,1.812
17,"F17_JPLL_A4_num",2010,3,15.961,16.752,15.938,16.133,17.094
17,"F17_JPLL_A4_num",2010,4,67.54,71.962,65.704,68.676,73.918
17,"F17_JPLL_A4_num",2011,1,110.697,115.397,109.063,111.606,117.847
17,"F17_JPLL_A4_num",2011,3,97.563,100.051,98.662,95.061,101.96
17,"F17_JPLL_A4_num",2011,4,18.619,18.934,18.757,18.574,19.15
17,"F17_JPLL_A4_num",2012,1,39.19,39.139,39.266,39.762,38.902
17,"F17_JPLL_A4_num",2012,2,15.898,15.923,15.933,16.042,15.883
17,"F17_JPLL_A4_num",2012,3,282.337,286.231,275.091,278.585,289.809
17,"F17_JPLL_A4_num",2012,4,103.776,101.927,101.762,102.203,101.246
17,"F17_JPLL_A4_num",2013,1,9.357,9.374,9.403,9.3,9.407
17,"F17_JPLL_A4_num",2013,2,30.02,30.811,30.5,31.31,30.756
17,"F17_JPLL_A4_num",2013,3,50.027,50.881,50.649,51.831,50.639
17,"F17_JPLL_A4_num",2014,1,5.086,5.139,5.124,5.093,5.169
17,"F17_JPLL_A4_num",2014,2,16.478,16.405,16.571,16.687,16.253
17,"F17_JPLL_A4_num",2014,4,210.368,213.224,213.717,210.418,213.609
17,"F17_JPLL_A4_num",2015,3,134.726,132.722,130.83,135.487,131.267
17,"F17_JPLL_A4_num",2015,4,20.592,20.419,20.514,20.813,20.175
17,"F17_JPLL_A4_num",2016,2,266.161,277.121,265.234,269.172,282.466
17,"F17_JPLL_A4_num",2016,3,169.191,166.303,167.96,160.982,170.274
17,"F17_JPLL_A4_num",2017,3,167.803,176.416,168.656,164.873,185.796
17,"F17_JPLL_A4_num",2017,4,55.679,60.09,56.805,56.528,62.788
17,"F17_JPLL_A4_num",2018,2,60.897,60.894,60.672,61.397,60.151
17,"F17_JPLL_A4_num",2018,3,28.779,30.009,29.245,28.991,30.754
17,"F17_JPLL_A4_num",2019,1,7.02,7.072,7.04,7.032,7.096
17,"F17_JPLL_A4_num",2019,2,16.391,16.593,16.55,16.284,16.89
17,"F17_JPLL_A4_num",2019,3,214.602,199.6,212.363,211.036,189.628
17,"F17_JPLL_A4_num",2019,4,121.957,137.037,125.813,126.573,147.31
17,"F17_JPLL_A4_num",2020,2,11.957,12.23,12.04,12.166,12.259
17,"F17_JPLL_A4_num",2020,3,34.56,36.572,35.291,35.818,37.085
17,"F17_JPLL_A4_num",2023,2,3.355,3.315,3.374,3.355,3.287
17,"F17_JPLL_A4_num",2023,3,11.175,10.805,11.195,11.164,10.588
17,"F17_JPLL_A4_num",2024,1,11.809,11.588,11.904,11.851,11.415
17,"F17_JPLL_A4_num",2024,2,8.421,8.357,8.465,8.419,8.315
18,"F18_JPLL_A5_num",1995,4,68.646,65.696,66.23,67.425,64.339
18,"F18_JPLL_A5_num",2003,4,67.303,55.063,62.777,60.423,52.263
18,"F18_JPLL_A5_num",2004,2,35.37,32.237,33.657,33.68,31.464
18,"F18_JPLL_A5_num",2004,3,33.008,31.703,35.791,33.002,31.069
18,"F18_JPLL_A5_num",2004,4,147.503,140.551,161.984,146.19,137.32
18,"F18_JPLL_A5_num",2005,4,33.349,35.587,31.727,33.567,36.954
18,"F18_JPLL_A5_num",2006,4,39.323,41.413,39.111,40.758,41.707
18,"F18_JPLL_A5_num",2007,4,10.929,11.267,11.572,11.424,11.1
18,"F18_JPLL_A5_num",2008,4,26.596,27.774,27.958,27.818,27.652
18,"F18_JPLL_A5_num",2009,3,31.604,29.823,28.901,30.214,29.499
18,"F18_JPLL_A5_num",2011,3,26.543,25.536,26.642,25.988,25.165
18,"F18_JPLL_A5_num",2011,4,51.3,54.608,54.981,54.158,54.826
19,"F19_JPPL_A35_Q1",2002,1,24.677,25.979,56.198,25.641,25.954
19,"F19_JPPL_A35_Q1",2004,1,36.6,35.687,20.785,35.581,36.779
19,"F19_JPPL_A35_Q1",2005,1,17.077,16.21,11.672,15.687,16.731
19,"F19_JPPL_A35_Q1",2007,1,8.031,7.953,8.599,8.048,7.97
19,"F19_JPPL_A35_Q1",2022,1,7.052,6.888,7.515,6.936,6.795
19,"F19_JPPL_A35_Q1",2023,1,19.739,21.452,33.879,21.433,21.752
20,"F20_JPPL_A35_Q2",1994,2,2.59,2.651,2.738,2.574,2.681
20,"F20_JPPL_A35_Q2",1995,2,4.775,4.862,6.327,4.926,4.865
20,"F20_JPPL_A35_Q2",1996,2,14.291,18.77,12.125,15.831,19.672
20,"F20_JPPL_A35_Q2",1997,2,83.722,153.862,19.246,112.128,162.809
20,"F20_JPPL_A35_Q2",1998,2,3.83,3.852,4.553,3.853,3.851
20,"F20_JPPL_A35_Q2",1999,2,20.353,24.303,10.546,20.9,33.196
20,"F20_JPPL_A35_Q2",2000,2,2.753,3.078,3.769,2.874,3.405
20,"F20_JPPL_A35_Q2",2001,2,7.34,8.17,8.846,7.609,8.934
20,"F20_JPPL_A35_Q2",2002,2,16.579,33.177,12.155,20.452,42.131
20,"F20_JPPL_A35_Q2",2003,2,85.897,99.48,20.317,81.149,125.28
20,"F20_JPPL_A35_Q2",2004,2,11.169,15.808,8.353,12.84,17.729
20,"F20_JPPL_A35_Q2",2005,2,6.43,12.951,7.746,8.125,22.954
20,"F20_JPPL_A35_Q2",2006,2,41.724,62.898,21.773,41.935,89.025
20,"F20_JPPL_A35_Q2",2007,2,91.954,58.243,21.07,77.347,62.329
20,"F20_JPPL_A35_Q2",2008,2,14.686,24.05,26.486,16.953,36.165
20,"F20_JPPL_A35_Q2",2009,2,66.63,99.658,196.913,75.187,128.632
20,"F20_JPPL_A35_Q2",2010,2,35.862,45.423,23.899,38.266,44.788
20,"F20_JPPL_A35_Q2",2011,2,24.448,27.262,19.984,25.002,29.376
20,"F20_JPPL_A35_Q2",2012,2,22.034,26.658,28.318,23.236,29.853
20,"F20_JPPL_A35_Q2",2013,2,7.547,18.947,9.394,10.438,25.377
20,"F20_JPPL_A35_Q2",2014,2,20.295,30.105,23.03,23.985,38.894
20,"F20_JPPL_A35_Q2",2015,2,20.873,20.968,14.858,20.751,21.875
20,"F20_JPPL_A35_Q2",2016,2,52.751,83.491,18.463,61.604,129.068
20,"F20_JPPL_A35_Q2",2017,2,34.668,50.064,14.548,34.887,77.903
20,"F20_JPPL_A35_Q2",2018,2,13.004,24.745,8.315,15.262,38.013
20,"F20_JPPL_A35_Q2",2019,2,7.438,8.05,5.331,7.49,9.648
20,"F20_JPPL_A35_Q2",2020,2,20.481,22.463,20.174,21.311,21.1
20,"F20_JPPL_A35_Q2",2021,2,3.655,3.616,2.594,3.598,3.67
20,"F20_JPPL_A35_Q2",2022,2,2.613,2.577,2.491,2.6,2.59
20,"F20_JPPL_A35_Q2",2023,2,59.76,56.84,17.866,59.259,57.372
20,"F20_JPPL_A35_Q2",2024,2,9.85,12.611,15.992,10.764,17.433
21,"F21_JPPL_A35_Q3",1994,3,12.296,12.243,15.091,12.276,12.27
21,"F21_JPPL_A35_Q3",1995,3,15.257,24.676,9.333,18.856,28.545
21,"F21_JPPL_A35_Q3",1996,3,19.907,23.77,20.177,21.643,25.229
21,"F21_JPPL_A35_Q3",1997,3,21.613,24.177,31.756,23.203,24.523
21,"F21_JPPL_A35_Q3",1998,3,12.327,11.351,10.811,11.502,11.526
21,"F21_JPPL_A35_Q3",1999,3,33.427,40.593,31.19,40.37,38.152
21,"F21_JPPL_A35_Q3",2000,3,4.551,4.374,5.593,4.334,4.481
21,"F21_JPPL_A35_Q3",2001,3,54.033,45.016,81.514,43.447,49.661
21,"F21_JPPL_A35_Q3",2002,3,9.869,9.482,8.689,9.544,9.53
21,"F21_JPPL_A35_Q3",2003,3,16.515,30.576,27.853,25.671,33.313
21,"F21_JPPL_A35_Q3",2004,3,7.82,7.827,7.813,7.898,7.887
21,"F21_JPPL_A35_Q3",2005,3,6.265,7.158,6.576,6.586,7.47
21,"F21_JPPL_A35_Q3",2006,3,5.204,5.658,4.425,5.41,6.557
21,"F21_JPPL_A35_Q3",2007,3,15.264,17.731,13.407,18.027,16.975
21,"F21_JPPL_A35_Q3",2008,3,21.844,19.862,15.153,20.827,19.692
21,"F21_JPPL_A35_Q3",2009,3,15.367,15.544,10.666,15.585,16.527
21,"F21_JPPL_A35_Q3",2010,3,4.566,4.75,4.591,4.664,4.797
21,"F21_JPPL_A35_Q3",2011,3,6.656,6.949,7.525,6.82,7.126
21,"F21_JPPL_A35_Q3",2012,3,11.733,21.642,9.029,16.758,26.209
21,"F21_JPPL_A35_Q3",2013,3,3.629,3.771,3.718,3.749,3.79
21,"F21_JPPL_A35_Q3",2014,3,33.161,73.85,19.34,57.519,83.653
21,"F21_JPPL_A35_Q3",2015,3,9.034,15.878,7.325,12.557,18.538
21,"F21_JPPL_A35_Q3",2016,3,9.043,15.176,7.726,11.754,19.314
21,"F21_JPPL_A35_Q3",2017,3,6.02,21.105,5.051,12.748,26.335
21,"F21_JPPL_A35_Q3",2018,3,5.73,9.844,5.174,6.996,16.097
21,"F21_JPPL_A35_Q3",2019,3,4.064,8.485,3.676,5.606,11.27
21,"F21_JPPL_A35_Q3",2021,3,8.532,10.505,5.171,9.806,12.385
21,"F21_JPPL_A35_Q3",2023,3,6.562,8.357,4.94,7.926,8.572
21,"F21_JPPL_A35_Q3",2024,3,23.001,22.494,19.402,22.509,22.961
22,"F22_JPPL_A35_Q4",1994,4,7.832,7.665,8.026,7.954,7.42
22,"F22_JPPL_A35_Q4",1995,4,14.756,14.14,7.837,14.492,13.709
22,"F22_JPPL_A35_Q4",1997,4,4.863,4.858,4.717,4.866,4.859
22,"F22_JPPL_A35_Q4",2002,4,8.049,8.78,5.58,8.685,8.736
22,"F22_JPPL_A35_Q4",2003,4,37.257,38.113,19.215,38.1,37.649
22,"F22_JPPL_A35_Q4",2005,4,8.136,8.207,5.908,8.201,8.187
22,"F22_JPPL_A35_Q4",2009,4,4.523,4.506,4.929,4.512,4.504
22,"F22_JPPL_A35_Q4",2019,4,5.046,6.357,3.595,5.661,6.735
22,"F22_JPPL_A35_Q4",2020,4,1.209,1.184,1.315,1.19,1.183
23,"F23_JPPL_A24",1994,2,8.695,8.88,8.952,8.654,8.958
23,"F23_JPPL_A24",1996,2,9.924,9.6,9.377,9.255,9.417
23,"F23_JPPL_A24",1997,2,7.053,7.307,6.618,6.797,7.573
23,"F23_JPPL_A24",2002,1,13.993,13.542,14.042,13.775,13.489
23,"F23_JPPL_A24",2002,2,6.582,6.325,6.346,6.443,6.22
23,"F23_JPPL_A24",2002,4,11.917,11.494,11.361,11.753,11.298
23,"F23_JPPL_A24",2003,1,20.523,18.465,19.355,19.533,17.88
23,"F23_JPPL_A24",2003,2,12.394,12.993,13.009,12.659,13.255
23,"F23_JPPL_A24",2003,4,11.988,13.811,11.9,12.922,14.326
23,"F23_JPPL_A24",2004,1,68.904,80.397,74.916,73.678,85.896
23,"F23_JPPL_A24",2004,2,25.76,21.737,25.402,23.39,20.863
23,"F23_JPPL_A24",2005,1,3.602,3.681,3.585,3.638,3.715
23,"F23_JPPL_A24",2005,2,3.836,3.911,3.844,3.858,3.956
23,"F23_JPPL_A24",2006,2,15.464,14.615,14.758,14.994,14.354
23,"F23_JPPL_A24",2007,2,4.943,5.21,5.017,5.117,5.256
23,"F23_JPPL_A24",2009,2,11.943,12.224,12.442,12.033,12.364
23,"F23_JPPL_A24",2010,2,10.392,10.217,10.772,10.348,10.079
23,"F23_JPPL_A24",2011,2,15.705,17.076,16.091,16.348,17.55
23,"F23_JPPL_A24",2011,3,6.863,7.329,6.965,7.171,7.457
23,"F23_JPPL_A24",2013,2,6.099,5.942,5.992,5.958,5.951
23,"F23_JPPL_A24",2015,2,9.463,8.906,9.359,8.962,8.899
23,"F23_JPPL_A24",2015,3,11.139,11.27,10.945,11.023,11.448
23,"F23_JPPL_A24",2015,4,7.423,7.508,7.352,7.393,7.591
23,"F23_JPPL_A24",2017,2,11.966,11.937,11.916,12.303,11.5
23,"F23_JPPL_A24",2021,2,10.095,10.33,10.214,10.243,10.364
24,"F24_USLL_A35",1994,4,16.839,19.037,18.877,18.899,19.597
24,"F24_USLL_A35",1995,1,23.868,27.676,27.704,26.467,29.229
24,"F24_USLL_A35",1995,2,21.167,24.565,24.886,24.437,25.857
24,"F24_USLL_A35",1996,3,11.064,11.317,10.261,10.751,11.507
24,"F24_USLL_A35",1996,4,34.673,38.657,31.261,32.832,41.247
24,"F24_USLL_A35",1997,1,15.495,17.127,14.722,15.546,18.17
24,"F24_USLL_A35",1997,2,10.565,11.595,10.209,10.687,12.254
24,"F24_USLL_A35",1997,4,63.983,63.381,67.772,66.057,60.802
24,"F24_USLL_A35",1998,1,9.722,10.162,9.491,9.879,10.341
24,"F24_USLL_A35",1998,3,18.741,18.517,18.415,18.522,18.396
24,"F24_USLL_A35",1998,4,79.321,67.368,87.159,76.672,62.239
24,"F24_USLL_A35",1999,1,59.821,57.349,62.228,59.423,56.329
24,"F24_USLL_A35",1999,2,10.13,10.013,10.168,10.08,9.906
24,"F24_USLL_A35",1999,4,51.374,53.716,49.902,52.234,54.718
24,"F24_USLL_A35",2000,1,86.746,91.306,86.978,88.124,94.562
24,"F24_USLL_A35",2000,2,11.225,11.424,11.588,11.314,11.465
24,"F24_USLL_A35",2000,4,65.183,76.085,68.507,70.724,81.18
24,"F24_USLL_A35",2001,1,33.729,38.045,35.559,36.056,39.53
24,"F24_USLL_A35",2004,4,58.936,59.358,60.509,57.9,60.554
24,"F24_USLL_A35",2005,1,17.919,17.702,17.825,17.482,17.96
24,"F24_USLL_A35",2005,2,11.082,11.26,11.242,11.181,11.293
24,"F24_USLL_A35",2005,4,52.539,50.15,50.421,49.711,51.149
24,"F24_USLL_A35",2006,1,151.681,145.451,144.898,141.247,152.647
24,"F24_USLL_A35",2007,1,89.999,99.993,98.048,92.175,103.207
24,"F24_USLL_A35",2007,4,34.633,34.846,36.628,35.551,34.129
24,"F24_USLL_A35",2008,1,81.93,79.435,90.597,82.999,76.391
24,"F24_USLL_A35",2008,2,9.134,8.878,9.182,9.017,8.776
24,"F24_USLL_A35",2008,4,90.725,101.071,90.666,94.28,106.849
24,"F24_USLL_A35",2009,1,40.808,42.536,40.69,41.135,43.84
24,"F24_USLL_A35",2009,2,9.109,9.216,9.21,9.14,9.286
24,"F24_USLL_A35",2009,3,10.413,10.448,10.151,10.463,10.414
24,"F24_USLL_A35",2009,4,20.295,20.31,20.29,20.251,20.339
24,"F24_USLL_A35",2010,1,93.297,91.908,93.748,90.428,92.909
24,"F24_USLL_A35",2010,2,5.226,5.266,5.223,5.255,5.275
24,"F24_USLL_A35",2010,3,12.775,13.184,12.807,13.014,13.328
24,"F24_USLL_A35",2010,4,53.833,50.21,54.301,52.049,48.505
24,"F24_USLL_A35",2011,1,63.568,57.526,61.228,59.773,55.4
24,"F24_USLL_A35",2011,2,5.554,5.565,5.551,5.563,5.569
24,"F24_USLL_A35",2011,4,61.198,61.614,62.916,59.97,62.647
24,"F24_USLL_A35",2012,1,294.984,278.176,309.413,279.798,274.229
24,"F24_USLL_A35",2012,2,4.539,4.481,4.518,4.503,4.459
24,"F24_USLL_A35",2012,3,29.594,29.916,29.214,29.289,30.185
24,"F24_USLL_A35",2012,4,28.757,28.074,28.187,28.089,27.941
24,"F24_USLL_A35",2013,1,9.94,9.275,9.82,9.491,9.142
24,"F24_USLL_A35",2013,2,10.733,11.242,10.8,11,11.396
24,"F24_USLL_A35",2013,4,28.36,28.863,29.815,28.436,29.062
24,"F24_USLL_A35",2014,1,78.69,79.976,83.812,82.389,78.395
24,"F24_USLL_A35",2014,2,8.761,9.227,8.952,9,9.343
24,"F24_USLL_A35",2014,4,11.077,10.795,11.138,10.783,10.819
24,"F24_USLL_A35",2015,1,31.964,32.541,31.515,33.787,31.43
24,"F24_USLL_A35",2015,2,3.827,3.865,3.838,3.824,3.886
24,"F24_USLL_A35",2015,3,8.458,8.64,8.536,8.5,8.725
24,"F24_USLL_A35",2016,1,16.456,16.42,16.529,16.392,16.428
24,"F24_USLL_A35",2016,3,7.861,8.064,7.908,7.891,8.193
24,"F24_USLL_A35",2016,4,11.839,12.148,11.884,11.86,12.375
24,"F24_USLL_A35",2017,1,26.231,27.484,26.016,26.82,27.76
24,"F24_USLL_A35",2017,4,17.429,17.539,17.292,17.803,17.095
24,"F24_USLL_A35",2018,1,25.791,27.396,24.965,26.856,27.525
24,"F24_USLL_A35",2019,1,8.417,8.176,8.499,8.295,8.063
24,"F24_USLL_A35",2020,1,32.617,31.879,33.345,32.396,31.286
24,"F24_USLL_A35",2020,3,16.12,16.788,16.696,16.497,17.041
24,"F24_USLL_A35",2020,4,4.774,4.847,4.756,4.825,4.855
24,"F24_USLL_A35",2021,1,24.719,25.609,24.489,25.381,25.708
24,"F24_USLL_A35",2021,2,22.882,23.163,22.514,23.16,23.148
24,"F24_USLL_A35",2021,4,34.439,39.361,34.823,37.578,40.148
24,"F24_USLL_A35",2022,1,15.384,15.607,15.464,15.51,15.658
24,"F24_USLL_A35",2022,4,28.465,31.893,30.041,30.506,32.658
24,"F24_USLL_A35",2023,1,33.717,28.09,32.242,29.923,27.348
24,"F24_USLL_A35",2023,2,46.086,59.293,47.106,54.88,60.601
24,"F24_USLL_A35",2023,4,7.651,7.593,7.521,7.657,7.537
24,"F24_USLL_A35",2024,1,41.507,46.229,40.929,44.84,46.441
24,"F24_USLL_A35",2024,4,30.138,27.912,30.418,29.157,27.01
25,"F25_USLL_A24",1994,1,33.687,33.977,33.431,34.551,33.758
25,"F25_USLL_A24",1994,2,11.017,10.701,10.913,10.633,10.713
25,"F25_USLL_A24",1994,3,60.526,54.348,58.854,52.989,54.192
25,"F25_USLL_A24",1994,4,31.328,34.154,32.059,35.296,33.839
25,"F25_USLL_A24",1995,1,90.481,91.832,90.654,86.22,96.432
25,"F25_USLL_A24",1995,2,73.579,76.875,74.758,75.661,77.843
25,"F25_USLL_A24",1995,3,36.242,39.022,37.23,38.907,39.44
25,"F25_USLL_A24",1995,4,21.414,22.688,21.856,22.235,23.244
25,"F25_USLL_A24",1996,1,118.847,124.971,122.874,133.928,117.534
25,"F25_USLL_A24",1996,2,69.277,76.555,76.286,80.285,74.77
25,"F25_USLL_A24",1996,3,45.586,49.4,48.51,49.779,49.763
25,"F25_USLL_A24",1996,4,140.88,154.882,145.765,146.096,167.836
25,"F25_USLL_A24",1997,1,113.591,129.872,134.063,139.414,127.02
25,"F25_USLL_A24",1997,2,40.688,45.478,46.335,46.814,46.047
25,"F25_USLL_A24",1997,3,6.554,6.748,6.829,6.846,6.723
25,"F25_USLL_A24",1997,4,23.346,24.556,24.317,24.53,25.333
25,"F25_USLL_A24",1998,1,49.287,53.339,54.72,54.982,54.001
25,"F25_USLL_A24",1998,2,19.056,20.289,20.422,20.6,20.506
25,"F25_USLL_A24",1998,3,34.094,36.198,38.281,37.977,36.136
25,"F25_USLL_A24",1998,4,40.808,39.253,44.555,42.155,37.517
25,"F25_USLL_A24",1999,1,51.584,46.844,55.314,51.334,43.729
25,"F25_USLL_A24",1999,2,19.978,21.372,20.759,21.253,21.929
25,"F25_USLL_A24",1999,3,58.494,62.201,58.565,60.384,63.975
25,"F25_USLL_A24",1999,4,32.336,28.529,33.52,31.299,26.433
25,"F25_USLL_A24",2000,1,34.078,30.949,35.267,33.631,29.009
25,"F25_USLL_A24",2000,2,33.409,35.004,33.083,33.788,35.843
25,"F25_USLL_A24",2000,4,136.962,172.61,134.653,146.16,196.656
25,"F25_USLL_A24",2001,2,36.263,40.922,35.864,36.91,44.423
25,"F25_USLL_A24",2001,3,214.552,235.62,221.292,218.35,241.864
25,"F25_USLL_A24",2001,4,78.774,75.78,81.572,79.812,72.205
25,"F25_USLL_A24",2002,1,117.699,125.29,120.482,116.918,130.356
25,"F25_USLL_A24",2002,2,49.348,50.575,51.046,48.857,51.486
25,"F25_USLL_A24",2002,3,86.873,92.648,86.987,87.622,96.33
25,"F25_USLL_A24",2002,4,90.142,93.9,84.778,92.601,96.618
25,"F25_USLL_A24",2003,1,60.497,60.736,62.857,59.893,60.706
25,"F25_USLL_A24",2003,2,90.896,86.113,95.66,87.975,83.575
25,"F25_USLL_A24",2003,3,45.297,48.068,43.752,46.532,49.732
25,"F25_USLL_A24",2003,4,14.631,15.81,14.683,15.176,16.386
25,"F25_USLL_A24",2004,1,456.489,407.563,520.012,438.241,369.785
25,"F25_USLL_A24",2004,2,99.402,114.91,106.854,106.68,120.934
25,"F25_USLL_A24",2004,3,10.444,11.115,10.73,10.748,11.447
25,"F25_USLL_A24",2004,4,7.877,8.315,8.082,8.071,8.535
25,"F25_USLL_A24",2005,1,27.507,29.4,28.745,28.266,30.555
25,"F25_USLL_A24",2005,2,30.351,33.331,31.566,31.562,35.132
25,"F25_USLL_A24",2005,3,41.694,45.935,43.367,43.382,48.601
25,"F25_USLL_A24",2005,4,21.75,21.663,22.491,21.546,22.033
25,"F25_USLL_A24",2006,1,80.495,82.594,83.987,80.841,85.166
25,"F25_USLL_A24",2006,2,114.279,131.499,115.28,122.612,138.386
25,"F25_USLL_A24",2006,3,80.46,84.613,82.268,81.978,87.485
25,"F25_USLL_A24",2006,4,17.919,17.547,18.114,17.667,17.554
25,"F25_USLL_A24",2007,1,70.65,74.972,69.9,73.45,75.234
25,"F25_USLL_A24",2007,2,58.252,57.498,57.037,58.47,56.068
25,"F25_USLL_A24",2007,3,117.779,114.224,121.606,114.506,116.497
25,"F25_USLL_A24",2007,4,164.691,159.716,174.605,158.541,165.681
25,"F25_USLL_A24",2008,1,58.045,61.148,56.63,60.254,60.602
25,"F25_USLL_A24",2008,2,95.848,101.094,92.878,99.415,100.501
25,"F25_USLL_A24",2008,3,11.639,11.639,11.591,11.65,11.617
25,"F25_USLL_A24",2008,4,27.26,27.41,28.375,27.161,27.846
25,"F25_USLL_A24",2009,1,27.91,28.967,29.082,28.449,29.385
25,"F25_USLL_A24",2009,2,68.914,70.192,71.687,69.118,71.471
25,"F25_USLL_A24",2009,4,15.353,15.698,15.526,15.55,15.784
25,"F25_USLL_A24",2010,1,44.643,49.836,47.678,47.348,51.584
25,"F25_USLL_A24",2010,2,144.662,121.997,137.278,131.656,116.617
25,"F25_USLL_A24",2010,4,63.157,71.518,67.293,67.386,74.148
25,"F25_USLL_A24",2011,1,119.332,122.481,127.59,121.294,121.984
25,"F25_USLL_A24",2011,2,133.041,114.514,127.757,123.595,108.878
25,"F25_USLL_A24",2011,3,31.084,32.258,32.715,31.706,32.481
25,"F25_USLL_A24",2011,4,22.479,24.171,23.752,23.284,24.739
25,"F25_USLL_A24",2012,1,102.814,107.889,112.06,105.66,108.643
25,"F25_USLL_A24",2012,2,86.615,99.814,93.067,92.287,105.446
25,"F25_USLL_A24",2012,3,24.622,25.63,25.664,25.057,25.901
25,"F25_USLL_A24",2012,4,46.163,49.473,49.494,47.544,50.516
25,"F25_USLL_A24",2013,1,125.668,140.941,140.217,131.673,146.232
25,"F25_USLL_A24",2013,2,112.177,107.209,106.921,110.794,105.366
25,"F25_USLL_A24",2013,3,22.78,23.536,23.374,23.165,23.79
25,"F25_USLL_A24",2013,4,49.111,53.037,51.999,50.758,54.614
25,"F25_USLL_A24",2014,1,49.485,49.432,49.54,49.816,49.177
25,"F25_USLL_A24",2014,2,112.829,117.059,114.629,114.144,118.878
25,"F25_USLL_A24",2014,3,35.109,37.404,36.815,36.336,38.185
25,"F25_USLL_A24",2014,4,17.78,18.108,18.022,17.97,18.201
25,"F25_USLL_A24",2015,1,95.113,97.462,97.708,96.942,97.718
25,"F25_USLL_A24",2015,2,171.44,186.301,190.441,180.7,189.57
25,"F25_USLL_A24",2015,3,23.151,23.789,23.91,23.506,24
25,"F25_USLL_A24",2015,4,46.993,47.322,48.094,47.377,47.191
25,"F25_USLL_A24",2016,1,171.471,153.271,165.694,163.52,146.562
25,"F25_USLL_A24",2016,2,311.414,297.981,288.406,304.75,288.885
25,"F25_USLL_A24",2016,3,135.785,143.556,135.302,138.296,146.24
25,"F25_USLL_A24",2016,4,9.468,9.199,9.349,9.371,9.083
25,"F25_USLL_A24",2017,1,36.175,34.844,35.794,36.326,33.777
25,"F25_USLL_A24",2017,2,22.97,22.416,22.991,23.095,21.944
25,"F25_USLL_A24",2017,3,18.273,17.849,17.718,18.019,17.66
25,"F25_USLL_A24",2018,1,18.497,18.201,18.01,18.295,18.032
25,"F25_USLL_A24",2018,2,29.58,28.932,29.806,29.735,28.234
25,"F25_USLL_A24",2018,3,26.336,26.251,26.839,26.913,25.757
25,"F25_USLL_A24",2018,4,36.297,35.199,35.25,35.504,34.707
25,"F25_USLL_A24",2019,1,18.382,17.984,18.251,18.308,17.688
25,"F25_USLL_A24",2019,2,15.394,15.139,15.634,15.531,14.827
25,"F25_USLL_A24",2019,3,25.943,25.48,25.067,25.165,25.608
25,"F25_USLL_A24",2019,4,14.682,14.591,14.329,14.381,14.728
25,"F25_USLL_A24",2020,1,26.75,26.704,27.277,27.22,26.298
25,"F25_USLL_A24",2020,3,33.844,34.04,32.502,33.026,34.786
25,"F25_USLL_A24",2020,4,6.535,6.558,6.46,6.503,6.593
25,"F25_USLL_A24",2021,1,28.342,29.206,27.77,28.411,29.769
25,"F25_USLL_A24",2021,3,24.491,27.059,24.567,25.498,28.351
25,"F25_USLL_A24",2021,4,27.835,31.764,28.385,29.516,33.641
25,"F25_USLL_A24",2022,1,43.889,50.789,44.92,46.865,53.975
25,"F25_USLL_A24",2022,2,36.61,35.064,36.258,35.894,34.267
25,"F25_USLL_A24",2022,3,72.565,82.216,73.628,77.157,85.601
25,"F25_USLL_A24",2022,4,50.571,50.24,49.442,50.853,49.493
25,"F25_USLL_A24",2023,1,44.149,36.536,41.83,40.74,33.861
25,"F25_USLL_A24",2023,2,26.14,24.953,25.624,25.68,24.377
25,"F25_USLL_A24",2023,3,37.712,39.902,38.065,39.032,40.096
25,"F25_USLL_A24",2023,4,33.286,29.472,32.376,31.765,27.907
25,"F25_USLL_A24",2024,2,29.906,29.302,29.776,30.022,28.631
25,"F25_USLL_A24",2024,3,26.75,26.226,26.898,26.834,25.704
25,"F25_USLL_A24",2024,4,30.169,29.702,30.304,30.363,29.1
26,"F26_TWLL_A35",2003,1,21.673,20.555,21.273,21.323,19.915
26,"F26_TWLL_A35",2003,3,3.48,3.297,3.46,3.374,3.259
26,"F26_TWLL_A35",2003,4,16.064,18.451,16.771,17.397,19.123
26,"F26_TWLL_A35",2004,1,98.237,87.395,89.512,93.018,83.449
26,"F26_TWLL_A35",2004,3,50.522,57.6,51.228,54.354,59.737
26,"F26_TWLL_A35",2004,4,115.033,103.024,126.708,109.325,97.54
26,"F26_TWLL_A35",2005,1,70.279,65.526,69.914,69.212,62.213
26,"F26_TWLL_A35",2005,3,6.673,6.662,6.805,6.643,6.683
26,"F26_TWLL_A35",2005,4,99.813,94.529,88.264,95.445,94.072
26,"F26_TWLL_A35",2006,1,51.722,49.569,47.731,47.85,51.455
26,"F26_TWLL_A35",2006,2,125.069,117.746,118.639,113.101,121.898
26,"F26_TWLL_A35",2006,3,11.604,11.73,11.541,11.782,11.66
26,"F26_TWLL_A35",2006,4,73.618,76.698,76.76,72.388,78.842
26,"F26_TWLL_A35",2007,1,197.338,209.565,209.7,193.659,216.185
26,"F26_TWLL_A35",2007,2,26.903,27.694,26.93,26.783,28.152
26,"F26_TWLL_A35",2007,4,102.61,110.477,97.366,108.236,109.59
26,"F26_TWLL_A35",2008,1,76.86,82.049,70.58,80.632,81.311
26,"F26_TWLL_A35",2008,2,45.268,48.507,42.566,47.418,48.555
26,"F26_TWLL_A35",2008,3,13.127,13.799,12.814,13.517,13.932
26,"F26_TWLL_A35",2008,4,32.51,31.669,33.447,32.714,30.905
26,"F26_TWLL_A35",2009,1,110.516,127.36,107.623,120.715,130.568
26,"F26_TWLL_A35",2009,4,14.122,14.827,14.069,14.483,15.119
26,"F26_TWLL_A35",2010,1,97.321,96.198,93.638,95.58,96.29
26,"F26_TWLL_A35",2010,2,16.629,15.771,16.041,16.082,15.478
26,"F26_TWLL_A35",2010,3,21.969,23.058,22.705,22.831,23.347
26,"F26_TWLL_A35",2010,4,35.716,36.611,37.348,36.932,36.441
26,"F26_TWLL_A35",2011,1,50.452,48.904,50.209,49.97,47.892
26,"F26_TWLL_A35",2011,2,4.281,4.266,4.252,4.244,4.277
26,"F26_TWLL_A35",2011,3,23.894,23.38,24.139,23.137,23.452
26,"F26_TWLL_A35",2011,4,29.877,28.764,30.189,28.876,28.607
26,"F26_TWLL_A35",2012,1,90.815,88.612,95.447,90.755,87.652
26,"F26_TWLL_A35",2012,4,48.6,52.54,50.002,49.913,54.669
26,"F26_TWLL_A35",2013,1,65.015,74.648,67.894,69.618,78.664
26,"F26_TWLL_A35",2013,4,50.68,62.517,56.464,57.345,65.95
26,"F26_TWLL_A35",2014,1,66.347,83.518,76.232,75.387,88.616
26,"F26_TWLL_A35",2014,4,35.221,35.785,36.037,34.086,36.962
26,"F26_TWLL_A35",2015,1,23.667,23.278,22.968,23.894,22.955
26,"F26_TWLL_A35",2015,4,25.218,25.756,25.906,24.608,26.691
26,"F26_TWLL_A35",2016,1,29.362,27.11,29.503,28.053,26.423
26,"F26_TWLL_A35",2016,2,7.102,6.897,7.083,7.032,6.782
26,"F26_TWLL_A35",2016,4,21.094,22.38,21.066,22.034,22.392
26,"F26_TWLL_A35",2017,1,37.954,35.73,38.119,36.099,35.858
26,"F26_TWLL_A35",2017,4,44.206,45.524,45.361,46.469,43.649
26,"F26_TWLL_A35",2018,1,110.991,107.03,101.09,107.303,107.802
26,"F26_TWLL_A35",2018,4,77.212,68.361,82.725,73.221,64.552
26,"F26_TWLL_A35",2019,1,232.434,182.689,253.009,205.73,167.686
26,"F26_TWLL_A35",2019,4,204.747,196.068,184.948,204.052,184.349
26,"F26_TWLL_A35",2020,1,38.809,38.505,42.644,37.896,38.79
26,"F26_TWLL_A35",2020,2,5.727,5.646,5.829,5.652,5.628
26,"F26_TWLL_A35",2020,4,336.549,367.228,335.191,348.746,375.045
26,"F26_TWLL_A35",2021,1,45.218,43.05,45.474,43.904,42.333
26,"F26_TWLL_A35",2021,2,33.451,35.3,33.676,34.512,35.975
26,"F26_TWLL_A35",2021,3,5.814,5.72,5.713,5.751,5.693
26,"F26_TWLL_A35",2021,4,59.954,54.911,60.435,55.976,54.682
26,"F26_TWLL_A35",2022,1,47.944,43.264,47.349,44.152,43.29
26,"F26_TWLL_A35",2022,2,58.625,70.104,61.935,64.937,73.252
26,"F26_TWLL_A35",2022,4,36.28,47.403,37.021,43.283,48.722
26,"F26_TWLL_A35",2023,1,25.749,29.021,26.783,27.782,29.486
26,"F26_TWLL_A35",2023,2,3.159,3.181,3.222,3.161,3.197
26,"F26_TWLL_A35",2023,4,143.422,199.334,131.034,181.688,198.544
26,"F26_TWLL_A35",2024,1,113.705,132.849,125.163,118.319,143.074
26,"F26_TWLL_A35",2024,2,32.993,36.499,31.407,35.388,36.602
26,"F26_TWLL_A35",2024,3,30.869,29.116,30.795,30.223,28.516
26,"F26_TWLL_A35",2024,4,89.849,100.849,95.004,92.383,106.321
29,"F29_CNLL_A35",2013,3,180.233,307.993,162.906,248.504,325.454
29,"F29_CNLL_A35",2014,3,28.015,29.009,34.346,28.74,28.548
29,"F29_CNLL_A35",2017,3,9.805,11.063,9.041,10.46,11.443
29,"F29_CNLL_A35",2018,3,9.975,11.148,9.016,10.592,11.509
29,"F29_CNLL_A35",2020,3,114.133,250.856,116.181,163.92,320.278
30,"F30_CNLL_A24",1997,3,29.858,32.219,26.622,28.77,34.766
30,"F30_CNLL_A24",1998,3,6.961,7.067,6.81,6.953,7.172
30,"F30_CNLL_A24",1999,3,15.48,16.021,14.985,15.429,16.428
30,"F30_CNLL_A24",2000,3,7.955,8.094,8.278,8.164,8.044
30,"F30_CNLL_A24",2004,3,25.512,26.998,23.887,25.167,28.299
30,"F30_CNLL_A24",2005,3,8.182,8.276,8.103,8.216,8.342
30,"F30_CNLL_A24",2006,3,31.633,34.857,27.548,30.044,38.434
30,"F30_CNLL_A24",2007,3,11.752,11.738,11.73,11.833,11.711
30,"F30_CNLL_A24",2008,3,6.901,6.988,6.788,6.892,7.06
30,"F30_CNLL_A24",2009,3,10.773,11.035,10.347,10.688,11.309
30,"F30_CNLL_A24",2010,3,8.276,8.395,8.056,8.246,8.523
30,"F30_CNLL_A24",2011,3,9.489,9.643,9.263,9.48,9.79
30,"F30_CNLL_A24",2012,3,8.311,8.34,8.126,8.29,8.412
30,"F30_CNLL_A24",2013,3,6.001,6.046,5.961,6.01,6.072
30,"F30_CNLL_A24",2014,3,28.84,25.554,30.629,29.296,23.604
30,"F30_CNLL_A24",2016,3,4.431,4.455,4.431,4.449,4.461
30,"F30_CNLL_A24",2017,3,9.435,9.583,9.271,9.432,9.694
30,"F30_CNLL_A24",2018,3,11.06,11.277,10.878,11.075,11.424
30,"F30_CNLL_A24",2019,3,5.484,5.519,5.483,5.51,5.529
30,"F30_CNLL_A24",2020,3,20.693,21.014,21.429,21.329,20.831
30,"F30_CNLL_A24",2021,3,11.117,11.354,10.572,10.973,11.66
30,"F30_CNLL_A24",2022,3,101.76,99.855,91.287,99.042,100.045
30,"F30_CNLL_A24",2023,3,4.146,4.268,4.162,4.178,4.323
30,"F30_CNLL_A24",2024,3,16.46,17.483,14.803,15.797,18.682
31,"F31_VULL_mt",2000,3,47.418,50.07,51.987,49.282,49.422
31,"F31_VULL_mt",2014,3,45.164,47.347,49.686,46.839,46.587
31,"F31_VULL_mt",2015,3,5.478,5.488,5.66,5.501,5.464
31,"F31_VULL_mt",2023,3,19.535,20.355,19.75,19.961,20.454
31,"F31_VULL_mt",2024,3,41.807,43.22,46.514,43.062,42.423
34,"F34_EPOSF_xx24",1995,3,61.145,67.426,45.268,66.667,61.759
34,"F34_EPOSF_xx24",1996,2,36.62,56.572,39.327,42.469,73.604
34,"F34_EPOSF_xx24",1996,3,28.292,35.661,27.758,31.599,38.94
34,"F34_EPOSF_xx24",1996,4,57.844,67.691,54.125,63.944,68.911
34,"F34_EPOSF_xx24",1997,2,46.895,44.26,70.668,46.507,43.24
34,"F34_EPOSF_xx24",1997,3,123.402,86.067,209.303,102.874,80.41
34,"F34_EPOSF_xx24",1997,4,19.459,15.503,21.15,16.657,15.055
34,"F34_EPOSF_xx24",1998,3,112.73,122.996,140.68,117.991,132.999
34,"F34_EPOSF_xx24",1998,4,19.561,20.556,19.125,20.572,20.989
34,"F34_EPOSF_xx24",1999,2,35.065,41.689,38.047,35.857,45.754
34,"F34_EPOSF_xx24",1999,3,24.451,27.667,29.05,23.572,36.168
34,"F34_EPOSF_xx24",2000,2,20.131,19.477,21.069,20.72,17.417
34,"F34_EPOSF_xx24",2000,3,42.012,210.608,75.658,98.407,444.896
34,"F34_EPOSF_xx24",2001,2,46.518,38.695,55.912,38.674,38.063
34,"F34_EPOSF_xx24",2001,3,64.623,78.194,63,76.01,78.007
34,"F34_EPOSF_xx24",2002,3,18.528,21.665,17.068,20.949,21.695
34,"F34_EPOSF_xx24",2003,3,257.479,289.222,171.966,320.136,205.026
34,"F34_EPOSF_xx24",2004,2,17.149,21.924,19.922,19.039,23.988
34,"F34_EPOSF_xx24",2004,3,41.482,66.612,50.029,51.465,80.835
34,"F34_EPOSF_xx24",2004,4,100.8,111.105,111.154,104.88,111.679
34,"F34_EPOSF_xx24",2005,2,64.282,118.417,44.569,146.823,98.932
34,"F34_EPOSF_xx24",2005,3,60.325,208.676,52.33,154.346,225.229
34,"F34_EPOSF_xx24",2005,4,9.907,12.997,10.108,11.691,13.63
34,"F34_EPOSF_xx24",2006,3,44.883,55.055,46.229,50.215,58.119
34,"F34_EPOSF_xx24",2006,4,46.311,58.514,44.528,53.225,62.111
34,"F34_EPOSF_xx24",2007,2,12.272,13.602,11.315,13.118,14.64
34,"F34_EPOSF_xx24",2007,3,42.319,41.701,41.486,42.261,41.867
34,"F34_EPOSF_xx24",2008,2,8.485,8.893,8.816,8.835,8.698
34,"F34_EPOSF_xx24",2008,3,382.611,357.822,406.583,356.151,376.638
34,"F34_EPOSF_xx24",2008,4,18.981,15.972,20.172,16.19,15.927
34,"F34_EPOSF_xx24",2009,2,29.315,35.702,31.938,32.62,36.917
34,"F34_EPOSF_xx24",2009,3,100.752,144.429,101.095,123.516,161.517
34,"F34_EPOSF_xx24",2009,4,126.068,80.81,134.367,90.509,74.991
34,"F34_EPOSF_xx24",2010,2,12.845,16.757,11.951,15.371,18.18
34,"F34_EPOSF_xx24",2010,3,136.048,179.707,121.337,167.727,187.768
34,"F34_EPOSF_xx24",2010,4,47.284,52.41,49.073,48.832,53.855
34,"F34_EPOSF_xx24",2011,2,62.346,62.838,57.284,63.536,62.179
34,"F34_EPOSF_xx24",2011,3,285.378,293.874,336.751,276.913,299.151
34,"F34_EPOSF_xx24",2011,4,67.645,70.99,77.269,67.908,72.253
34,"F34_EPOSF_xx24",2012,2,78.02,88.812,72.289,86.988,91.002
34,"F34_EPOSF_xx24",2012,3,165.569,149.585,162.393,152.792,148.394
34,"F34_EPOSF_xx24",2012,4,101.748,103.537,105.611,103.143,102.59
34,"F34_EPOSF_xx24",2013,3,69.379,119.908,70.331,110.382,122.314
34,"F34_EPOSF_xx24",2013,4,36.853,37.488,38.321,37.733,37.645
34,"F34_EPOSF_xx24",2014,3,51.263,53.194,51.503,51.47,54.748
34,"F34_EPOSF_xx24",2014,4,28.681,30.184,29.355,29,30.506
34,"F34_EPOSF_xx24",2015,2,11.193,11.89,11.67,11.626,11.95
34,"F34_EPOSF_xx24",2015,3,39.449,43.675,42.949,41.31,45.388
34,"F34_EPOSF_xx24",2015,4,41.806,39.491,42.428,40.111,38.252
34,"F34_EPOSF_xx24",2016,2,12.57,13.525,13.007,13.022,13.781
34,"F34_EPOSF_xx24",2016,3,36.263,39.736,36.121,38.363,40.705
34,"F34_EPOSF_xx24",2016,4,31.61,29.597,33.106,29.756,29.167
34,"F34_EPOSF_xx24",2017,2,8.338,8.601,9.081,8.526,8.54
34,"F34_EPOSF_xx24",2017,3,23.229,24.304,24.716,23.338,24.967
34,"F34_EPOSF_xx24",2017,4,19.793,18.907,21.068,18.693,18.948
34,"F34_EPOSF_xx24",2018,2,10.521,10.751,10.917,10.581,10.799
34,"F34_EPOSF_xx24",2018,3,42.062,43.92,45.3,42.188,45.166
34,"F34_EPOSF_xx24",2019,2,15.034,16.782,15.4,15.91,17.209
34,"F34_EPOSF_xx24",2019,3,84.659,103.479,83.191,96.568,107.18
34,"F34_EPOSF_xx24",2019,4,43.628,46.439,40.815,45.928,46.786
34,"F34_EPOSF_xx24",2020,3,24.941,33.329,23.88,30.418,35.697
34,"F34_EPOSF_xx24",2020,4,41.898,34.992,42.064,38.208,32.621
34,"F34_EPOSF_xx24",2021,3,20.05,18.247,19.007,18.906,18.198
34,"F34_EPOSF_xx24",2021,4,8.258,7.56,8.032,7.691,7.56
34,"F34_EPOSF_xx24",2022,3,30.054,33.841,29.378,32.542,34.801
34,"F34_EPOSF_xx24",2022,4,22.025,23.821,21.597,23.116,24.462
34,"F34_EPOSF_xx24",2023,3,49.62,44.177,45.699,47.417,41.66
34,"F34_EPOSF_xx24",2024,3,199.083,277.871,252.53,227.526,320.849
34,"F34_EPOSF_xx24",2024,4,53.718,53.894,48.981,55.534,52.908
35,"F35_JPTWKR_DNMisc",2008,1,19.154,19.955,18.483,19.92,19.693
35,"F35_JPTWKR_DNMisc",2008,2,23.859,23.529,22.386,23.481,23.918
35,"F35_JPTWKR_DNMisc",2008,3,4.887,4.871,4.854,4.85,4.958
35,"F35_JPTWKR_DNMisc",2008,4,22.208,22.913,30.533,22.884,22.717
35,"F35_JPTWKR_DNMisc",2009,1,17.273,18.229,18.825,17.735,18.599
35,"F35_JPTWKR_DNMisc",2009,2,18.419,18.66,19.15,18.534,18.78
35,"F35_JPTWKR_DNMisc",2009,4,90.159,83.288,59.92,88.339,82.04
35,"F35_JPTWKR_DNMisc",2010,2,5.081,5.096,5.262,5.115,5.09
35,"F35_JPTWKR_DNMisc",2010,3,4.635,4.48,4.108,4.454,4.546
35,"F35_JPTWKR_DNMisc",2010,4,36.495,39.629,65.873,40.16,38.464
35,"F35_JPTWKR_DNMisc",2011,1,11.938,12.13,16.123,12.126,12.093
35,"F35_JPTWKR_DNMisc",2011,4,18.638,18.62,22.353,18.584,18.671
35,"F35_JPTWKR_DNMisc",2012,1,12.764,12.578,13.842,12.649,12.485
35,"F35_JPTWKR_DNMisc",2012,2,22.981,23.098,29.272,23.046,23.254
35,"F35_JPTWKR_DNMisc",2014,4,4.436,4.373,4.536,4.459,4.236
35,"F35_JPTWKR_DNMisc",2015,1,5.373,5.293,4.066,5.372,5.207
35,"F35_JPTWKR_DNMisc",2015,3,4.076,4.106,4.138,4.128,4.113
35,"F35_JPTWKR_DNMisc",2015,4,11.991,12.202,11.445,12.332,12.31
35,"F35_JPTWKR_DNMisc",2016,2,2.044,2.08,2.159,2.078,2.079
35,"F35_JPTWKR_DNMisc",2016,4,5.754,5.921,5.514,5.905,5.91
35,"F35_JPTWKR_DNMisc",2017,4,18.019,17.97,16.287,18.014,18.24
35,"F35_JPTWKR_DNMisc",2018,3,7.491,7.347,7.826,7.495,7.289
35,"F35_JPTWKR_DNMisc",2018,4,50.132,50.143,110.339,50.784,50.184
35,"F35_JPTWKR_DNMisc",2022,3,2.736,2.73,2.8,2.72,2.741
35,"F35_JPTWKR_DNMisc",2023,3,2.568,2.599,2.644,2.6,2.6
36,"S36_JPLL_idx_adult",1996,1,6.552,21.892,22.051,21.888,22.137
36,"S36_JPLL_idx_adult",1997,1,7.185,22.494,22.773,22.61,22.484
36,"S36_JPLL_idx_adult",1998,1,7.964,21.715,20.412,20.564,22.112
36,"S36_JPLL_idx_adult",1999,1,7.15,19.078,18.625,18.693,19.294
36,"S36_JPLL_idx_adult",2000,1,6.882,18.053,18.036,17.991,18.084
36,"S36_JPLL_idx_adult",2001,1,6.492,16.573,16.94,16.625,16.47
36,"S36_JPLL_idx_adult",2002,1,6.167,16.754,16.681,16.684,16.745
36,"S36_JPLL_idx_adult",2003,1,6.732,16.656,16.491,16.604,16.599
36,"S36_JPLL_idx_adult",2004,1,6.732,16.639,15.986,16.246,16.803
36,"S36_JPLL_idx_adult",2005,1,6.415,16.808,16.501,16.713,16.82
36,"S36_JPLL_idx_adult",2006,1,6.398,16.127,15.92,16.05,16.218
36,"S36_JPLL_idx_adult",2007,1,6.437,15.226,15.282,15.189,15.252
36,"S36_JPLL_idx_adult",2008,1,6.751,13.906,14.465,13.984,13.939
36,"S36_JPLL_idx_adult",2009,1,6.013,14.2,14.74,14.402,14.079
36,"S36_JPLL_idx_adult",2010,1,5.841,15.252,15.366,15.342,15.185
36,"S36_JPLL_idx_adult",2011,1,6.054,16.264,16.269,16.276,16.247
36,"S36_JPLL_idx_adult",2012,1,6.299,16.025,16.336,16.136,15.953
36,"S36_JPLL_idx_adult",2013,1,6.309,15.874,16.122,15.913,15.845
36,"S36_JPLL_idx_adult",2014,1,6.282,15.551,15.572,15.514,15.584
36,"S36_JPLL_idx_adult",2015,1,6.026,15.259,15.134,15.147,15.308
36,"S36_JPLL_idx_adult",2016,1,5.861,15.578,15.387,15.583,15.535
36,"S36_JPLL_idx_adult",2017,1,6.438,17.013,16.979,17.061,16.912
36,"S36_JPLL_idx_adult",2018,1,6.946,18.052,17.987,18.021,18.057
36,"S36_JPLL_idx_adult",2019,1,7.14,19.293,18.995,19.228,19.329
36,"S36_JPLL_idx_adult",2020,1,7.48,17.821,19.395,18.276,17.45
36,"S36_JPLL_idx_adult",2021,1,7.725,13.563,14.041,13.947,13.297
36,"S36_JPLL_idx_adult",2022,1,5.823,16.12,16.298,16.196,16.096
36,"S36_JPLL_idx_adult",2023,1,6.126,19.621,19.603,19.688,19.576
36,"S36_JPLL_idx_adult",2024,1,7.198,19.662,20.865,20.178,19.465
