"Fleet","Fleet_Name","Yr","Seas","base2026","cvold=.08","growth est"
1,"F1_JPLL_A13_Q1_wt",1994,1,25.28,28.122,27.016
1,"F1_JPLL_A13_Q1_wt",1995,1,4.287,4.502,4.256
1,"F1_JPLL_A13_Q1_wt",1996,1,14.989,11.135,13.653
1,"F1_JPLL_A13_Q1_wt",1997,1,52.157,48.678,51.228
1,"F1_JPLL_A13_Q1_wt",1998,1,102.617,61.623,93.523
1,"F1_JPLL_A13_Q1_wt",1999,1,16.449,18.373,16.888
1,"F1_JPLL_A13_Q1_wt",2000,1,222.49,232.711,227.303
1,"F1_JPLL_A13_Q1_wt",2001,1,126.658,75.773,121.86
1,"F1_JPLL_A13_Q1_wt",2002,1,307.196,143.517,211.935
1,"F1_JPLL_A13_Q1_wt",2003,1,162.194,223.007,170.419
1,"F1_JPLL_A13_Q1_wt",2004,1,80.503,87.294,83.513
1,"F1_JPLL_A13_Q1_wt",2005,1,82.492,74.16,79.935
1,"F1_JPLL_A13_Q1_wt",2006,1,250.767,153.74,213.559
1,"F1_JPLL_A13_Q1_wt",2007,1,264.592,386.592,300.457
1,"F1_JPLL_A13_Q1_wt",2008,1,107.571,99.494,104.395
1,"F1_JPLL_A13_Q1_wt",2009,1,499.895,244.305,450.128
1,"F1_JPLL_A13_Q1_wt",2010,1,395.973,270.599,354.328
1,"F1_JPLL_A13_Q1_wt",2011,1,448.302,444.4,470.568
1,"F1_JPLL_A13_Q1_wt",2012,1,257.735,260.017,222.497
1,"F1_JPLL_A13_Q1_wt",2013,1,202.924,290.37,232.941
1,"F1_JPLL_A13_Q1_wt",2014,1,53.868,62.067,54.42
1,"F1_JPLL_A13_Q1_wt",2015,1,217.624,110.963,209.421
1,"F1_JPLL_A13_Q1_wt",2016,1,200.948,90.617,207.046
1,"F1_JPLL_A13_Q1_wt",2017,1,195.333,255.117,214.632
1,"F1_JPLL_A13_Q1_wt",2018,1,91.714,75.722,100.312
1,"F1_JPLL_A13_Q1_wt",2019,1,70.26,72.046,72.595
1,"F1_JPLL_A13_Q1_wt",2020,1,176.215,73.538,183.074
1,"F1_JPLL_A13_Q1_wt",2021,1,64.338,31.59,52.963
1,"F1_JPLL_A13_Q1_wt",2022,1,41.306,28.813,46.618
1,"F1_JPLL_A13_Q1_wt",2023,1,360.635,193.545,330.852
1,"F1_JPLL_A13_Q1_wt",2024,1,43.402,21.454,38.506
2,"F2_JPLL_A13_Q2_wt",1996,2,12.227,12.647,13.364
2,"F2_JPLL_A13_Q2_wt",1997,2,54.674,51.821,50.465
2,"F2_JPLL_A13_Q2_wt",2000,2,7.87,8.141,8.005
2,"F2_JPLL_A13_Q2_wt",2001,2,61.528,71.329,48.241
2,"F2_JPLL_A13_Q2_wt",2002,2,27.537,31.293,23.104
2,"F2_JPLL_A13_Q2_wt",2003,2,52.742,57.469,47.046
2,"F2_JPLL_A13_Q2_wt",2004,2,24.405,24.58,24.742
2,"F2_JPLL_A13_Q2_wt",2005,2,28.877,30.91,28.221
2,"F2_JPLL_A13_Q2_wt",2006,2,88.302,62.212,82.543
2,"F2_JPLL_A13_Q2_wt",2007,2,251.599,407.265,290.787
2,"F2_JPLL_A13_Q2_wt",2008,2,51.672,47.152,51.861
2,"F2_JPLL_A13_Q2_wt",2009,2,90.203,87.15,84.015
2,"F2_JPLL_A13_Q2_wt",2010,2,101.309,131.771,104.172
2,"F2_JPLL_A13_Q2_wt",2011,2,47.518,37.769,42.041
2,"F2_JPLL_A13_Q2_wt",2012,2,98.333,131.48,100.18
2,"F2_JPLL_A13_Q2_wt",2013,2,91.104,144.267,105.28
2,"F2_JPLL_A13_Q2_wt",2014,2,56.067,76.53,57.55
2,"F2_JPLL_A13_Q2_wt",2015,2,54.985,77.98,61.042
2,"F2_JPLL_A13_Q2_wt",2016,2,34.08,41.578,38.574
2,"F2_JPLL_A13_Q2_wt",2017,2,62.936,71.668,59.524
2,"F2_JPLL_A13_Q2_wt",2018,2,26.012,31.42,27.078
2,"F2_JPLL_A13_Q2_wt",2019,2,47.399,40.462,39.355
2,"F2_JPLL_A13_Q2_wt",2020,2,157.238,92.167,168.225
2,"F2_JPLL_A13_Q2_wt",2021,2,10.697,10.782,9.755
2,"F2_JPLL_A13_Q2_wt",2022,2,5.867,5.874,5.737
2,"F2_JPLL_A13_Q2_wt",2023,2,48.065,39.033,40.288
2,"F2_JPLL_A13_Q2_wt",2024,2,19.469,15.985,18.763
3,"F3_JPLL_A13_Q3_wt",2000,3,45.609,40.102,52.722
3,"F3_JPLL_A13_Q3_wt",2001,3,11.52,11.938,10.715
3,"F3_JPLL_A13_Q3_wt",2002,3,25.655,30.369,25.048
3,"F3_JPLL_A13_Q3_wt",2003,3,10.091,10.709,9.738
3,"F3_JPLL_A13_Q3_wt",2004,3,8.061,8.889,8.144
3,"F3_JPLL_A13_Q3_wt",2005,3,34.101,31.918,36.72
3,"F3_JPLL_A13_Q3_wt",2006,3,16.585,14.348,18.046
3,"F3_JPLL_A13_Q3_wt",2007,3,26.654,21.434,27.203
3,"F3_JPLL_A13_Q3_wt",2008,3,52.238,58.31,54.229
3,"F3_JPLL_A13_Q3_wt",2009,3,9.164,8.667,9.561
3,"F3_JPLL_A13_Q3_wt",2010,3,37.64,58.128,37.344
3,"F3_JPLL_A13_Q3_wt",2011,3,25.421,25.978,24.76
3,"F3_JPLL_A13_Q3_wt",2012,3,17.791,18.59,17.363
3,"F3_JPLL_A13_Q3_wt",2013,3,46.195,44.584,45.892
3,"F3_JPLL_A13_Q3_wt",2014,3,12.899,14.88,12.529
3,"F3_JPLL_A13_Q3_wt",2015,3,19.763,24.342,19.046
3,"F3_JPLL_A13_Q3_wt",2016,3,32.788,38.852,32.137
3,"F3_JPLL_A13_Q3_wt",2017,3,19.191,19.019,19.282
3,"F3_JPLL_A13_Q3_wt",2018,3,11.732,11.625,11.755
3,"F3_JPLL_A13_Q3_wt",2019,3,12.231,14.752,11.87
3,"F3_JPLL_A13_Q3_wt",2020,3,24.321,30.201,19.535
3,"F3_JPLL_A13_Q3_wt",2021,3,22.646,20.17,24.41
3,"F3_JPLL_A13_Q3_wt",2022,3,27.079,20.53,25.536
3,"F3_JPLL_A13_Q3_wt",2023,3,12.333,11.706,11.198
3,"F3_JPLL_A13_Q3_wt",2024,3,37.766,44.832,39.545
4,"F4_JPLL_A13_Q4_wt",1996,4,23.542,29.048,23.443
4,"F4_JPLL_A13_Q4_wt",1999,4,80.742,90.164,79.867
4,"F4_JPLL_A13_Q4_wt",2000,4,51.801,50.185,53.172
4,"F4_JPLL_A13_Q4_wt",2001,4,308.046,260.955,254.074
4,"F4_JPLL_A13_Q4_wt",2002,4,23.938,35.736,27.164
4,"F4_JPLL_A13_Q4_wt",2003,4,43.123,52.032,46.836
4,"F4_JPLL_A13_Q4_wt",2004,4,137.736,154.39,126.386
4,"F4_JPLL_A13_Q4_wt",2005,4,43.472,53.497,42.012
4,"F4_JPLL_A13_Q4_wt",2006,4,106.012,130.602,106.186
4,"F4_JPLL_A13_Q4_wt",2007,4,374.787,386.64,385.252
4,"F4_JPLL_A13_Q4_wt",2008,4,91.534,83.79,82.719
4,"F4_JPLL_A13_Q4_wt",2009,4,314.646,461.74,289.407
4,"F4_JPLL_A13_Q4_wt",2010,4,75.58,91.714,80.03
4,"F4_JPLL_A13_Q4_wt",2011,4,137.01,151.835,145.022
4,"F4_JPLL_A13_Q4_wt",2012,4,87.61,86.839,86.563
4,"F4_JPLL_A13_Q4_wt",2013,4,35.24,40.564,37.192
4,"F4_JPLL_A13_Q4_wt",2014,4,117.392,133.287,127.784
4,"F4_JPLL_A13_Q4_wt",2015,4,84.642,102.428,93.226
4,"F4_JPLL_A13_Q4_wt",2016,4,70.888,64.839,61.386
4,"F4_JPLL_A13_Q4_wt",2017,4,249.634,326.819,395.89
4,"F4_JPLL_A13_Q4_wt",2018,4,217.162,176.715,282.815
4,"F4_JPLL_A13_Q4_wt",2019,4,112.949,132.997,91.396
4,"F4_JPLL_A13_Q4_wt",2020,4,78.414,93.817,68.901
4,"F4_JPLL_A13_Q4_wt",2021,4,50.001,41.54,39.109
4,"F4_JPLL_A13_Q4_wt",2022,4,50.089,70.168,51.823
4,"F4_JPLL_A13_Q4_wt",2023,4,25.555,23.574,26.591
4,"F4_JPLL_A13_Q4_wt",2024,4,32.06,35.184,32.544
9,"F9_JPLL_A2_Q1_wt",1994,1,61.291,58.877,63.83
9,"F9_JPLL_A2_Q1_wt",1996,1,58.001,47.577,62.138
9,"F9_JPLL_A2_Q1_wt",1997,1,40.108,35.227,34.138
9,"F9_JPLL_A2_Q1_wt",1999,1,47.261,52.977,47.009
9,"F9_JPLL_A2_Q1_wt",2000,1,53.855,60.37,54.391
9,"F9_JPLL_A2_Q1_wt",2001,1,197.443,155.528,172.271
9,"F9_JPLL_A2_Q1_wt",2002,1,538.884,363.032,443.372
9,"F9_JPLL_A2_Q1_wt",2003,1,239.782,256.624,299.229
9,"F9_JPLL_A2_Q1_wt",2004,1,73.801,45.099,74.338
9,"F9_JPLL_A2_Q1_wt",2005,1,96.19,100.346,96.385
9,"F9_JPLL_A2_Q1_wt",2006,1,112.203,146.67,116.304
9,"F9_JPLL_A2_Q1_wt",2007,1,67.003,82.394,66.434
9,"F9_JPLL_A2_Q1_wt",2008,1,149.293,158.653,151.131
9,"F9_JPLL_A2_Q1_wt",2009,1,89.279,78.914,87.002
9,"F9_JPLL_A2_Q1_wt",2010,1,341.835,211.68,332.773
9,"F9_JPLL_A2_Q1_wt",2011,1,97.31,104.766,97.965
9,"F9_JPLL_A2_Q1_wt",2012,1,109.365,131.004,107.627
9,"F9_JPLL_A2_Q1_wt",2013,1,265.097,229.811,284.839
9,"F9_JPLL_A2_Q1_wt",2014,1,145.366,124.583,145.665
9,"F9_JPLL_A2_Q1_wt",2015,1,421.177,358.266,439.448
9,"F9_JPLL_A2_Q1_wt",2016,1,220.851,179.621,197.377
9,"F9_JPLL_A2_Q1_wt",2017,1,85.626,65.114,74.823
9,"F9_JPLL_A2_Q1_wt",2018,1,157.287,145.303,182.968
9,"F9_JPLL_A2_Q1_wt",2019,1,126.819,165.116,104.021
9,"F9_JPLL_A2_Q1_wt",2020,1,24.487,26.595,22.118
9,"F9_JPLL_A2_Q1_wt",2021,1,39.486,32.099,58.728
9,"F9_JPLL_A2_Q1_wt",2022,1,309.004,226.814,356.756
9,"F9_JPLL_A2_Q1_wt",2023,1,32.817,27.485,32.226
9,"F9_JPLL_A2_Q1_wt",2024,1,56.822,67.362,55.844
10,"F10_JPLL_A2_Q2_wt_9624",2000,2,31.962,32.108,31.23
10,"F10_JPLL_A2_Q2_wt_9624",2001,2,126.078,132.431,127.751
10,"F10_JPLL_A2_Q2_wt_9624",2002,2,242.075,143.389,223.442
10,"F10_JPLL_A2_Q2_wt_9624",2003,2,16.318,20.694,17.276
10,"F10_JPLL_A2_Q2_wt_9624",2004,2,251.995,225.643,309.003
10,"F10_JPLL_A2_Q2_wt_9624",2005,2,87.364,77.618,76.07
10,"F10_JPLL_A2_Q2_wt_9624",2006,2,100.931,97.936,102.866
10,"F10_JPLL_A2_Q2_wt_9624",2007,2,90.262,116.726,86.555
10,"F10_JPLL_A2_Q2_wt_9624",2008,2,67.915,109.271,71.74
10,"F10_JPLL_A2_Q2_wt_9624",2009,2,161.893,174.692,152.946
10,"F10_JPLL_A2_Q2_wt_9624",2010,2,525.026,474.459,457.9
10,"F10_JPLL_A2_Q2_wt_9624",2011,2,91.696,180.432,89.568
10,"F10_JPLL_A2_Q2_wt_9624",2012,2,79.159,86.582,85.539
10,"F10_JPLL_A2_Q2_wt_9624",2013,2,402.801,391.151,369.017
10,"F10_JPLL_A2_Q2_wt_9624",2014,2,391.133,404.266,372.623
10,"F10_JPLL_A2_Q2_wt_9624",2015,2,142.103,166.969,143.926
10,"F10_JPLL_A2_Q2_wt_9624",2016,2,270.121,258.222,327.954
10,"F10_JPLL_A2_Q2_wt_9624",2017,2,142.377,170.808,117.892
10,"F10_JPLL_A2_Q2_wt_9624",2018,2,164.224,188.118,188.454
10,"F10_JPLL_A2_Q2_wt_9624",2019,2,134.782,147.879,104.231
10,"F10_JPLL_A2_Q2_wt_9624",2020,2,234.233,238.077,175.02
10,"F10_JPLL_A2_Q2_wt_9624",2021,2,33.853,46.697,25.566
10,"F10_JPLL_A2_Q2_wt_9624",2022,2,108.289,217.849,104.488
10,"F10_JPLL_A2_Q2_wt_9624",2023,2,21.758,40.39,23.502
10,"F10_JPLL_A2_Q2_wt_9624",2024,2,51.217,56.724,59.852
11,"F11_JPLL_A2_Q3_wt",2001,3,168.548,186.29,144.289
11,"F11_JPLL_A2_Q3_wt",2002,3,96.744,94.838,89.385
11,"F11_JPLL_A2_Q3_wt",2003,3,73.638,98.706,80.239
11,"F11_JPLL_A2_Q3_wt",2004,3,143.924,108.085,139.848
11,"F11_JPLL_A2_Q3_wt",2005,3,69.75,79.295,71.054
11,"F11_JPLL_A2_Q3_wt",2006,3,155.629,214.51,164.18
11,"F11_JPLL_A2_Q3_wt",2007,3,91.723,85.448,99.903
11,"F11_JPLL_A2_Q3_wt",2008,3,62.548,123.085,59.651
11,"F11_JPLL_A2_Q3_wt",2009,3,98.625,129.58,97.125
11,"F11_JPLL_A2_Q3_wt",2010,3,166.487,84.926,153.431
11,"F11_JPLL_A2_Q3_wt",2011,3,1215.13,786.856,1421.42
11,"F11_JPLL_A2_Q3_wt",2012,3,255.722,284.746,230.489
11,"F11_JPLL_A2_Q3_wt",2013,3,222.984,257.02,200.291
11,"F11_JPLL_A2_Q3_wt",2014,3,183.141,185.758,192.551
11,"F11_JPLL_A2_Q3_wt",2015,3,206.465,222.023,206.154
11,"F11_JPLL_A2_Q3_wt",2016,3,222.934,189.716,205.394
11,"F11_JPLL_A2_Q3_wt",2017,3,249.628,225.865,223.222
11,"F11_JPLL_A2_Q3_wt",2018,3,256.298,244.113,193.861
11,"F11_JPLL_A2_Q3_wt",2019,3,136.188,153.402,110.389
11,"F11_JPLL_A2_Q3_wt",2020,3,9.339,9.525,8.616
11,"F11_JPLL_A2_Q3_wt",2021,3,42.711,61.614,28.126
11,"F11_JPLL_A2_Q3_wt",2022,3,55.556,108.781,56.935
11,"F11_JPLL_A2_Q3_wt",2023,3,20.874,30.972,23.257
11,"F11_JPLL_A2_Q3_wt",2024,3,148.558,168.072,161.068
12,"F12_JPLL_A2_Q4_wt",1994,4,44.329,39.011,43.265
12,"F12_JPLL_A2_Q4_wt",1996,4,41.36,39.868,36.58
12,"F12_JPLL_A2_Q4_wt",1997,4,51.639,40.678,57.51
12,"F12_JPLL_A2_Q4_wt",1999,4,62.308,49.372,65.632
12,"F12_JPLL_A2_Q4_wt",2001,4,162.81,154.82,140.009
12,"F12_JPLL_A2_Q4_wt",2002,4,106.192,129.594,114.008
12,"F12_JPLL_A2_Q4_wt",2003,4,42.684,62.43,44.627
12,"F12_JPLL_A2_Q4_wt",2004,4,69.198,69.454,68.392
12,"F12_JPLL_A2_Q4_wt",2005,4,46.68,54.092,47.088
12,"F12_JPLL_A2_Q4_wt",2006,4,267.672,201.589,269.5
12,"F12_JPLL_A2_Q4_wt",2007,4,68.391,89.204,67.654
12,"F12_JPLL_A2_Q4_wt",2008,4,318.3,186.081,322.69
12,"F12_JPLL_A2_Q4_wt",2009,4,269.373,609.258,265.442
12,"F12_JPLL_A2_Q4_wt",2010,4,82.144,119.681,87.905
12,"F12_JPLL_A2_Q4_wt",2011,4,260.059,162.208,230.101
12,"F12_JPLL_A2_Q4_wt",2012,4,56.558,55.295,57.613
12,"F12_JPLL_A2_Q4_wt",2013,4,47.546,47.877,47.359
12,"F12_JPLL_A2_Q4_wt",2014,4,291.49,275.876,272.569
12,"F12_JPLL_A2_Q4_wt",2015,4,126.623,132.524,123.992
12,"F12_JPLL_A2_Q4_wt",2016,4,137.932,114.026,124.813
12,"F12_JPLL_A2_Q4_wt",2017,4,112.16,108.141,100.165
12,"F12_JPLL_A2_Q4_wt",2018,4,140.316,140.401,108.012
12,"F12_JPLL_A2_Q4_wt",2019,4,109.11,113.459,92.928
12,"F12_JPLL_A2_Q4_wt",2020,4,103.612,132.329,86.116
12,"F12_JPLL_A2_Q4_wt",2021,4,96.009,58.832,76.88
12,"F12_JPLL_A2_Q4_wt",2022,4,51.023,88.56,50.774
12,"F12_JPLL_A2_Q4_wt",2023,4,35.842,48.945,36.711
12,"F12_JPLL_A2_Q4_wt",2024,4,49.627,58.802,49.742
17,"F17_JPLL_A4_num",1995,3,65.494,55.588,65.658
17,"F17_JPLL_A4_num",1995,4,34.538,33.794,34.982
17,"F17_JPLL_A4_num",1996,2,8.614,8.593,8.64
17,"F17_JPLL_A4_num",1999,4,32.824,30.928,34.227
17,"F17_JPLL_A4_num",2000,1,31.048,25.383,33.598
17,"F17_JPLL_A4_num",2000,2,155.041,136.401,156.752
17,"F17_JPLL_A4_num",2000,4,33.882,32.508,35.832
17,"F17_JPLL_A4_num",2001,1,39.156,41.696,41.29
17,"F17_JPLL_A4_num",2001,2,38.92,40.972,38.052
17,"F17_JPLL_A4_num",2001,3,139.152,158.541,146.615
17,"F17_JPLL_A4_num",2001,4,83.833,89.633,90.364
17,"F17_JPLL_A4_num",2002,1,44.747,46.169,49.353
17,"F17_JPLL_A4_num",2002,2,144.34,142.311,126.324
17,"F17_JPLL_A4_num",2002,3,67.714,77.479,77.144
17,"F17_JPLL_A4_num",2002,4,143.563,175.79,164.436
17,"F17_JPLL_A4_num",2003,1,150.66,182.749,176.326
17,"F17_JPLL_A4_num",2003,2,6.824,7.019,6.893
17,"F17_JPLL_A4_num",2003,3,29.053,33.107,29.419
17,"F17_JPLL_A4_num",2004,1,80.99,175.221,86.501
17,"F17_JPLL_A4_num",2004,2,17.052,21.259,17.606
17,"F17_JPLL_A4_num",2004,3,186.625,178.254,188.794
17,"F17_JPLL_A4_num",2005,1,147.638,314.169,157.337
17,"F17_JPLL_A4_num",2005,2,12.844,12.633,12.924
17,"F17_JPLL_A4_num",2005,3,124.489,131.643,125.645
17,"F17_JPLL_A4_num",2005,4,40.949,45.416,39.805
17,"F17_JPLL_A4_num",2006,1,331.031,318.72,312.719
17,"F17_JPLL_A4_num",2006,2,42.321,47.343,41.536
17,"F17_JPLL_A4_num",2006,3,92.475,93.749,91.747
17,"F17_JPLL_A4_num",2006,4,92.663,98.686,91.155
17,"F17_JPLL_A4_num",2007,1,83.082,84.27,81.905
17,"F17_JPLL_A4_num",2007,2,26.558,27.586,26.442
17,"F17_JPLL_A4_num",2007,3,104.897,100.314,105.563
17,"F17_JPLL_A4_num",2008,1,56.533,62.845,57.006
17,"F17_JPLL_A4_num",2008,2,34.825,39.948,34.462
17,"F17_JPLL_A4_num",2008,3,68.9,94.164,66.704
17,"F17_JPLL_A4_num",2008,4,101.617,199.951,98.731
17,"F17_JPLL_A4_num",2009,1,51.775,66.563,50.963
17,"F17_JPLL_A4_num",2009,3,74.948,110.137,72.853
17,"F17_JPLL_A4_num",2010,1,4.552,4.336,4.56
17,"F17_JPLL_A4_num",2010,2,1.813,1.767,1.815
17,"F17_JPLL_A4_num",2010,3,16.752,12.938,16.522
17,"F17_JPLL_A4_num",2010,4,71.962,59.291,70.334
17,"F17_JPLL_A4_num",2011,1,115.397,90.461,112.476
17,"F17_JPLL_A4_num",2011,3,100.051,62.454,94.494
17,"F17_JPLL_A4_num",2011,4,18.934,15.88,18.551
17,"F17_JPLL_A4_num",2012,1,39.139,42.695,39.929
17,"F17_JPLL_A4_num",2012,2,15.923,16.454,16.07
17,"F17_JPLL_A4_num",2012,3,286.231,215.539,261.282
17,"F17_JPLL_A4_num",2012,4,101.927,96.309,98.798
17,"F17_JPLL_A4_num",2013,1,9.374,9.64,9.374
17,"F17_JPLL_A4_num",2013,2,30.811,27.417,31.525
17,"F17_JPLL_A4_num",2013,3,50.881,46.273,51.686
17,"F17_JPLL_A4_num",2014,1,5.139,5.079,5.112
17,"F17_JPLL_A4_num",2014,2,16.405,15.899,16.605
17,"F17_JPLL_A4_num",2014,4,213.224,220.836,210.773
17,"F17_JPLL_A4_num",2015,3,132.722,148.042,133.687
17,"F17_JPLL_A4_num",2015,4,20.419,20.653,20.782
17,"F17_JPLL_A4_num",2016,2,277.121,285.187,265.702
17,"F17_JPLL_A4_num",2016,3,166.303,156.12,160.065
17,"F17_JPLL_A4_num",2017,3,176.416,173.206,162.794
17,"F17_JPLL_A4_num",2017,4,60.09,68.579,57.177
17,"F17_JPLL_A4_num",2018,2,60.894,61.725,60.441
17,"F17_JPLL_A4_num",2018,3,30.009,31.875,29.153
17,"F17_JPLL_A4_num",2019,1,7.072,7.132,7.073
17,"F17_JPLL_A4_num",2019,2,16.593,16.291,16.444
17,"F17_JPLL_A4_num",2019,3,199.6,189.447,211.579
17,"F17_JPLL_A4_num",2019,4,137.037,143.972,115.969
17,"F17_JPLL_A4_num",2020,2,12.23,12.377,11.792
17,"F17_JPLL_A4_num",2020,3,36.572,37.064,33.083
17,"F17_JPLL_A4_num",2023,2,3.315,3.253,3.487
17,"F17_JPLL_A4_num",2023,3,10.805,14.763,12.128
17,"F17_JPLL_A4_num",2024,1,11.588,13.941,12.725
17,"F17_JPLL_A4_num",2024,2,8.357,8.669,8.694
18,"F18_JPLL_A5_num",1995,4,65.696,62.44,65.64
18,"F18_JPLL_A5_num",2003,4,55.063,57.087,55.028
18,"F18_JPLL_A5_num",2004,2,32.237,29.498,31.788
18,"F18_JPLL_A5_num",2004,3,31.703,34.353,33.826
18,"F18_JPLL_A5_num",2004,4,140.551,146.503,158.192
18,"F18_JPLL_A5_num",2005,4,35.587,45.63,34.797
18,"F18_JPLL_A5_num",2006,4,41.413,42.195,41.035
18,"F18_JPLL_A5_num",2007,4,11.267,12.394,11.738
18,"F18_JPLL_A5_num",2008,4,27.774,29.131,28.603
18,"F18_JPLL_A5_num",2009,3,29.823,37.437,28.618
18,"F18_JPLL_A5_num",2011,3,25.536,26.117,25.823
18,"F18_JPLL_A5_num",2011,4,54.608,60.771,58.274
19,"F19_JPPL_A35_Q1",2002,1,25.979,17.535,20.655
19,"F19_JPPL_A35_Q1",2004,1,35.687,40.922,48.798
19,"F19_JPPL_A35_Q1",2005,1,16.21,17.949,20.997
19,"F19_JPPL_A35_Q1",2007,1,7.953,11.048,8.384
19,"F19_JPPL_A35_Q1",2022,1,6.888,9.602,6.867
19,"F19_JPPL_A35_Q1",2023,1,21.452,17.526,15.206
20,"F20_JPPL_A35_Q2",1994,2,2.651,2.702,2.625
20,"F20_JPPL_A35_Q2",1995,2,4.862,5.277,4.893
20,"F20_JPPL_A35_Q2",1996,2,18.77,20.78,22.079
20,"F20_JPPL_A35_Q2",1997,2,153.862,72.937,161.635
20,"F20_JPPL_A35_Q2",1998,2,3.852,3.981,3.809
20,"F20_JPPL_A35_Q2",1999,2,24.303,22.976,26.576
20,"F20_JPPL_A35_Q2",2000,2,3.078,3.195,3.117
20,"F20_JPPL_A35_Q2",2001,2,8.17,9.336,8.387
20,"F20_JPPL_A35_Q2",2002,2,33.177,32.75,38.6
20,"F20_JPPL_A35_Q2",2003,2,99.48,53.419,101.716
20,"F20_JPPL_A35_Q2",2004,2,15.808,13.8,16.011
20,"F20_JPPL_A35_Q2",2005,2,12.951,10.447,12.428
20,"F20_JPPL_A35_Q2",2006,2,62.898,50.05,69.49
20,"F20_JPPL_A35_Q2",2007,2,58.243,28.924,62.868
20,"F20_JPPL_A35_Q2",2008,2,24.05,22.933,23.519
20,"F20_JPPL_A35_Q2",2009,2,99.658,139.122,94.57
20,"F20_JPPL_A35_Q2",2010,2,45.423,48.995,45.441
20,"F20_JPPL_A35_Q2",2011,2,27.262,25.393,26.584
20,"F20_JPPL_A35_Q2",2012,2,26.658,28.976,29.219
20,"F20_JPPL_A35_Q2",2013,2,18.947,21.534,22.428
20,"F20_JPPL_A35_Q2",2014,2,30.105,29.078,30.49
20,"F20_JPPL_A35_Q2",2015,2,20.968,19.151,21.898
20,"F20_JPPL_A35_Q2",2016,2,83.491,63.495,85.594
20,"F20_JPPL_A35_Q2",2017,2,50.064,32.277,52.663
20,"F20_JPPL_A35_Q2",2018,2,24.745,18.874,27.62
20,"F20_JPPL_A35_Q2",2019,2,8.05,7.015,8.899
20,"F20_JPPL_A35_Q2",2020,2,22.463,20.629,23.103
20,"F20_JPPL_A35_Q2",2021,2,3.616,3.29,3.623
20,"F20_JPPL_A35_Q2",2022,2,2.577,2.645,2.531
20,"F20_JPPL_A35_Q2",2023,2,56.84,31.359,55.47
20,"F20_JPPL_A35_Q2",2024,2,12.611,12.538,11.984
21,"F21_JPPL_A35_Q3",1994,3,12.243,13.293,13.222
21,"F21_JPPL_A35_Q3",1995,3,24.676,17.234,24.387
21,"F21_JPPL_A35_Q3",1996,3,23.77,23.507,28.111
21,"F21_JPPL_A35_Q3",1997,3,24.177,22.753,30.791
21,"F21_JPPL_A35_Q3",1998,3,11.351,13.519,11.61
21,"F21_JPPL_A35_Q3",1999,3,40.593,48.671,36.731
21,"F21_JPPL_A35_Q3",2000,3,4.374,4.919,4.718
21,"F21_JPPL_A35_Q3",2001,3,45.016,51.216,36.771
21,"F21_JPPL_A35_Q3",2002,3,9.482,11.085,9.209
21,"F21_JPPL_A35_Q3",2003,3,30.576,28.278,30.833
21,"F21_JPPL_A35_Q3",2004,3,7.827,7.392,7.722
21,"F21_JPPL_A35_Q3",2005,3,7.158,8.902,8.104
21,"F21_JPPL_A35_Q3",2006,3,5.658,5.334,5.643
21,"F21_JPPL_A35_Q3",2007,3,17.731,14.41,17.412
21,"F21_JPPL_A35_Q3",2008,3,19.862,22.42,17.409
21,"F21_JPPL_A35_Q3",2009,3,15.544,15.503,14.675
21,"F21_JPPL_A35_Q3",2010,3,4.75,4.965,5.075
21,"F21_JPPL_A35_Q3",2011,3,6.949,6.922,6.712
21,"F21_JPPL_A35_Q3",2012,3,21.642,17.049,22.98
21,"F21_JPPL_A35_Q3",2013,3,3.771,3.784,3.926
21,"F21_JPPL_A35_Q3",2014,3,73.85,44.147,59.209
21,"F21_JPPL_A35_Q3",2015,3,15.878,11.535,16.371
21,"F21_JPPL_A35_Q3",2016,3,15.176,14.279,14.867
21,"F21_JPPL_A35_Q3",2017,3,21.105,12.166,22.776
21,"F21_JPPL_A35_Q3",2018,3,9.844,7.486,11.316
21,"F21_JPPL_A35_Q3",2019,3,8.485,6.251,9.119
21,"F21_JPPL_A35_Q3",2021,3,10.505,9.046,10.228
21,"F21_JPPL_A35_Q3",2023,3,8.357,6.42,7.593
21,"F21_JPPL_A35_Q3",2024,3,22.494,25.22,19.891
22,"F22_JPPL_A35_Q4",1994,4,7.665,7.931,7.4
22,"F22_JPPL_A35_Q4",1995,4,14.14,12.806,9.975
22,"F22_JPPL_A35_Q4",1997,4,4.858,5.222,5.886
22,"F22_JPPL_A35_Q4",2002,4,8.78,7.117,7.766
22,"F22_JPPL_A35_Q4",2003,4,38.113,33.69,26.624
22,"F22_JPPL_A35_Q4",2005,4,8.207,7.711,6.819
22,"F22_JPPL_A35_Q4",2009,4,4.506,4.546,4.328
22,"F22_JPPL_A35_Q4",2019,4,6.357,7.069,8.967
22,"F22_JPPL_A35_Q4",2020,4,1.184,1.238,1.218
23,"F23_JPPL_A24",1994,2,8.88,7.992,9.149
23,"F23_JPPL_A24",1996,2,9.6,8.39,8.909
23,"F23_JPPL_A24",1997,2,7.307,6.32,6.993
23,"F23_JPPL_A24",2002,1,13.542,16.592,13.466
23,"F23_JPPL_A24",2002,2,6.325,5.587,6.08
23,"F23_JPPL_A24",2002,4,11.494,10.139,11.07
23,"F23_JPPL_A24",2003,1,18.465,15.299,17.471
23,"F23_JPPL_A24",2003,2,12.993,16.615,13.596
23,"F23_JPPL_A24",2003,4,13.811,12.879,13.882
23,"F23_JPPL_A24",2004,1,80.397,119.974,80.837
23,"F23_JPPL_A24",2004,2,21.737,20.858,21.059
23,"F23_JPPL_A24",2005,1,3.681,3.555,3.683
23,"F23_JPPL_A24",2005,2,3.911,3.769,3.911
23,"F23_JPPL_A24",2006,2,14.615,14.91,14.402
23,"F23_JPPL_A24",2007,2,5.21,5.316,5.35
23,"F23_JPPL_A24",2009,2,12.224,10.104,11.98
23,"F23_JPPL_A24",2010,2,10.217,10.1,10.062
23,"F23_JPPL_A24",2011,2,17.076,15.891,17.567
23,"F23_JPPL_A24",2011,3,7.329,6.784,7.291
23,"F23_JPPL_A24",2013,2,5.942,6.062,5.86
23,"F23_JPPL_A24",2015,2,8.906,8.805,8.697
23,"F23_JPPL_A24",2015,3,11.27,11.579,11.079
23,"F23_JPPL_A24",2015,4,7.508,7.571,7.442
23,"F23_JPPL_A24",2017,2,11.937,13.715,12.07
23,"F23_JPPL_A24",2021,2,10.33,8.88,10.896
24,"F24_USLL_A35",1994,4,19.037,15.886,20.543
24,"F24_USLL_A35",1995,1,27.676,27.021,28.087
24,"F24_USLL_A35",1995,2,24.565,23.717,26.881
24,"F24_USLL_A35",1996,3,11.317,9.636,10.829
24,"F24_USLL_A35",1996,4,38.657,28.853,33.222
24,"F24_USLL_A35",1997,1,17.127,13.832,16.688
24,"F24_USLL_A35",1997,2,11.595,9.827,11.551
24,"F24_USLL_A35",1997,4,63.381,64.056,68.705
24,"F24_USLL_A35",1998,1,10.162,9.745,10.297
24,"F24_USLL_A35",1998,3,18.517,20.059,18.151
24,"F24_USLL_A35",1998,4,67.368,64.194,66.712
24,"F24_USLL_A35",1999,1,57.349,48.634,55.599
24,"F24_USLL_A35",1999,2,10.013,10.669,10.025
24,"F24_USLL_A35",1999,4,53.716,51.8,54.664
24,"F24_USLL_A35",2000,1,91.306,97.951,94.509
24,"F24_USLL_A35",2000,2,11.424,11.504,11.905
24,"F24_USLL_A35",2000,4,76.085,59.521,80.574
24,"F24_USLL_A35",2001,1,38.045,32.769,41.024
24,"F24_USLL_A35",2004,4,59.358,57.223,60.835
24,"F24_USLL_A35",2005,1,17.702,16.579,17.865
24,"F24_USLL_A35",2005,2,11.26,11.501,11.257
24,"F24_USLL_A35",2005,4,50.15,51.492,48.92
24,"F24_USLL_A35",2006,1,145.451,141.047,139.958
24,"F24_USLL_A35",2007,1,99.993,108.534,102.827
24,"F24_USLL_A35",2007,4,34.846,38.637,34.586
24,"F24_USLL_A35",2008,1,79.435,93.551,76.424
24,"F24_USLL_A35",2008,2,8.878,8.846,8.806
24,"F24_USLL_A35",2008,4,101.071,85.351,97.093
24,"F24_USLL_A35",2009,1,42.536,36.513,41.153
24,"F24_USLL_A35",2009,2,9.216,8.941,9.053
24,"F24_USLL_A35",2009,3,10.448,11.328,10.487
24,"F24_USLL_A35",2009,4,20.31,21.376,20.597
24,"F24_USLL_A35",2010,1,91.908,95.858,99.202
24,"F24_USLL_A35",2010,2,5.266,5.271,5.318
24,"F24_USLL_A35",2010,3,13.184,12.441,12.897
24,"F24_USLL_A35",2010,4,50.21,51.223,48.493
24,"F24_USLL_A35",2011,1,57.526,65.444,58.202
24,"F24_USLL_A35",2011,2,5.565,5.34,5.532
24,"F24_USLL_A35",2011,4,61.614,69.457,61.977
24,"F24_USLL_A35",2012,1,278.176,309.024,282.088
24,"F24_USLL_A35",2012,2,4.481,4.444,4.503
24,"F24_USLL_A35",2012,3,29.916,29.324,28.768
24,"F24_USLL_A35",2012,4,28.074,27.429,28.069
24,"F24_USLL_A35",2013,1,9.275,9.187,9.357
24,"F24_USLL_A35",2013,2,11.242,10.801,10.938
24,"F24_USLL_A35",2013,4,28.863,30.87,29.28
24,"F24_USLL_A35",2014,1,79.976,104.445,86.162
24,"F24_USLL_A35",2014,2,9.227,9.008,9.148
24,"F24_USLL_A35",2014,4,10.795,10.369,10.602
24,"F24_USLL_A35",2015,1,32.541,36.136,35.425
24,"F24_USLL_A35",2015,2,3.865,3.761,3.829
24,"F24_USLL_A35",2015,3,8.64,8.359,8.644
24,"F24_USLL_A35",2016,1,16.42,16.311,16.571
24,"F24_USLL_A35",2016,3,8.064,7.764,7.967
24,"F24_USLL_A35",2016,4,12.148,11.597,11.901
24,"F24_USLL_A35",2017,1,27.484,26.001,24.243
24,"F24_USLL_A35",2017,4,17.539,19.638,16.44
24,"F24_USLL_A35",2018,1,27.396,27.074,25.493
24,"F24_USLL_A35",2019,1,8.176,8.586,8.662
24,"F24_USLL_A35",2020,1,31.879,30.883,38.243
24,"F24_USLL_A35",2020,3,16.788,17.476,17.018
24,"F24_USLL_A35",2020,4,4.847,4.817,4.996
24,"F24_USLL_A35",2021,1,25.609,27.232,27.451
24,"F24_USLL_A35",2021,2,23.163,25.405,23.678
24,"F24_USLL_A35",2021,4,39.361,40.756,41.442
24,"F24_USLL_A35",2022,1,15.607,16.921,15.532
24,"F24_USLL_A35",2022,4,31.893,32.387,32.247
24,"F24_USLL_A35",2023,1,28.09,32.158,28.345
24,"F24_USLL_A35",2023,2,59.293,44.85,55.16
24,"F24_USLL_A35",2023,4,7.593,7.442,7.505
24,"F24_USLL_A35",2024,1,46.229,41.691,44.079
24,"F24_USLL_A35",2024,4,27.912,28.933,29.151
25,"F25_USLL_A24",1994,1,33.977,29.921,32.778
25,"F25_USLL_A24",1994,2,10.701,8.805,10.41
25,"F25_USLL_A24",1994,3,54.348,40.947,51.047
25,"F25_USLL_A24",1994,4,34.154,35.891,36.016
25,"F25_USLL_A24",1995,1,91.832,75.53,93.414
25,"F25_USLL_A24",1995,2,76.875,70.857,80.211
25,"F25_USLL_A24",1995,3,39.022,37.116,42.14
25,"F25_USLL_A24",1995,4,22.688,21.937,24.361
25,"F25_USLL_A24",1996,1,124.971,111.81,122.08
25,"F25_USLL_A24",1996,2,76.555,72.343,79.525
25,"F25_USLL_A24",1996,3,49.4,48.344,52.143
25,"F25_USLL_A24",1996,4,154.882,158.427,182.193
25,"F25_USLL_A24",1997,1,129.872,142.235,130.353
25,"F25_USLL_A24",1997,2,45.478,51.23,48.021
25,"F25_USLL_A24",1997,3,6.748,7.098,6.738
25,"F25_USLL_A24",1997,4,24.556,25.747,26.439
25,"F25_USLL_A24",1998,1,53.339,62.196,56.231
25,"F25_USLL_A24",1998,2,20.289,21.824,20.949
25,"F25_USLL_A24",1998,3,36.198,44.68,37.652
25,"F25_USLL_A24",1998,4,39.253,52.957,38.918
25,"F25_USLL_A24",1999,1,46.844,69.192,45.927
25,"F25_USLL_A24",1999,2,21.372,19.56,22.068
25,"F25_USLL_A24",1999,3,62.201,53.798,62.205
25,"F25_USLL_A24",1999,4,28.529,37.956,28.664
25,"F25_USLL_A24",2000,1,30.949,38.745,31.246
25,"F25_USLL_A24",2000,2,35.004,33.798,35.172
25,"F25_USLL_A24",2000,4,172.61,118.137,171.312
25,"F25_USLL_A24",2001,2,40.922,37.176,40.835
25,"F25_USLL_A24",2001,3,235.62,232.004,238.422
25,"F25_USLL_A24",2001,4,75.78,80.733,77.217
25,"F25_USLL_A24",2002,1,125.29,123.197,127.663
25,"F25_USLL_A24",2002,2,50.575,50.505,52.437
25,"F25_USLL_A24",2002,3,92.648,77.26,93.002
25,"F25_USLL_A24",2002,4,93.9,70.514,90.767
25,"F25_USLL_A24",2003,1,60.736,65.458,61.776
25,"F25_USLL_A24",2003,2,86.113,94.996,86.996
25,"F25_USLL_A24",2003,3,48.068,41.307,48.445
25,"F25_USLL_A24",2003,4,15.81,16.732,16.355
25,"F25_USLL_A24",2004,1,407.563,328.499,382.419
25,"F25_USLL_A24",2004,2,114.91,190.005,127.585
25,"F25_USLL_A24",2004,3,11.115,14.505,11.796
25,"F25_USLL_A24",2004,4,8.315,10.488,8.804
25,"F25_USLL_A24",2005,1,29.4,42.147,32.406
25,"F25_USLL_A24",2005,2,33.331,52.082,37.401
25,"F25_USLL_A24",2005,3,45.935,69.436,52.551
25,"F25_USLL_A24",2005,4,21.663,23.624,24.002
25,"F25_USLL_A24",2006,1,82.594,93.963,94.254
25,"F25_USLL_A24",2006,2,131.499,178.07,131.073
25,"F25_USLL_A24",2006,3,84.613,93.249,91.215
25,"F25_USLL_A24",2006,4,17.547,16.719,18.345
25,"F25_USLL_A24",2007,1,74.972,80.052,68.039
25,"F25_USLL_A24",2007,2,57.498,59.672,52.084
25,"F25_USLL_A24",2007,3,114.224,95.617,128.091
25,"F25_USLL_A24",2007,4,159.716,132.152,187.876
25,"F25_USLL_A24",2008,1,61.148,64.515,53.27
25,"F25_USLL_A24",2008,2,101.094,86.009,87.708
25,"F25_USLL_A24",2008,3,11.639,10.666,11.526
25,"F25_USLL_A24",2008,4,27.41,36.805,29.45
25,"F25_USLL_A24",2009,1,28.967,39.347,30.275
25,"F25_USLL_A24",2009,2,70.192,93.48,73.501
25,"F25_USLL_A24",2009,4,15.698,16.25,15.988
25,"F25_USLL_A24",2010,1,49.836,82.866,54.787
25,"F25_USLL_A24",2010,2,121.997,124.717,116.432
25,"F25_USLL_A24",2010,4,71.518,63.512,75.753
25,"F25_USLL_A24",2011,1,122.481,90.645,117.944
25,"F25_USLL_A24",2011,2,114.514,139.951,105.369
25,"F25_USLL_A24",2011,3,32.258,27.51,32.467
25,"F25_USLL_A24",2011,4,24.171,20.043,25.051
25,"F25_USLL_A24",2012,1,107.889,90.642,110.459
25,"F25_USLL_A24",2012,2,99.814,79.863,106.686
25,"F25_USLL_A24",2012,3,25.63,25.125,26.644
25,"F25_USLL_A24",2012,4,49.473,49.173,53.05
25,"F25_USLL_A24",2013,1,140.941,157.961,158.91
25,"F25_USLL_A24",2013,2,107.209,87.684,100.886
25,"F25_USLL_A24",2013,3,23.536,23.412,23.732
25,"F25_USLL_A24",2013,4,53.037,55.551,55.237
25,"F25_USLL_A24",2014,1,49.432,43.66,47.128
25,"F25_USLL_A24",2014,2,117.059,123.782,121.815
25,"F25_USLL_A24",2014,3,37.404,35.809,38.202
25,"F25_USLL_A24",2014,4,18.108,18.007,18.351
25,"F25_USLL_A24",2015,1,97.462,91.598,98.86
25,"F25_USLL_A24",2015,2,186.301,181.032,199.78
25,"F25_USLL_A24",2015,3,23.789,24.262,24.799
25,"F25_USLL_A24",2015,4,47.322,45.864,47.572
25,"F25_USLL_A24",2016,1,153.271,136.646,144.906
25,"F25_USLL_A24",2016,2,297.981,278.272,267.173
25,"F25_USLL_A24",2016,3,143.556,147.716,137.972
25,"F25_USLL_A24",2016,4,9.199,9.034,9.124
25,"F25_USLL_A24",2017,1,34.844,34.099,34.756
25,"F25_USLL_A24",2017,2,22.416,22.073,23.059
25,"F25_USLL_A24",2017,3,17.849,18.083,16.919
25,"F25_USLL_A24",2018,1,18.201,18.962,17.205
25,"F25_USLL_A24",2018,2,28.932,29.477,30.018
25,"F25_USLL_A24",2018,3,26.251,25.992,27.96
25,"F25_USLL_A24",2018,4,35.199,38.224,33.563
25,"F25_USLL_A24",2019,1,17.984,18.999,18.476
25,"F25_USLL_A24",2019,2,15.139,15.227,16.42
25,"F25_USLL_A24",2019,3,25.48,26.59,23.543
25,"F25_USLL_A24",2019,4,14.591,14.858,13.565
25,"F25_USLL_A24",2020,1,26.704,27.056,28.903
25,"F25_USLL_A24",2020,3,34.04,33.175,28.75
25,"F25_USLL_A24",2020,4,6.558,6.728,6.272
25,"F25_USLL_A24",2021,1,29.206,32.472,26.564
25,"F25_USLL_A24",2021,3,27.059,36.889,23.754
25,"F25_USLL_A24",2021,4,31.764,49.428,27.74
25,"F25_USLL_A24",2022,1,50.789,83.09,44.56
25,"F25_USLL_A24",2022,2,35.064,24.017,33.919
25,"F25_USLL_A24",2022,3,82.216,127.641,76.355
25,"F25_USLL_A24",2022,4,50.24,83.1,57.068
25,"F25_USLL_A24",2023,1,36.536,36.796,47.5
25,"F25_USLL_A24",2023,2,24.953,27.782,26.792
25,"F25_USLL_A24",2023,3,39.902,33.131,39.994
25,"F25_USLL_A24",2023,4,29.472,30.749,34.89
25,"F25_USLL_A24",2024,2,29.302,33.536,32.369
25,"F25_USLL_A24",2024,3,26.226,28.649,28.535
25,"F25_USLL_A24",2024,4,29.702,32.882,31.751
26,"F26_TWLL_A35",2003,1,20.555,19.393,21.043
26,"F26_TWLL_A35",2003,3,3.297,3.388,3.248
26,"F26_TWLL_A35",2003,4,18.451,14.758,18.914
26,"F26_TWLL_A35",2004,1,87.395,73.163,89.071
26,"F26_TWLL_A35",2004,3,57.6,45.427,61.259
26,"F26_TWLL_A35",2004,4,103.024,162.392,99.277
26,"F26_TWLL_A35",2005,1,65.526,90.624,63.427
26,"F26_TWLL_A35",2005,3,6.662,6.488,6.79
26,"F26_TWLL_A35",2005,4,94.529,126.79,85.857
26,"F26_TWLL_A35",2006,1,49.569,62.686,45.448
26,"F26_TWLL_A35",2006,2,117.746,170.319,107.022
26,"F26_TWLL_A35",2006,3,11.73,12.291,12.069
26,"F26_TWLL_A35",2006,4,76.698,98.766,81.619
26,"F26_TWLL_A35",2007,1,209.565,311.933,220.997
26,"F26_TWLL_A35",2007,2,27.694,28.599,28.91
26,"F26_TWLL_A35",2007,4,110.477,162.35,111.617
26,"F26_TWLL_A35",2008,1,82.049,98.237,81.111
26,"F26_TWLL_A35",2008,2,48.507,60.561,46.821
26,"F26_TWLL_A35",2008,3,13.799,15.571,13.641
26,"F26_TWLL_A35",2008,4,31.669,33.691,32.793
26,"F26_TWLL_A35",2009,1,127.36,164.474,126.59
26,"F26_TWLL_A35",2009,4,14.827,13.728,14.951
26,"F26_TWLL_A35",2010,1,96.198,93.053,106.922
26,"F26_TWLL_A35",2010,2,15.771,17.156,16.533
26,"F26_TWLL_A35",2010,3,23.058,20.476,23.057
26,"F26_TWLL_A35",2010,4,36.611,33.654,36.285
26,"F26_TWLL_A35",2011,1,48.904,48.798,48.654
26,"F26_TWLL_A35",2011,2,4.266,4.4,4.277
26,"F26_TWLL_A35",2011,3,23.38,26.524,23.599
26,"F26_TWLL_A35",2011,4,28.764,30.748,29.944
26,"F26_TWLL_A35",2012,1,88.612,89.989,98.975
26,"F26_TWLL_A35",2012,4,52.54,48.558,49.211
26,"F26_TWLL_A35",2013,1,74.648,63.605,70.535
26,"F26_TWLL_A35",2013,4,62.517,60.875,61.228
26,"F26_TWLL_A35",2014,1,83.518,102.398,82.401
26,"F26_TWLL_A35",2014,4,35.785,29.868,33.624
26,"F26_TWLL_A35",2015,1,23.278,26.306,23.255
26,"F26_TWLL_A35",2015,4,25.756,20.278,25.644
26,"F26_TWLL_A35",2016,1,27.11,26.735,30.873
26,"F26_TWLL_A35",2016,2,6.897,7.263,7.277
26,"F26_TWLL_A35",2016,4,22.38,22.807,20.492
26,"F26_TWLL_A35",2017,1,35.73,31.893,37.534
26,"F26_TWLL_A35",2017,4,45.524,52.623,40.487
26,"F26_TWLL_A35",2018,1,107.03,106.804,117.044
26,"F26_TWLL_A35",2018,4,68.361,86.266,84.284
26,"F26_TWLL_A35",2019,1,182.689,197.202,256.849
26,"F26_TWLL_A35",2019,4,196.068,189.299,314.803
26,"F26_TWLL_A35",2020,1,38.505,50.052,37.486
26,"F26_TWLL_A35",2020,2,5.646,5.616,5.537
26,"F26_TWLL_A35",2020,4,367.228,458.857,252.556
26,"F26_TWLL_A35",2021,1,43.05,34.74,46.605
26,"F26_TWLL_A35",2021,2,35.3,40.21,34.764
26,"F26_TWLL_A35",2021,3,5.72,5.7,5.208
26,"F26_TWLL_A35",2021,4,54.911,54.386,50.548
26,"F26_TWLL_A35",2022,1,43.264,48.933,44.582
26,"F26_TWLL_A35",2022,2,70.104,95.676,101.851
26,"F26_TWLL_A35",2022,4,47.403,34.221,45.558
26,"F26_TWLL_A35",2023,1,29.021,26.098,27.868
26,"F26_TWLL_A35",2023,2,3.181,3.262,3.222
26,"F26_TWLL_A35",2023,4,199.334,156.094,146.832
26,"F26_TWLL_A35",2024,1,132.849,174.754,138.648
26,"F26_TWLL_A35",2024,2,36.499,35.063,32.801
26,"F26_TWLL_A35",2024,3,29.116,26.684,30.208
26,"F26_TWLL_A35",2024,4,100.849,137.952,99.168
29,"F29_CNLL_A35",2013,3,307.993,152.202,455.319
29,"F29_CNLL_A35",2014,3,29.009,29.827,25.317
29,"F29_CNLL_A35",2017,3,11.063,9.29,13.257
29,"F29_CNLL_A35",2018,3,11.148,9.433,13.312
29,"F29_CNLL_A35",2020,3,250.856,79.019,331.489
30,"F30_CNLL_A24",1997,3,32.219,27.14,31.541
30,"F30_CNLL_A24",1998,3,7.067,6.984,7.164
30,"F30_CNLL_A24",1999,3,16.021,15.687,15.947
30,"F30_CNLL_A24",2000,3,8.094,7.78,8.358
30,"F30_CNLL_A24",2004,3,26.998,24.623,26.954
30,"F30_CNLL_A24",2005,3,8.276,8.262,8.426
30,"F30_CNLL_A24",2006,3,34.857,29.087,32.201
30,"F30_CNLL_A24",2007,3,11.738,11.931,12.035
30,"F30_CNLL_A24",2008,3,6.988,6.887,7.053
30,"F30_CNLL_A24",2009,3,11.035,10.678,11.138
30,"F30_CNLL_A24",2010,3,8.395,8.217,8.523
30,"F30_CNLL_A24",2011,3,9.643,9.475,9.821
30,"F30_CNLL_A24",2012,3,8.34,8.324,8.515
30,"F30_CNLL_A24",2013,3,6.046,5.997,6.1
30,"F30_CNLL_A24",2014,3,25.554,29.93,27.758
30,"F30_CNLL_A24",2016,3,4.455,4.45,4.498
30,"F30_CNLL_A24",2017,3,9.583,9.397,9.692
30,"F30_CNLL_A24",2018,3,11.277,11.084,11.39
30,"F30_CNLL_A24",2019,3,5.519,5.509,5.584
30,"F30_CNLL_A24",2020,3,21.014,19.965,22.43
30,"F30_CNLL_A24",2021,3,11.354,10.774,11.496
30,"F30_CNLL_A24",2022,3,99.855,108.837,101.782
30,"F30_CNLL_A24",2023,3,4.268,4.352,4.168
30,"F30_CNLL_A24",2024,3,17.483,15.207,16.777
31,"F31_VULL_mt",2000,3,50.07,55.772,55.851
31,"F31_VULL_mt",2014,3,47.347,51.412,52.256
31,"F31_VULL_mt",2015,3,5.488,5.184,5.782
31,"F31_VULL_mt",2023,3,20.355,25.194,20.262
31,"F31_VULL_mt",2024,3,43.22,41.539,50.126
34,"F34_EPOSF_xx24",1995,3,67.426,51.337,61.031
34,"F34_EPOSF_xx24",1996,2,56.572,74.472,74.283
34,"F34_EPOSF_xx24",1996,3,35.661,31.09,30.508
34,"F34_EPOSF_xx24",1996,4,67.691,62.154,60.619
34,"F34_EPOSF_xx24",1997,2,44.26,36.131,37.486
34,"F34_EPOSF_xx24",1997,3,86.067,88.35,76.17
34,"F34_EPOSF_xx24",1997,4,15.503,17.768,15.841
34,"F34_EPOSF_xx24",1998,3,122.996,70.984,98.542
34,"F34_EPOSF_xx24",1998,4,20.556,17.427,18.001
34,"F34_EPOSF_xx24",1999,2,41.689,35.212,36.212
34,"F34_EPOSF_xx24",1999,3,27.667,27.94,25.034
34,"F34_EPOSF_xx24",2000,2,19.477,20.303,15.897
34,"F34_EPOSF_xx24",2000,3,210.608,88.624,302.842
34,"F34_EPOSF_xx24",2001,2,38.695,67.319,46.07
34,"F34_EPOSF_xx24",2001,3,78.194,63.743,62.442
34,"F34_EPOSF_xx24",2002,3,21.665,19.329,21.31
34,"F34_EPOSF_xx24",2003,3,289.222,124.766,242.951
34,"F34_EPOSF_xx24",2004,2,21.924,31.41,26.493
34,"F34_EPOSF_xx24",2004,3,66.612,81.466,82.043
34,"F34_EPOSF_xx24",2004,4,111.105,120.463,110.629
34,"F34_EPOSF_xx24",2005,2,118.417,75.42,131.675
34,"F34_EPOSF_xx24",2005,3,208.676,95.11,198.281
34,"F34_EPOSF_xx24",2005,4,12.997,13.036,13.551
34,"F34_EPOSF_xx24",2006,3,55.055,61.384,74.665
34,"F34_EPOSF_xx24",2006,4,58.514,40.496,54.673
34,"F34_EPOSF_xx24",2007,2,13.602,10.652,13.123
34,"F34_EPOSF_xx24",2007,3,41.701,30.769,37.292
34,"F34_EPOSF_xx24",2008,2,8.893,9.473,9.777
34,"F34_EPOSF_xx24",2008,3,357.822,283.95,255.646
34,"F34_EPOSF_xx24",2008,4,15.972,18.498,15.945
34,"F34_EPOSF_xx24",2009,2,35.702,47.553,46.777
34,"F34_EPOSF_xx24",2009,3,144.429,97.195,138.159
34,"F34_EPOSF_xx24",2009,4,80.81,79.712,73.873
34,"F34_EPOSF_xx24",2010,2,16.757,15.667,15.61
34,"F34_EPOSF_xx24",2010,3,179.707,120.24,131.594
34,"F34_EPOSF_xx24",2010,4,52.41,67.75,54.004
34,"F34_EPOSF_xx24",2011,2,62.838,60.296,70.741
34,"F34_EPOSF_xx24",2011,3,293.874,384.071,273.737
34,"F34_EPOSF_xx24",2011,4,70.99,64.89,65.249
34,"F34_EPOSF_xx24",2012,2,88.812,100.356,115.913
34,"F34_EPOSF_xx24",2012,3,149.585,101.458,164.943
34,"F34_EPOSF_xx24",2012,4,103.537,68.543,94.717
34,"F34_EPOSF_xx24",2013,3,119.908,122.527,153.841
34,"F34_EPOSF_xx24",2013,4,37.488,34.21,39.137
34,"F34_EPOSF_xx24",2014,3,53.194,63.989,59.324
34,"F34_EPOSF_xx24",2014,4,30.184,32.026,29.633
34,"F34_EPOSF_xx24",2015,2,11.89,13.731,12.643
34,"F34_EPOSF_xx24",2015,3,43.675,49.82,53.427
34,"F34_EPOSF_xx24",2015,4,39.491,52.183,45.651
34,"F34_EPOSF_xx24",2016,2,13.525,15.568,14.04
34,"F34_EPOSF_xx24",2016,3,39.736,50.124,43.729
34,"F34_EPOSF_xx24",2016,4,29.597,37.18,30.391
34,"F34_EPOSF_xx24",2017,2,8.601,9.424,9.16
34,"F34_EPOSF_xx24",2017,3,24.304,28.913,27.953
34,"F34_EPOSF_xx24",2017,4,18.907,21.504,20.715
34,"F34_EPOSF_xx24",2018,2,10.751,12.515,11.93
34,"F34_EPOSF_xx24",2018,3,43.92,51.235,53.822
34,"F34_EPOSF_xx24",2019,2,16.782,25.625,20.926
34,"F34_EPOSF_xx24",2019,3,103.479,138.131,123.005
34,"F34_EPOSF_xx24",2019,4,46.439,51.388,52.204
34,"F34_EPOSF_xx24",2020,3,33.329,45.667,34.425
34,"F34_EPOSF_xx24",2020,4,34.992,39.421,22.969
34,"F34_EPOSF_xx24",2021,3,18.247,20.042,16.941
34,"F34_EPOSF_xx24",2021,4,7.56,10.78,8.542
34,"F34_EPOSF_xx24",2022,3,33.841,31.152,34.217
34,"F34_EPOSF_xx24",2022,4,23.821,22.58,24.884
34,"F34_EPOSF_xx24",2023,3,44.177,40.299,47.614
34,"F34_EPOSF_xx24",2024,3,277.871,398.445,436.159
34,"F34_EPOSF_xx24",2024,4,53.894,63.674,51.408
35,"F35_JPTWKR_DNMisc",2008,1,19.955,15.817,15.713
35,"F35_JPTWKR_DNMisc",2008,2,23.529,21.794,25.056
35,"F35_JPTWKR_DNMisc",2008,3,4.871,5.32,5.534
35,"F35_JPTWKR_DNMisc",2008,4,22.913,20.957,17.423
35,"F35_JPTWKR_DNMisc",2009,1,18.229,16.581,15.424
35,"F35_JPTWKR_DNMisc",2009,2,18.66,19.102,17.827
35,"F35_JPTWKR_DNMisc",2009,4,83.288,117.777,102.417
35,"F35_JPTWKR_DNMisc",2010,2,5.096,5.782,5.082
35,"F35_JPTWKR_DNMisc",2010,3,4.48,4.584,5.469
35,"F35_JPTWKR_DNMisc",2010,4,39.629,27.059,21.194
35,"F35_JPTWKR_DNMisc",2011,1,12.13,11.216,10.587
35,"F35_JPTWKR_DNMisc",2011,4,18.62,19.479,17.362
35,"F35_JPTWKR_DNMisc",2012,1,12.578,11.381,10.533
35,"F35_JPTWKR_DNMisc",2012,2,23.098,24.029,21.598
35,"F35_JPTWKR_DNMisc",2014,4,4.373,3.736,3.541
35,"F35_JPTWKR_DNMisc",2015,1,5.293,4.67,5.427
35,"F35_JPTWKR_DNMisc",2015,3,4.106,4.64,4.687
35,"F35_JPTWKR_DNMisc",2015,4,12.202,14.618,16.203
35,"F35_JPTWKR_DNMisc",2016,2,2.08,2.344,2.045
35,"F35_JPTWKR_DNMisc",2016,4,5.921,5.266,5.025
35,"F35_JPTWKR_DNMisc",2017,4,17.97,21.023,17.934
35,"F35_JPTWKR_DNMisc",2018,3,7.347,6.064,4.978
35,"F35_JPTWKR_DNMisc",2018,4,50.143,30.421,24.775
35,"F35_JPTWKR_DNMisc",2022,3,2.73,2.937,2.71
35,"F35_JPTWKR_DNMisc",2023,3,2.599,2.574,2.477
36,"S36_JPLL_idx_adult",1996,1,21.892,6.219,7.297
36,"S36_JPLL_idx_adult",1997,1,22.494,7.413,8.132
36,"S36_JPLL_idx_adult",1998,1,21.715,7.418,8.714
36,"S36_JPLL_idx_adult",1999,1,19.078,6.483,8.053
36,"S36_JPLL_idx_adult",2000,1,18.053,6.926,7.584
36,"S36_JPLL_idx_adult",2001,1,16.573,6.181,6.967
36,"S36_JPLL_idx_adult",2002,1,16.754,6.291,6.67
36,"S36_JPLL_idx_adult",2003,1,16.656,6.492,7.036
36,"S36_JPLL_idx_adult",2004,1,16.639,5.305,6.928
36,"S36_JPLL_idx_adult",2005,1,16.808,6.268,7.058
36,"S36_JPLL_idx_adult",2006,1,16.127,6.573,6.885
36,"S36_JPLL_idx_adult",2007,1,15.226,6.505,6.849
36,"S36_JPLL_idx_adult",2008,1,13.906,6.184,7.172
36,"S36_JPLL_idx_adult",2009,1,14.2,5.09,6.303
36,"S36_JPLL_idx_adult",2010,1,15.252,5.848,6.106
36,"S36_JPLL_idx_adult",2011,1,16.264,6.103,6.392
36,"S36_JPLL_idx_adult",2012,1,16.025,5.978,6.7
36,"S36_JPLL_idx_adult",2013,1,15.874,5.848,6.683
36,"S36_JPLL_idx_adult",2014,1,15.551,5.898,6.61
36,"S36_JPLL_idx_adult",2015,1,15.259,5.729,6.415
36,"S36_JPLL_idx_adult",2016,1,15.578,5.729,6.32
36,"S36_JPLL_idx_adult",2017,1,17.013,6.298,6.781
36,"S36_JPLL_idx_adult",2018,1,18.052,6.75,7.238
36,"S36_JPLL_idx_adult",2019,1,19.293,7.267,7.447
36,"S36_JPLL_idx_adult",2020,1,17.821,7.225,7.813
36,"S36_JPLL_idx_adult",2021,1,13.563,6.244,8.459
36,"S36_JPLL_idx_adult",2022,1,16.12,5.279,6.848
36,"S36_JPLL_idx_adult",2023,1,19.621,6.593,6.72
36,"S36_JPLL_idx_adult",2024,1,19.662,6.995,7.309
