"type","Fleet","Fleet_Name","Yr","Seas","Nsamp_in","Nsamp_adj","effN"
"base2026",1,"F1_JPLL_A13_Q1_wt",1994,1,90.54,24.9184,25.2805
"base2026",1,"F1_JPLL_A13_Q1_wt",1995,1,1.04,0.286229,4.28678
"base2026",1,"F1_JPLL_A13_Q1_wt",1996,1,92.13,25.356,14.9895
"base2026",1,"F1_JPLL_A13_Q1_wt",1997,1,113.56,31.254,52.1574
"base2026",1,"F1_JPLL_A13_Q1_wt",1998,1,121.3,33.3842,102.617
"base2026",1,"F1_JPLL_A13_Q1_wt",1999,1,19.47,5.35853,16.4487
"base2026",1,"F1_JPLL_A13_Q1_wt",2000,1,83.39,22.9506,222.49
"base2026",1,"F1_JPLL_A13_Q1_wt",2001,1,151.26,41.6298,126.658
"base2026",1,"F1_JPLL_A13_Q1_wt",2002,1,391.14,107.65,307.196
"base2026",1,"F1_JPLL_A13_Q1_wt",2003,1,232.32,63.9391,162.194
"base2026",1,"F1_JPLL_A13_Q1_wt",2004,1,246.15,67.7454,80.503
"base2026",1,"F1_JPLL_A13_Q1_wt",2005,1,342.26,94.1968,82.4922
"base2026",1,"F1_JPLL_A13_Q1_wt",2006,1,283.38,77.9918,250.767
"base2026",1,"F1_JPLL_A13_Q1_wt",2007,1,201.49,55.4541,264.592
"base2026",1,"F1_JPLL_A13_Q1_wt",2008,1,291.31,80.1743,107.571
"base2026",1,"F1_JPLL_A13_Q1_wt",2009,1,270.37,74.4112,499.895
"base2026",1,"F1_JPLL_A13_Q1_wt",2010,1,232.98,64.1208,395.973
"base2026",1,"F1_JPLL_A13_Q1_wt",2011,1,261.75,72.0388,448.302
"base2026",1,"F1_JPLL_A13_Q1_wt",2012,1,298.33,82.1064,257.735
"base2026",1,"F1_JPLL_A13_Q1_wt",2013,1,138.71,38.1758,202.924
"base2026",1,"F1_JPLL_A13_Q1_wt",2014,1,164.52,45.2792,53.8683
"base2026",1,"F1_JPLL_A13_Q1_wt",2015,1,253.56,69.7848,217.624
"base2026",1,"F1_JPLL_A13_Q1_wt",2016,1,246.7,67.8968,200.948
"base2026",1,"F1_JPLL_A13_Q1_wt",2017,1,199.39,54.8761,195.333
"base2026",1,"F1_JPLL_A13_Q1_wt",2018,1,146.91,40.4326,91.7141
"base2026",1,"F1_JPLL_A13_Q1_wt",2019,1,132.24,36.3951,70.26
"base2026",1,"F1_JPLL_A13_Q1_wt",2020,1,152.93,42.0894,176.215
"base2026",1,"F1_JPLL_A13_Q1_wt",2021,1,184.29,50.7203,64.3384
"base2026",1,"F1_JPLL_A13_Q1_wt",2022,1,191.86,52.8037,41.3058
"base2026",1,"F1_JPLL_A13_Q1_wt",2023,1,196.68,54.1303,360.635
"base2026",1,"F1_JPLL_A13_Q1_wt",2024,1,77.44,21.313,43.4018
"base2026",2,"F2_JPLL_A13_Q2_wt",1996,2,9.74,2.14572,12.2268
"base2026",2,"F2_JPLL_A13_Q2_wt",1997,2,22.66,4.992,54.6741
"base2026",2,"F2_JPLL_A13_Q2_wt",2000,2,1.16,0.255548,7.8696
"base2026",2,"F2_JPLL_A13_Q2_wt",2001,2,93.34,20.5628,61.5282
"base2026",2,"F2_JPLL_A13_Q2_wt",2002,2,171.01,37.6735,27.5369
"base2026",2,"F2_JPLL_A13_Q2_wt",2003,2,154.28,33.9879,52.7422
"base2026",2,"F2_JPLL_A13_Q2_wt",2004,2,156.2,34.4109,24.4051
"base2026",2,"F2_JPLL_A13_Q2_wt",2005,2,317.81,70.0135,28.877
"base2026",2,"F2_JPLL_A13_Q2_wt",2006,2,215.61,47.4989,88.3019
"base2026",2,"F2_JPLL_A13_Q2_wt",2007,2,150.55,33.1662,251.599
"base2026",2,"F2_JPLL_A13_Q2_wt",2008,2,182.61,40.229,51.6721
"base2026",2,"F2_JPLL_A13_Q2_wt",2009,2,152.31,33.5539,90.2026
"base2026",2,"F2_JPLL_A13_Q2_wt",2010,2,109.97,24.2264,101.309
"base2026",2,"F2_JPLL_A13_Q2_wt",2011,2,128.75,28.3636,47.5184
"base2026",2,"F2_JPLL_A13_Q2_wt",2012,2,120.39,26.5219,98.3331
"base2026",2,"F2_JPLL_A13_Q2_wt",2013,2,93.57,20.6135,91.1044
"base2026",2,"F2_JPLL_A13_Q2_wt",2014,2,89.49,19.7146,56.067
"base2026",2,"F2_JPLL_A13_Q2_wt",2015,2,80.71,17.7804,54.9852
"base2026",2,"F2_JPLL_A13_Q2_wt",2016,2,84.47,18.6087,34.0803
"base2026",2,"F2_JPLL_A13_Q2_wt",2017,2,65.57,14.4451,62.9363
"base2026",2,"F2_JPLL_A13_Q2_wt",2018,2,37.79,8.32514,26.0119
"base2026",2,"F2_JPLL_A13_Q2_wt",2019,2,38.18,8.41105,47.3991
"base2026",2,"F2_JPLL_A13_Q2_wt",2020,2,47.99,10.5722,157.238
"base2026",2,"F2_JPLL_A13_Q2_wt",2021,2,94.24,20.7611,10.6974
"base2026",2,"F2_JPLL_A13_Q2_wt",2022,2,44.87,9.88486,5.86724
"base2026",2,"F2_JPLL_A13_Q2_wt",2023,2,52.51,11.568,48.0645
"base2026",2,"F2_JPLL_A13_Q2_wt",2024,2,46.62,10.2704,19.4687
"base2026",3,"F3_JPLL_A13_Q3_wt",2000,3,1.06,0.291733,45.6093
"base2026",3,"F3_JPLL_A13_Q3_wt",2001,3,15.03,4.13656,11.5203
"base2026",3,"F3_JPLL_A13_Q3_wt",2002,3,9.45,2.60083,25.6547
"base2026",3,"F3_JPLL_A13_Q3_wt",2003,3,8.19,2.25405,10.0906
"base2026",3,"F3_JPLL_A13_Q3_wt",2004,3,2.9,0.798138,8.0607
"base2026",3,"F3_JPLL_A13_Q3_wt",2005,3,16.29,4.48333,34.101
"base2026",3,"F3_JPLL_A13_Q3_wt",2006,3,4.86,1.33757,16.5847
"base2026",3,"F3_JPLL_A13_Q3_wt",2007,3,8.8,2.42194,26.6544
"base2026",3,"F3_JPLL_A13_Q3_wt",2008,3,1.16,0.319255,52.2384
"base2026",3,"F3_JPLL_A13_Q3_wt",2009,3,1.17,0.322007,9.16437
"base2026",3,"F3_JPLL_A13_Q3_wt",2010,3,4.67,1.28528,37.6402
"base2026",3,"F3_JPLL_A13_Q3_wt",2011,3,11.53,3.17329,25.421
"base2026",3,"F3_JPLL_A13_Q3_wt",2012,3,3.91,1.07611,17.7906
"base2026",3,"F3_JPLL_A13_Q3_wt",2013,3,5.32,1.46417,46.1951
"base2026",3,"F3_JPLL_A13_Q3_wt",2014,3,4.26,1.17244,12.8989
"base2026",3,"F3_JPLL_A13_Q3_wt",2015,3,20.97,5.77136,19.7631
"base2026",3,"F3_JPLL_A13_Q3_wt",2016,3,6.01,1.65407,32.7882
"base2026",3,"F3_JPLL_A13_Q3_wt",2017,3,0.98,0.269716,19.1909
"base2026",3,"F3_JPLL_A13_Q3_wt",2018,3,0.56,0.154123,11.7325
"base2026",3,"F3_JPLL_A13_Q3_wt",2019,3,3.89,1.07061,12.2311
"base2026",3,"F3_JPLL_A13_Q3_wt",2020,3,2.13,0.586219,24.3206
"base2026",3,"F3_JPLL_A13_Q3_wt",2021,3,0.85,0.233937,22.6461
"base2026",3,"F3_JPLL_A13_Q3_wt",2022,3,3.4,0.935748,27.0793
"base2026",3,"F3_JPLL_A13_Q3_wt",2023,3,2.33,0.641263,12.3326
"base2026",3,"F3_JPLL_A13_Q3_wt",2024,3,5.18,1.42564,37.7657
"base2026",4,"F4_JPLL_A13_Q4_wt",1996,4,13.35,3.67419,23.5425
"base2026",4,"F4_JPLL_A13_Q4_wt",1999,4,27.9,7.67864,80.7424
"base2026",4,"F4_JPLL_A13_Q4_wt",2000,4,28.08,7.72818,51.8012
"base2026",4,"F4_JPLL_A13_Q4_wt",2001,4,177.59,48.8763,308.046
"base2026",4,"F4_JPLL_A13_Q4_wt",2002,4,107.96,29.7128,23.9379
"base2026",4,"F4_JPLL_A13_Q4_wt",2003,4,114.86,31.6118,43.1232
"base2026",4,"F4_JPLL_A13_Q4_wt",2004,4,127.64,35.1291,137.736
"base2026",4,"F4_JPLL_A13_Q4_wt",2005,4,195.26,53.7395,43.472
"base2026",4,"F4_JPLL_A13_Q4_wt",2006,4,177.92,48.9671,106.012
"base2026",4,"F4_JPLL_A13_Q4_wt",2007,4,206.57,56.8522,374.787
"base2026",4,"F4_JPLL_A13_Q4_wt",2008,4,78.8,21.6873,91.5336
"base2026",4,"F4_JPLL_A13_Q4_wt",2009,4,131.01,36.0566,314.646
"base2026",4,"F4_JPLL_A13_Q4_wt",2010,4,93.89,25.8404,75.5801
"base2026",4,"F4_JPLL_A13_Q4_wt",2011,4,144.18,39.6812,137.01
"base2026",4,"F4_JPLL_A13_Q4_wt",2012,4,94.43,25.989,87.6102
"base2026",4,"F4_JPLL_A13_Q4_wt",2013,4,89.55,24.646,35.2395
"base2026",4,"F4_JPLL_A13_Q4_wt",2014,4,142.85,39.3152,117.392
"base2026",4,"F4_JPLL_A13_Q4_wt",2015,4,178.28,49.0662,84.6421
"base2026",4,"F4_JPLL_A13_Q4_wt",2016,4,100.33,27.6128,70.8881
"base2026",4,"F4_JPLL_A13_Q4_wt",2017,4,81.23,22.3561,249.634
"base2026",4,"F4_JPLL_A13_Q4_wt",2018,4,58.7,16.1554,217.162
"base2026",4,"F4_JPLL_A13_Q4_wt",2019,4,172.18,47.3874,112.949
"base2026",4,"F4_JPLL_A13_Q4_wt",2020,4,101.19,27.8495,78.4139
"base2026",4,"F4_JPLL_A13_Q4_wt",2021,4,57.23,15.7508,50.0014
"base2026",4,"F4_JPLL_A13_Q4_wt",2022,4,77.08,21.214,50.0889
"base2026",4,"F4_JPLL_A13_Q4_wt",2023,4,27.6,7.59607,25.5553
"base2026",4,"F4_JPLL_A13_Q4_wt",2024,4,24.67,6.78968,32.0601
"base2026",9,"F9_JPLL_A2_Q1_wt",1994,1,45.41,12.4977,61.2914
"base2026",9,"F9_JPLL_A2_Q1_wt",1996,1,20.33,5.59522,58.001
"base2026",9,"F9_JPLL_A2_Q1_wt",1997,1,35.08,9.65472,40.1081
"base2026",9,"F9_JPLL_A2_Q1_wt",1999,1,25.9,7.1282,47.2612
"base2026",9,"F9_JPLL_A2_Q1_wt",2000,1,26.83,7.38415,53.8552
"base2026",9,"F9_JPLL_A2_Q1_wt",2001,1,36.98,10.1776,197.443
"base2026",9,"F9_JPLL_A2_Q1_wt",2002,1,104.61,28.7908,538.884
"base2026",9,"F9_JPLL_A2_Q1_wt",2003,1,152.5,41.9711,239.782
"base2026",9,"F9_JPLL_A2_Q1_wt",2004,1,59.66,16.4196,73.8006
"base2026",9,"F9_JPLL_A2_Q1_wt",2005,1,52.27,14.3857,96.1901
"base2026",9,"F9_JPLL_A2_Q1_wt",2006,1,93.11,25.6257,112.203
"base2026",9,"F9_JPLL_A2_Q1_wt",2007,1,103.49,28.4825,67.0032
"base2026",9,"F9_JPLL_A2_Q1_wt",2008,1,68.31,18.8003,149.293
"base2026",9,"F9_JPLL_A2_Q1_wt",2009,1,49.41,13.5986,89.2786
"base2026",9,"F9_JPLL_A2_Q1_wt",2010,1,58.13,15.9985,341.835
"base2026",9,"F9_JPLL_A2_Q1_wt",2011,1,61.4,16.8985,97.3104
"base2026",9,"F9_JPLL_A2_Q1_wt",2012,1,61.23,16.8517,109.365
"base2026",9,"F9_JPLL_A2_Q1_wt",2013,1,35.54,9.78132,265.097
"base2026",9,"F9_JPLL_A2_Q1_wt",2014,1,32.39,8.91438,145.366
"base2026",9,"F9_JPLL_A2_Q1_wt",2015,1,130.79,35.996,421.177
"base2026",9,"F9_JPLL_A2_Q1_wt",2016,1,104.54,28.7715,220.851
"base2026",9,"F9_JPLL_A2_Q1_wt",2017,1,47.36,13.0344,85.6263
"base2026",9,"F9_JPLL_A2_Q1_wt",2018,1,72.37,19.9177,157.287
"base2026",9,"F9_JPLL_A2_Q1_wt",2019,1,130.07,35.7979,126.819
"base2026",9,"F9_JPLL_A2_Q1_wt",2020,1,18.64,5.1301,24.4872
"base2026",9,"F9_JPLL_A2_Q1_wt",2021,1,24.14,6.64381,39.4863
"base2026",9,"F9_JPLL_A2_Q1_wt",2022,1,14.79,4.0705,309.004
"base2026",9,"F9_JPLL_A2_Q1_wt",2023,1,17.54,4.82736,32.8169
"base2026",9,"F9_JPLL_A2_Q1_wt",2024,1,22.31,6.14016,56.8216
"base2026",10,"F10_JPLL_A2_Q2_wt_9624",2000,2,5.01,1.37885,31.9619
"base2026",10,"F10_JPLL_A2_Q2_wt_9624",2001,2,39.24,10.7996,126.078
"base2026",10,"F10_JPLL_A2_Q2_wt_9624",2002,2,72.89,20.0608,242.075
"base2026",10,"F10_JPLL_A2_Q2_wt_9624",2003,2,53.37,14.6885,16.3185
"base2026",10,"F10_JPLL_A2_Q2_wt_9624",2004,2,52.41,14.4243,251.995
"base2026",10,"F10_JPLL_A2_Q2_wt_9624",2005,2,51.36,14.1353,87.3639
"base2026",10,"F10_JPLL_A2_Q2_wt_9624",2006,2,33.2,9.1373,100.931
"base2026",10,"F10_JPLL_A2_Q2_wt_9624",2007,2,18.52,5.09707,90.2622
"base2026",10,"F10_JPLL_A2_Q2_wt_9624",2008,2,43.56,11.9886,67.9147
"base2026",10,"F10_JPLL_A2_Q2_wt_9624",2009,2,42.29,11.6391,161.893
"base2026",10,"F10_JPLL_A2_Q2_wt_9624",2010,2,48.58,13.3702,525.026
"base2026",10,"F10_JPLL_A2_Q2_wt_9624",2011,2,84.13,23.1543,91.6963
"base2026",10,"F10_JPLL_A2_Q2_wt_9624",2012,2,83.22,22.9038,79.1587
"base2026",10,"F10_JPLL_A2_Q2_wt_9624",2013,2,75.35,20.7378,402.801
"base2026",10,"F10_JPLL_A2_Q2_wt_9624",2014,2,79.88,21.9846,391.133
"base2026",10,"F10_JPLL_A2_Q2_wt_9624",2015,2,155.66,42.8407,142.103
"base2026",10,"F10_JPLL_A2_Q2_wt_9624",2016,2,81.2,22.3479,270.121
"base2026",10,"F10_JPLL_A2_Q2_wt_9624",2017,2,66.65,18.3434,142.377
"base2026",10,"F10_JPLL_A2_Q2_wt_9624",2018,2,77.73,21.3929,164.224
"base2026",10,"F10_JPLL_A2_Q2_wt_9624",2019,2,84.57,23.2754,134.782
"base2026",10,"F10_JPLL_A2_Q2_wt_9624",2020,2,52.17,14.3582,234.233
"base2026",10,"F10_JPLL_A2_Q2_wt_9624",2021,2,77.36,21.291,33.8534
"base2026",10,"F10_JPLL_A2_Q2_wt_9624",2022,2,65.69,18.0792,108.289
"base2026",10,"F10_JPLL_A2_Q2_wt_9624",2023,2,45.82,12.6106,21.7584
"base2026",10,"F10_JPLL_A2_Q2_wt_9624",2024,2,32.74,9.0107,51.2167
"base2026",11,"F11_JPLL_A2_Q3_wt",2001,3,64.63,17.7875,168.548
"base2026",11,"F11_JPLL_A2_Q3_wt",2002,3,36.31,9.99324,96.7443
"base2026",11,"F11_JPLL_A2_Q3_wt",2003,3,55.74,15.3408,73.6384
"base2026",11,"F11_JPLL_A2_Q3_wt",2004,3,56.73,15.6132,143.924
"base2026",11,"F11_JPLL_A2_Q3_wt",2005,3,69.45,19.114,69.7497
"base2026",11,"F11_JPLL_A2_Q3_wt",2006,3,33.77,9.29418,155.629
"base2026",11,"F11_JPLL_A2_Q3_wt",2007,3,65.77,18.1012,91.7234
"base2026",11,"F11_JPLL_A2_Q3_wt",2008,3,57.09,15.7123,62.5485
"base2026",11,"F11_JPLL_A2_Q3_wt",2009,3,58.83,16.1912,98.6247
"base2026",11,"F11_JPLL_A2_Q3_wt",2010,3,59.15,16.2793,166.487
"base2026",11,"F11_JPLL_A2_Q3_wt",2011,3,45.92,12.6381,1215.13
"base2026",11,"F11_JPLL_A2_Q3_wt",2012,3,66.16,18.2086,255.722
"base2026",11,"F11_JPLL_A2_Q3_wt",2013,3,109.29,30.0788,222.984
"base2026",11,"F11_JPLL_A2_Q3_wt",2014,3,140.97,38.7978,183.141
"base2026",11,"F11_JPLL_A2_Q3_wt",2015,3,81.02,22.2983,206.465
"base2026",11,"F11_JPLL_A2_Q3_wt",2016,3,117.07,32.22,222.934
"base2026",11,"F11_JPLL_A2_Q3_wt",2017,3,116.75,32.1319,249.628
"base2026",11,"F11_JPLL_A2_Q3_wt",2018,3,91.1,25.0725,256.298
"base2026",11,"F11_JPLL_A2_Q3_wt",2019,3,143.68,39.5436,136.188
"base2026",11,"F11_JPLL_A2_Q3_wt",2020,3,52.09,14.3362,9.33894
"base2026",11,"F11_JPLL_A2_Q3_wt",2021,3,69.94,19.2489,42.7113
"base2026",11,"F11_JPLL_A2_Q3_wt",2022,3,57.2,15.7426,55.5558
"base2026",11,"F11_JPLL_A2_Q3_wt",2023,3,71.85,19.7746,20.8738
"base2026",11,"F11_JPLL_A2_Q3_wt",2024,3,79.67,21.9268,148.558
"base2026",12,"F12_JPLL_A2_Q4_wt",1994,4,2.07,0.569705,44.3289
"base2026",12,"F12_JPLL_A2_Q4_wt",1996,4,12.02,3.30814,41.3603
"base2026",12,"F12_JPLL_A2_Q4_wt",1997,4,7.88,2.16873,51.6387
"base2026",12,"F12_JPLL_A2_Q4_wt",1999,4,6.26,1.72288,62.3077
"base2026",12,"F12_JPLL_A2_Q4_wt",2001,4,87.86,24.1808,162.81
"base2026",12,"F12_JPLL_A2_Q4_wt",2002,4,58.81,16.1857,106.192
"base2026",12,"F12_JPLL_A2_Q4_wt",2003,4,70.3,19.348,42.6841
"base2026",12,"F12_JPLL_A2_Q4_wt",2004,4,5.08,1.39812,69.1985
"base2026",12,"F12_JPLL_A2_Q4_wt",2005,4,54.27,14.9362,46.6802
"base2026",12,"F12_JPLL_A2_Q4_wt",2006,4,21.78,5.99429,267.672
"base2026",12,"F12_JPLL_A2_Q4_wt",2007,4,26.63,7.32911,68.3906
"base2026",12,"F12_JPLL_A2_Q4_wt",2008,4,15.62,4.29894,318.3
"base2026",12,"F12_JPLL_A2_Q4_wt",2009,4,15.08,4.15032,269.373
"base2026",12,"F12_JPLL_A2_Q4_wt",2010,4,12.89,3.54759,82.1442
"base2026",12,"F12_JPLL_A2_Q4_wt",2011,4,29.91,8.23183,260.059
"base2026",12,"F12_JPLL_A2_Q4_wt",2012,4,39.48,10.8657,56.5577
"base2026",12,"F12_JPLL_A2_Q4_wt",2013,4,27.61,7.59882,47.5461
"base2026",12,"F12_JPLL_A2_Q4_wt",2014,4,86.45,23.7928,291.49
"base2026",12,"F12_JPLL_A2_Q4_wt",2015,4,57.16,15.7316,126.623
"base2026",12,"F12_JPLL_A2_Q4_wt",2016,4,74.68,20.5534,137.932
"base2026",12,"F12_JPLL_A2_Q4_wt",2017,4,136.62,37.6006,112.16
"base2026",12,"F12_JPLL_A2_Q4_wt",2018,4,91.38,25.1496,140.316
"base2026",12,"F12_JPLL_A2_Q4_wt",2019,4,78.77,21.6791,109.11
"base2026",12,"F12_JPLL_A2_Q4_wt",2020,4,42.46,11.6858,103.612
"base2026",12,"F12_JPLL_A2_Q4_wt",2021,4,51.01,14.039,96.0091
"base2026",12,"F12_JPLL_A2_Q4_wt",2022,4,43.66,12.0161,51.0228
"base2026",12,"F12_JPLL_A2_Q4_wt",2023,4,39.32,10.8217,35.8424
"base2026",12,"F12_JPLL_A2_Q4_wt",2024,4,34.36,9.45656,49.6269
"base2026",17,"F17_JPLL_A4_num",1995,3,2.03,0.558697,65.4935
"base2026",17,"F17_JPLL_A4_num",1995,4,0.42,0.115592,34.5383
"base2026",17,"F17_JPLL_A4_num",1996,2,0.14,0.0385308,8.6145
"base2026",17,"F17_JPLL_A4_num",1999,4,3.6,0.990792,32.8242
"base2026",17,"F17_JPLL_A4_num",2000,1,2.9,0.798138,31.0479
"base2026",17,"F17_JPLL_A4_num",2000,2,8.06,2.21827,155.041
"base2026",17,"F17_JPLL_A4_num",2000,4,11.42,3.14301,33.8815
"base2026",17,"F17_JPLL_A4_num",2001,1,13.29,3.65767,39.1555
"base2026",17,"F17_JPLL_A4_num",2001,2,15.67,4.3127,38.9203
"base2026",17,"F17_JPLL_A4_num",2001,3,22.67,6.23924,139.152
"base2026",17,"F17_JPLL_A4_num",2001,4,32.09,8.83181,83.833
"base2026",17,"F17_JPLL_A4_num",2002,1,15.24,4.19435,44.7466
"base2026",17,"F17_JPLL_A4_num",2002,2,10.55,2.90357,144.34
"base2026",17,"F17_JPLL_A4_num",2002,3,15.93,4.38425,67.7137
"base2026",17,"F17_JPLL_A4_num",2002,4,4.3,1.18345,143.563
"base2026",17,"F17_JPLL_A4_num",2003,1,13.87,3.8173,150.66
"base2026",17,"F17_JPLL_A4_num",2003,2,1.34,0.368795,6.82354
"base2026",17,"F17_JPLL_A4_num",2003,3,7.03,1.9348,29.0527
"base2026",17,"F17_JPLL_A4_num",2004,1,47.2,12.9904,80.9903
"base2026",17,"F17_JPLL_A4_num",2004,2,1.04,0.286229,17.0521
"base2026",17,"F17_JPLL_A4_num",2004,3,2.03,0.558697,186.625
"base2026",17,"F17_JPLL_A4_num",2005,1,15.99,4.40077,147.638
"base2026",17,"F17_JPLL_A4_num",2005,2,0.48,0.132106,12.8444
"base2026",17,"F17_JPLL_A4_num",2005,3,4.22,1.16143,124.489
"base2026",17,"F17_JPLL_A4_num",2005,4,1.68,0.46237,40.9486
"base2026",17,"F17_JPLL_A4_num",2006,1,17.57,4.83562,331.031
"base2026",17,"F17_JPLL_A4_num",2006,2,3.09,0.85043,42.3212
"base2026",17,"F17_JPLL_A4_num",2006,3,12.21,3.36044,92.4748
"base2026",17,"F17_JPLL_A4_num",2006,4,7.97,2.1935,92.6627
"base2026",17,"F17_JPLL_A4_num",2007,1,8.21,2.25956,83.0823
"base2026",17,"F17_JPLL_A4_num",2007,2,0.47,0.129353,26.5577
"base2026",17,"F17_JPLL_A4_num",2007,3,2.18,0.59998,104.897
"base2026",17,"F17_JPLL_A4_num",2008,1,14.12,3.88611,56.5326
"base2026",17,"F17_JPLL_A4_num",2008,2,1.98,0.544936,34.8247
"base2026",17,"F17_JPLL_A4_num",2008,3,2.53,0.696307,68.9
"base2026",17,"F17_JPLL_A4_num",2008,4,5.55,1.52747,101.617
"base2026",17,"F17_JPLL_A4_num",2009,1,2.13,0.586219,51.7754
"base2026",17,"F17_JPLL_A4_num",2009,3,1.57,0.432095,74.9481
"base2026",17,"F17_JPLL_A4_num",2010,1,0.12,0.0330264,4.55159
"base2026",17,"F17_JPLL_A4_num",2010,2,0.17,0.0467874,1.81335
"base2026",17,"F17_JPLL_A4_num",2010,3,1.08,0.297238,16.752
"base2026",17,"F17_JPLL_A4_num",2010,4,1.5,0.41283,71.962
"base2026",17,"F17_JPLL_A4_num",2011,1,1.25,0.344025,115.397
"base2026",17,"F17_JPLL_A4_num",2011,3,34.8,9.57766,100.051
"base2026",17,"F17_JPLL_A4_num",2011,4,10.99,3.02467,18.9341
"base2026",17,"F17_JPLL_A4_num",2012,1,2.47,0.679793,39.1387
"base2026",17,"F17_JPLL_A4_num",2012,2,0.46,0.126601,15.9227
"base2026",17,"F17_JPLL_A4_num",2012,3,30.46,8.3832,286.231
"base2026",17,"F17_JPLL_A4_num",2012,4,5.12,1.40913,101.927
"base2026",17,"F17_JPLL_A4_num",2013,1,0.16,0.0440352,9.37384
"base2026",17,"F17_JPLL_A4_num",2013,2,2.78,0.765112,30.8108
"base2026",17,"F17_JPLL_A4_num",2013,3,4.65,1.27977,50.8814
"base2026",17,"F17_JPLL_A4_num",2014,1,0.12,0.0330264,5.13931
"base2026",17,"F17_JPLL_A4_num",2014,2,3.33,0.916483,16.4052
"base2026",17,"F17_JPLL_A4_num",2014,4,2.81,0.773368,213.224
"base2026",17,"F17_JPLL_A4_num",2015,3,4.88,1.34307,132.722
"base2026",17,"F17_JPLL_A4_num",2015,4,3.86,1.06235,20.4194
"base2026",17,"F17_JPLL_A4_num",2016,2,10.62,2.92284,277.121
"base2026",17,"F17_JPLL_A4_num",2016,3,12.62,3.47328,166.303
"base2026",17,"F17_JPLL_A4_num",2017,3,26.34,7.24929,176.416
"base2026",17,"F17_JPLL_A4_num",2017,4,2.26,0.621997,60.0901
"base2026",17,"F17_JPLL_A4_num",2018,2,0.4,0.110088,60.8938
"base2026",17,"F17_JPLL_A4_num",2018,3,1.2,0.330264,30.0086
"base2026",17,"F17_JPLL_A4_num",2019,1,0.26,0.0715572,7.07197
"base2026",17,"F17_JPLL_A4_num",2019,2,0.13,0.0357786,16.593
"base2026",17,"F17_JPLL_A4_num",2019,3,15.91,4.37875,199.6
"base2026",17,"F17_JPLL_A4_num",2019,4,9.43,2.59532,137.037
"base2026",17,"F17_JPLL_A4_num",2020,2,0.15,0.041283,12.2303
"base2026",17,"F17_JPLL_A4_num",2020,3,2.94,0.809147,36.5718
"base2026",17,"F17_JPLL_A4_num",2023,2,0.12,0.0330264,3.31481
"base2026",17,"F17_JPLL_A4_num",2023,3,0.7,0.192654,10.8045
"base2026",17,"F17_JPLL_A4_num",2024,1,3.8,1.04584,11.5881
"base2026",17,"F17_JPLL_A4_num",2024,2,0.3,0.082566,8.3573
"base2026",18,"F18_JPLL_A5_num",1995,4,6.59,1.8137,65.6955
"base2026",18,"F18_JPLL_A5_num",2003,4,7.85,2.16048,55.0634
"base2026",18,"F18_JPLL_A5_num",2004,2,0.33,0.0908226,32.2375
"base2026",18,"F18_JPLL_A5_num",2004,3,1.4,0.385308,31.7026
"base2026",18,"F18_JPLL_A5_num",2004,4,9.24,2.54303,140.551
"base2026",18,"F18_JPLL_A5_num",2005,4,1.95,0.536679,35.5872
"base2026",18,"F18_JPLL_A5_num",2006,4,0.94,0.258707,41.413
"base2026",18,"F18_JPLL_A5_num",2007,4,1.73,0.476131,11.2668
"base2026",18,"F18_JPLL_A5_num",2008,4,0.55,0.151371,27.7739
"base2026",18,"F18_JPLL_A5_num",2009,3,5.97,1.64306,29.8231
"base2026",18,"F18_JPLL_A5_num",2011,3,0.6,0.165132,25.5357
"base2026",18,"F18_JPLL_A5_num",2011,4,1.82,0.5009,54.6082
"base2026",19,"F19_JPPL_A35_Q1",2002,1,1.48,0.407326,25.979
"base2026",19,"F19_JPPL_A35_Q1",2004,1,24.27,6.67959,35.6868
"base2026",19,"F19_JPPL_A35_Q1",2005,1,6.62,1.82196,16.2098
"base2026",19,"F19_JPPL_A35_Q1",2007,1,0.13,0.0357786,7.95327
"base2026",19,"F19_JPPL_A35_Q1",2022,1,5.49,1.51096,6.8883
"base2026",19,"F19_JPPL_A35_Q1",2023,1,4.45,1.22473,21.4523
"base2026",20,"F20_JPPL_A35_Q2",1994,2,2.3,0.55384,2.65082
"base2026",20,"F20_JPPL_A35_Q2",1995,2,0.2,0.04816,4.86187
"base2026",20,"F20_JPPL_A35_Q2",1996,2,111.77,26.9142,18.7695
"base2026",20,"F20_JPPL_A35_Q2",1997,2,229.95,55.372,153.862
"base2026",20,"F20_JPPL_A35_Q2",1998,2,0.41,0.098728,3.85216
"base2026",20,"F20_JPPL_A35_Q2",1999,2,9,2.1672,24.3026
"base2026",20,"F20_JPPL_A35_Q2",2000,2,4.14,0.996912,3.0783
"base2026",20,"F20_JPPL_A35_Q2",2001,2,16.73,4.02858,8.16967
"base2026",20,"F20_JPPL_A35_Q2",2002,2,75.84,18.2623,33.1768
"base2026",20,"F20_JPPL_A35_Q2",2003,2,58.91,14.1855,99.4804
"base2026",20,"F20_JPPL_A35_Q2",2004,2,99.73,24.015,15.808
"base2026",20,"F20_JPPL_A35_Q2",2005,2,24.21,5.82977,12.9507
"base2026",20,"F20_JPPL_A35_Q2",2006,2,39.13,9.4225,62.8984
"base2026",20,"F20_JPPL_A35_Q2",2007,2,68.31,16.449,58.2427
"base2026",20,"F20_JPPL_A35_Q2",2008,2,45.87,11.0455,24.0502
"base2026",20,"F20_JPPL_A35_Q2",2009,2,82.08,19.7649,99.6575
"base2026",20,"F20_JPPL_A35_Q2",2010,2,49.92,12.0207,45.4226
"base2026",20,"F20_JPPL_A35_Q2",2011,2,26.14,6.29451,27.2617
"base2026",20,"F20_JPPL_A35_Q2",2012,2,30.43,7.32754,26.658
"base2026",20,"F20_JPPL_A35_Q2",2013,2,63.02,15.1752,18.9467
"base2026",20,"F20_JPPL_A35_Q2",2014,2,33.65,8.10292,30.1055
"base2026",20,"F20_JPPL_A35_Q2",2015,2,22.34,5.37947,20.9684
"base2026",20,"F20_JPPL_A35_Q2",2016,2,47.28,11.385,83.4908
"base2026",20,"F20_JPPL_A35_Q2",2017,2,39.27,9.45622,50.0641
"base2026",20,"F20_JPPL_A35_Q2",2018,2,50.77,12.2254,24.7454
"base2026",20,"F20_JPPL_A35_Q2",2019,2,6.29,1.51463,8.0496
"base2026",20,"F20_JPPL_A35_Q2",2020,2,80,19.264,22.4631
"base2026",20,"F20_JPPL_A35_Q2",2021,2,19.32,4.65226,3.61623
"base2026",20,"F20_JPPL_A35_Q2",2022,2,4.67,1.12454,2.57724
"base2026",20,"F20_JPPL_A35_Q2",2023,2,47.68,11.4813,56.8401
"base2026",20,"F20_JPPL_A35_Q2",2024,2,14.54,3.50123,12.6108
"base2026",21,"F21_JPPL_A35_Q3",1994,3,1.71,0.424764,12.2435
"base2026",21,"F21_JPPL_A35_Q3",1995,3,7.21,1.79096,24.6763
"base2026",21,"F21_JPPL_A35_Q3",1996,3,31.28,7.76995,23.7698
"base2026",21,"F21_JPPL_A35_Q3",1997,3,91.34,22.6889,24.1768
"base2026",21,"F21_JPPL_A35_Q3",1998,3,0.89,0.221076,11.3506
"base2026",21,"F21_JPPL_A35_Q3",1999,3,0.89,0.221076,40.5933
"base2026",21,"F21_JPPL_A35_Q3",2000,3,6.69,1.6618,4.37405
"base2026",21,"F21_JPPL_A35_Q3",2001,3,8.44,2.0965,45.0156
"base2026",21,"F21_JPPL_A35_Q3",2002,3,224.05,55.654,9.48195
"base2026",21,"F21_JPPL_A35_Q3",2003,3,146.09,36.2888,30.5758
"base2026",21,"F21_JPPL_A35_Q3",2004,3,1.67,0.414828,7.82702
"base2026",21,"F21_JPPL_A35_Q3",2005,3,47.2,11.7245,7.15754
"base2026",21,"F21_JPPL_A35_Q3",2006,3,5.88,1.46059,5.65794
"base2026",21,"F21_JPPL_A35_Q3",2007,3,3.65,0.90666,17.7306
"base2026",21,"F21_JPPL_A35_Q3",2008,3,2.4,0.59616,19.8621
"base2026",21,"F21_JPPL_A35_Q3",2009,3,5.54,1.37614,15.5437
"base2026",21,"F21_JPPL_A35_Q3",2010,3,17.35,4.30974,4.75044
"base2026",21,"F21_JPPL_A35_Q3",2011,3,6.42,1.59473,6.94925
"base2026",21,"F21_JPPL_A35_Q3",2012,3,19.97,4.96055,21.6416
"base2026",21,"F21_JPPL_A35_Q3",2013,3,5.76,1.43078,3.77069
"base2026",21,"F21_JPPL_A35_Q3",2014,3,42.14,10.4676,73.8497
"base2026",21,"F21_JPPL_A35_Q3",2015,3,16.21,4.02656,15.8776
"base2026",21,"F21_JPPL_A35_Q3",2016,3,21.81,5.4176,15.1759
"base2026",21,"F21_JPPL_A35_Q3",2017,3,45.18,11.2227,21.105
"base2026",21,"F21_JPPL_A35_Q3",2018,3,11.32,2.81189,9.8444
"base2026",21,"F21_JPPL_A35_Q3",2019,3,21.7,5.39028,8.48476
"base2026",21,"F21_JPPL_A35_Q3",2021,3,3.14,0.779976,10.5051
"base2026",21,"F21_JPPL_A35_Q3",2023,3,1,0.2484,8.35713
"base2026",21,"F21_JPPL_A35_Q3",2024,3,3.62,0.899208,22.4943
"base2026",22,"F22_JPPL_A35_Q4",1994,4,9.57,2.63386,7.66505
"base2026",22,"F22_JPPL_A35_Q4",1995,4,4.46,1.22748,14.1402
"base2026",22,"F22_JPPL_A35_Q4",1997,4,23.78,6.54473,4.85842
"base2026",22,"F22_JPPL_A35_Q4",2002,4,15.01,4.13105,8.77971
"base2026",22,"F22_JPPL_A35_Q4",2003,4,128.58,35.3878,38.1133
"base2026",22,"F22_JPPL_A35_Q4",2005,4,31.6,8.69695,8.20658
"base2026",22,"F22_JPPL_A35_Q4",2009,4,11.42,3.14301,4.50611
"base2026",22,"F22_JPPL_A35_Q4",2019,4,1.67,0.459617,6.35665
"base2026",22,"F22_JPPL_A35_Q4",2020,4,0.17,0.0467874,1.18438
"base2026",23,"F23_JPPL_A24",1994,2,9.07,2.49625,8.8803
"base2026",23,"F23_JPPL_A24",1996,2,0.2,0.055044,9.6003
"base2026",23,"F23_JPPL_A24",1997,2,0.12,0.0330264,7.30704
"base2026",23,"F23_JPPL_A24",2002,1,1.48,0.407326,13.5419
"base2026",23,"F23_JPPL_A24",2002,2,8.07,2.22103,6.32528
"base2026",23,"F23_JPPL_A24",2002,4,2.71,0.745846,11.4943
"base2026",23,"F23_JPPL_A24",2003,1,5.04,1.38711,18.4646
"base2026",23,"F23_JPPL_A24",2003,2,8.2,2.2568,12.9934
"base2026",23,"F23_JPPL_A24",2003,4,2.3,0.633006,13.8113
"base2026",23,"F23_JPPL_A24",2004,1,7.44,2.04764,80.3966
"base2026",23,"F23_JPPL_A24",2004,2,1.16,0.319255,21.7374
"base2026",23,"F23_JPPL_A24",2005,1,0.36,0.0990792,3.68098
"base2026",23,"F23_JPPL_A24",2005,2,0.25,0.068805,3.91101
"base2026",23,"F23_JPPL_A24",2006,2,2.36,0.649519,14.6151
"base2026",23,"F23_JPPL_A24",2007,2,0.65,0.178893,5.21044
"base2026",23,"F23_JPPL_A24",2009,2,2.73,0.751351,12.2244
"base2026",23,"F23_JPPL_A24",2010,2,3.32,0.91373,10.217
"base2026",23,"F23_JPPL_A24",2011,2,6.55,1.80269,17.0763
"base2026",23,"F23_JPPL_A24",2011,3,4.1,1.1284,7.32942
"base2026",23,"F23_JPPL_A24",2013,2,0.25,0.068805,5.94156
"base2026",23,"F23_JPPL_A24",2015,2,2.36,0.649519,8.90584
"base2026",23,"F23_JPPL_A24",2015,3,1.94,0.533927,11.2699
"base2026",23,"F23_JPPL_A24",2015,4,0.12,0.0330264,7.50812
"base2026",23,"F23_JPPL_A24",2017,2,1.35,0.371547,11.937
"base2026",23,"F23_JPPL_A24",2021,2,5.98,1.64582,10.3304
"base2026",24,"F24_USLL_A35",1994,4,9.38,2.58156,19.0374
"base2026",24,"F24_USLL_A35",1995,1,2.49,0.685298,27.6762
"base2026",24,"F24_USLL_A35",1995,2,0.4,0.110088,24.5647
"base2026",24,"F24_USLL_A35",1996,3,0.57,0.156875,11.3173
"base2026",24,"F24_USLL_A35",1996,4,2.55,0.701811,38.6567
"base2026",24,"F24_USLL_A35",1997,1,1.01,0.277972,17.1267
"base2026",24,"F24_USLL_A35",1997,2,0.11,0.0302742,11.5949
"base2026",24,"F24_USLL_A35",1997,4,2.86,0.787129,63.3807
"base2026",24,"F24_USLL_A35",1998,1,1.08,0.297238,10.1619
"base2026",24,"F24_USLL_A35",1998,3,1.28,0.352282,18.5165
"base2026",24,"F24_USLL_A35",1998,4,10.37,2.85403,67.3681
"base2026",24,"F24_USLL_A35",1999,1,7.75,2.13295,57.3487
"base2026",24,"F24_USLL_A35",1999,2,0.52,0.143114,10.0134
"base2026",24,"F24_USLL_A35",1999,4,1.28,0.352282,53.7157
"base2026",24,"F24_USLL_A35",2000,1,1.85,0.509157,91.3059
"base2026",24,"F24_USLL_A35",2000,2,0.68,0.18715,11.4239
"base2026",24,"F24_USLL_A35",2000,4,3.2,0.880704,76.0851
"base2026",24,"F24_USLL_A35",2001,1,0.71,0.195406,38.0452
"base2026",24,"F24_USLL_A35",2004,4,2.64,0.726581,59.3581
"base2026",24,"F24_USLL_A35",2005,1,7.82,2.15222,17.702
"base2026",24,"F24_USLL_A35",2005,2,0.1,0.027522,11.2602
"base2026",24,"F24_USLL_A35",2005,4,4.94,1.35959,50.1499
"base2026",24,"F24_USLL_A35",2006,1,4.49,1.23574,145.451
"base2026",24,"F24_USLL_A35",2007,1,3.85,1.0596,99.9934
"base2026",24,"F24_USLL_A35",2007,4,0.93,0.255955,34.8456
"base2026",24,"F24_USLL_A35",2008,1,5.18,1.42564,79.4354
"base2026",24,"F24_USLL_A35",2008,2,0.48,0.132106,8.87756
"base2026",24,"F24_USLL_A35",2008,4,5.14,1.41463,101.071
"base2026",24,"F24_USLL_A35",2009,1,5.91,1.62655,42.5365
"base2026",24,"F24_USLL_A35",2009,2,0.11,0.0302742,9.21634
"base2026",24,"F24_USLL_A35",2009,3,0.54,0.148619,10.4484
"base2026",24,"F24_USLL_A35",2009,4,0.56,0.154123,20.3096
"base2026",24,"F24_USLL_A35",2010,1,3.17,0.872447,91.9076
"base2026",24,"F24_USLL_A35",2010,2,0.14,0.0385308,5.26553
"base2026",24,"F24_USLL_A35",2010,3,0.59,0.16238,13.1835
"base2026",24,"F24_USLL_A35",2010,4,5.02,1.3816,50.2097
"base2026",24,"F24_USLL_A35",2011,1,6.18,1.70086,57.5264
"base2026",24,"F24_USLL_A35",2011,2,0.35,0.096327,5.56545
"base2026",24,"F24_USLL_A35",2011,4,3.96,1.08987,61.6135
"base2026",24,"F24_USLL_A35",2012,1,3.22,0.886208,278.176
"base2026",24,"F24_USLL_A35",2012,2,0.12,0.0330264,4.48099
"base2026",24,"F24_USLL_A35",2012,3,1.92,0.528422,29.9156
"base2026",24,"F24_USLL_A35",2012,4,0.91,0.25045,28.0741
"base2026",24,"F24_USLL_A35",2013,1,3.61,0.993544,9.27541
"base2026",24,"F24_USLL_A35",2013,2,0.16,0.0440352,11.2421
"base2026",24,"F24_USLL_A35",2013,4,0.85,0.233937,28.863
"base2026",24,"F24_USLL_A35",2014,1,2.2,0.605484,79.9761
"base2026",24,"F24_USLL_A35",2014,2,0.2,0.055044,9.22684
"base2026",24,"F24_USLL_A35",2014,4,0.16,0.0440352,10.7946
"base2026",24,"F24_USLL_A35",2015,1,0.92,0.253202,32.5412
"base2026",24,"F24_USLL_A35",2015,2,0.15,0.041283,3.86478
"base2026",24,"F24_USLL_A35",2015,3,0.12,0.0330264,8.63952
"base2026",24,"F24_USLL_A35",2016,1,0.12,0.0330264,16.4201
"base2026",24,"F24_USLL_A35",2016,3,0.23,0.0633006,8.06421
"base2026",24,"F24_USLL_A35",2016,4,0.1,0.027522,12.1479
"base2026",24,"F24_USLL_A35",2017,1,0.85,0.233937,27.4837
"base2026",24,"F24_USLL_A35",2017,4,0.46,0.126601,17.5394
"base2026",24,"F24_USLL_A35",2018,1,0.55,0.151371,27.3959
"base2026",24,"F24_USLL_A35",2019,1,0.13,0.0357786,8.1757
"base2026",24,"F24_USLL_A35",2020,1,1.45,0.399069,31.8793
"base2026",24,"F24_USLL_A35",2020,3,0.19,0.0522918,16.7882
"base2026",24,"F24_USLL_A35",2020,4,0.52,0.143114,4.84685
"base2026",24,"F24_USLL_A35",2021,1,3.39,0.932996,25.6093
"base2026",24,"F24_USLL_A35",2021,2,0.89,0.244946,23.1635
"base2026",24,"F24_USLL_A35",2021,4,2,0.55044,39.3612
"base2026",24,"F24_USLL_A35",2022,1,3.9,1.07336,15.6067
"base2026",24,"F24_USLL_A35",2022,4,3.05,0.839421,31.8926
"base2026",24,"F24_USLL_A35",2023,1,2.86,0.787129,28.0896
"base2026",24,"F24_USLL_A35",2023,2,9.35,2.57331,59.2928
"base2026",24,"F24_USLL_A35",2023,4,0.82,0.22568,7.59303
"base2026",24,"F24_USLL_A35",2024,1,0.88,0.242194,46.2291
"base2026",24,"F24_USLL_A35",2024,4,0.38,0.104584,27.9119
"base2026",25,"F25_USLL_A24",1994,1,0.97,0.266963,33.9773
"base2026",25,"F25_USLL_A24",1994,2,0.39,0.107336,10.7011
"base2026",25,"F25_USLL_A24",1994,3,1.76,0.484387,54.3478
"base2026",25,"F25_USLL_A24",1994,4,5.33,1.46692,34.1539
"base2026",25,"F25_USLL_A24",1995,1,3.87,1.0651,91.8325
"base2026",25,"F25_USLL_A24",1995,2,1.93,0.531175,76.8754
"base2026",25,"F25_USLL_A24",1995,3,2.6,0.715572,39.0219
"base2026",25,"F25_USLL_A24",1995,4,4.76,1.31005,22.6878
"base2026",25,"F25_USLL_A24",1996,1,3.19,0.877952,124.971
"base2026",25,"F25_USLL_A24",1996,2,10.73,2.95311,76.5554
"base2026",25,"F25_USLL_A24",1996,3,0.76,0.209167,49.4004
"base2026",25,"F25_USLL_A24",1996,4,1.65,0.454113,154.882
"base2026",25,"F25_USLL_A24",1997,1,6.69,1.84122,129.872
"base2026",25,"F25_USLL_A24",1997,2,13.37,3.67969,45.4776
"base2026",25,"F25_USLL_A24",1997,3,0.19,0.0522918,6.74829
"base2026",25,"F25_USLL_A24",1997,4,1.35,0.371547,24.5564
"base2026",25,"F25_USLL_A24",1998,1,1.14,0.313751,53.3393
"base2026",25,"F25_USLL_A24",1998,2,1.58,0.434848,20.2887
"base2026",25,"F25_USLL_A24",1998,3,2.97,0.817403,36.1981
"base2026",25,"F25_USLL_A24",1998,4,3.21,0.883456,39.2526
"base2026",25,"F25_USLL_A24",1999,1,7.54,2.07516,46.8436
"base2026",25,"F25_USLL_A24",1999,2,2.88,0.792634,21.3721
"base2026",25,"F25_USLL_A24",1999,3,1.3,0.357786,62.2014
"base2026",25,"F25_USLL_A24",1999,4,12,3.30264,28.5289
"base2026",25,"F25_USLL_A24",2000,1,1.07,0.294485,30.9488
"base2026",25,"F25_USLL_A24",2000,2,0.54,0.148619,35.004
"base2026",25,"F25_USLL_A24",2000,4,26.75,7.36214,172.61
"base2026",25,"F25_USLL_A24",2001,2,38.66,10.64,40.922
"base2026",25,"F25_USLL_A24",2001,3,13.5,3.71547,235.62
"base2026",25,"F25_USLL_A24",2001,4,12.84,3.53382,75.7799
"base2026",25,"F25_USLL_A24",2002,1,7.79,2.14396,125.29
"base2026",25,"F25_USLL_A24",2002,2,28.2,7.7612,50.5755
"base2026",25,"F25_USLL_A24",2002,3,6.37,1.75315,92.6477
"base2026",25,"F25_USLL_A24",2002,4,4.1,1.1284,93.9001
"base2026",25,"F25_USLL_A24",2003,1,7.93,2.18249,60.7361
"base2026",25,"F25_USLL_A24",2003,2,27.91,7.68139,86.1127
"base2026",25,"F25_USLL_A24",2003,3,0.9,0.247698,48.0678
"base2026",25,"F25_USLL_A24",2003,4,1.79,0.492644,15.8103
"base2026",25,"F25_USLL_A24",2004,1,7.02,1.93204,407.563
"base2026",25,"F25_USLL_A24",2004,2,3.83,1.05409,114.91
"base2026",25,"F25_USLL_A24",2004,3,18.72,5.15212,11.1154
"base2026",25,"F25_USLL_A24",2004,4,10.44,2.8733,8.31453
"base2026",25,"F25_USLL_A24",2005,1,7.06,1.94305,29.3996
"base2026",25,"F25_USLL_A24",2005,2,9.86,2.71367,33.3315
"base2026",25,"F25_USLL_A24",2005,3,2.7,0.743094,45.9354
"base2026",25,"F25_USLL_A24",2005,4,3.03,0.833917,21.6631
"base2026",25,"F25_USLL_A24",2006,1,4.18,1.15042,82.5937
"base2026",25,"F25_USLL_A24",2006,2,3.32,0.91373,131.499
"base2026",25,"F25_USLL_A24",2006,3,2.01,0.553192,84.6134
"base2026",25,"F25_USLL_A24",2006,4,0.34,0.0935748,17.5465
"base2026",25,"F25_USLL_A24",2007,1,1.52,0.418334,74.9722
"base2026",25,"F25_USLL_A24",2007,2,0.87,0.239441,57.4982
"base2026",25,"F25_USLL_A24",2007,3,0.57,0.156875,114.224
"base2026",25,"F25_USLL_A24",2007,4,4.55,1.25225,159.716
"base2026",25,"F25_USLL_A24",2008,1,4.33,1.1917,61.1477
"base2026",25,"F25_USLL_A24",2008,2,2.91,0.80089,101.094
"base2026",25,"F25_USLL_A24",2008,3,0.15,0.041283,11.6389
"base2026",25,"F25_USLL_A24",2008,4,0.6,0.165132,27.4103
"base2026",25,"F25_USLL_A24",2009,1,1.48,0.407326,28.9674
"base2026",25,"F25_USLL_A24",2009,2,0.5,0.13761,70.1918
"base2026",25,"F25_USLL_A24",2009,4,0.18,0.0495396,15.6979
"base2026",25,"F25_USLL_A24",2010,1,8.19,2.25405,49.8359
"base2026",25,"F25_USLL_A24",2010,2,2.39,0.657776,121.997
"base2026",25,"F25_USLL_A24",2010,4,0.86,0.236689,71.518
"base2026",25,"F25_USLL_A24",2011,1,9.29,2.55679,122.481
"base2026",25,"F25_USLL_A24",2011,2,3.04,0.836669,114.514
"base2026",25,"F25_USLL_A24",2011,3,2.91,0.80089,32.2578
"base2026",25,"F25_USLL_A24",2011,4,2.12,0.583466,24.1711
"base2026",25,"F25_USLL_A24",2012,1,6.74,1.85498,107.889
"base2026",25,"F25_USLL_A24",2012,2,5.22,1.43665,99.8138
"base2026",25,"F25_USLL_A24",2012,3,0.46,0.126601,25.6297
"base2026",25,"F25_USLL_A24",2012,4,1.73,0.476131,49.4732
"base2026",25,"F25_USLL_A24",2013,1,4.53,1.24675,140.941
"base2026",25,"F25_USLL_A24",2013,2,3.63,0.999049,107.209
"base2026",25,"F25_USLL_A24",2013,3,0.26,0.0715572,23.5361
"base2026",25,"F25_USLL_A24",2013,4,0.8,0.220176,53.037
"base2026",25,"F25_USLL_A24",2014,1,0.88,0.242194,49.4323
"base2026",25,"F25_USLL_A24",2014,2,2.14,0.588971,117.059
"base2026",25,"F25_USLL_A24",2014,3,0.91,0.25045,37.4042
"base2026",25,"F25_USLL_A24",2014,4,0.21,0.0577962,18.1076
"base2026",25,"F25_USLL_A24",2015,1,1.98,0.544936,97.4617
"base2026",25,"F25_USLL_A24",2015,2,3.53,0.971527,186.301
"base2026",25,"F25_USLL_A24",2015,3,0.14,0.0385308,23.7891
"base2026",25,"F25_USLL_A24",2015,4,0.37,0.101831,47.3222
"base2026",25,"F25_USLL_A24",2016,1,2.47,0.679793,153.271
"base2026",25,"F25_USLL_A24",2016,2,4.01,1.10363,297.981
"base2026",25,"F25_USLL_A24",2016,3,0.89,0.244946,143.556
"base2026",25,"F25_USLL_A24",2016,4,0.11,0.0302742,9.19872
"base2026",25,"F25_USLL_A24",2017,1,1.16,0.319255,34.8443
"base2026",25,"F25_USLL_A24",2017,2,0.22,0.0605484,22.4164
"base2026",25,"F25_USLL_A24",2017,3,0.26,0.0715572,17.8495
"base2026",25,"F25_USLL_A24",2018,1,0.24,0.0660528,18.2008
"base2026",25,"F25_USLL_A24",2018,2,0.65,0.178893,28.9318
"base2026",25,"F25_USLL_A24",2018,3,0.31,0.0853182,26.2506
"base2026",25,"F25_USLL_A24",2018,4,0.6,0.165132,35.1988
"base2026",25,"F25_USLL_A24",2019,1,0.55,0.151371,17.9836
"base2026",25,"F25_USLL_A24",2019,2,0.35,0.096327,15.1392
"base2026",25,"F25_USLL_A24",2019,3,1.83,0.503653,25.4802
"base2026",25,"F25_USLL_A24",2019,4,0.45,0.123849,14.5911
"base2026",25,"F25_USLL_A24",2020,1,0.37,0.101831,26.7044
"base2026",25,"F25_USLL_A24",2020,3,0.41,0.11284,34.0396
"base2026",25,"F25_USLL_A24",2020,4,0.1,0.027522,6.55789
"base2026",25,"F25_USLL_A24",2021,1,0.91,0.25045,29.2056
"base2026",25,"F25_USLL_A24",2021,3,1.09,0.29999,27.0589
"base2026",25,"F25_USLL_A24",2021,4,0.89,0.244946,31.7637
"base2026",25,"F25_USLL_A24",2022,1,1.07,0.294485,50.7894
"base2026",25,"F25_USLL_A24",2022,2,0.24,0.0660528,35.0638
"base2026",25,"F25_USLL_A24",2022,3,1.05,0.288981,82.2159
"base2026",25,"F25_USLL_A24",2022,4,0.79,0.217424,50.2402
"base2026",25,"F25_USLL_A24",2023,1,1.13,0.310999,36.5361
"base2026",25,"F25_USLL_A24",2023,2,0.33,0.0908226,24.9526
"base2026",25,"F25_USLL_A24",2023,3,1.33,0.366043,39.9024
"base2026",25,"F25_USLL_A24",2023,4,1.86,0.511909,29.4719
"base2026",25,"F25_USLL_A24",2024,2,0.51,0.140362,29.3025
"base2026",25,"F25_USLL_A24",2024,3,0.6,0.165132,26.2261
"base2026",25,"F25_USLL_A24",2024,4,0.35,0.096327,29.7025
"base2026",26,"F26_TWLL_A35",2003,1,29.35,3.59831,20.5547
"base2026",26,"F26_TWLL_A35",2003,3,0.87,0.106662,3.29714
"base2026",26,"F26_TWLL_A35",2003,4,41.39,5.07441,18.4508
"base2026",26,"F26_TWLL_A35",2004,1,168.09,20.6078,87.3954
"base2026",26,"F26_TWLL_A35",2004,3,2.3,0.28198,57.5998
"base2026",26,"F26_TWLL_A35",2004,4,225.98,27.7051,103.024
"base2026",26,"F26_TWLL_A35",2005,1,104.09,12.7614,65.5258
"base2026",26,"F26_TWLL_A35",2005,3,0.25,0.03065,6.66158
"base2026",26,"F26_TWLL_A35",2005,4,228.42,28.0043,94.5292
"base2026",26,"F26_TWLL_A35",2006,1,308.16,37.7804,49.5688
"base2026",26,"F26_TWLL_A35",2006,2,118.41,14.5171,117.746
"base2026",26,"F26_TWLL_A35",2006,3,3.16,0.387416,11.73
"base2026",26,"F26_TWLL_A35",2006,4,284.34,34.8601,76.6977
"base2026",26,"F26_TWLL_A35",2007,1,226.88,27.8155,209.565
"base2026",26,"F26_TWLL_A35",2007,2,58.12,7.12551,27.6942
"base2026",26,"F26_TWLL_A35",2007,4,113.16,13.8734,110.477
"base2026",26,"F26_TWLL_A35",2008,1,240.88,29.5319,82.049
"base2026",26,"F26_TWLL_A35",2008,2,83.74,10.2665,48.5071
"base2026",26,"F26_TWLL_A35",2008,3,1.84,0.225584,13.7988
"base2026",26,"F26_TWLL_A35",2008,4,75.22,9.22197,31.6691
"base2026",26,"F26_TWLL_A35",2009,1,109,13.3634,127.36
"base2026",26,"F26_TWLL_A35",2009,4,100.56,12.3287,14.8269
"base2026",26,"F26_TWLL_A35",2010,1,135.36,16.5951,96.1984
"base2026",26,"F26_TWLL_A35",2010,2,5.91,0.724566,15.7715
"base2026",26,"F26_TWLL_A35",2010,3,1.89,0.231714,23.0577
"base2026",26,"F26_TWLL_A35",2010,4,91.73,11.2461,36.6111
"base2026",26,"F26_TWLL_A35",2011,1,114.43,14.0291,48.9044
"base2026",26,"F26_TWLL_A35",2011,2,5.15,0.63139,4.26621
"base2026",26,"F26_TWLL_A35",2011,3,3.5,0.4291,23.3801
"base2026",26,"F26_TWLL_A35",2011,4,147.37,18.0676,28.7643
"base2026",26,"F26_TWLL_A35",2012,1,107.29,13.1538,88.6115
"base2026",26,"F26_TWLL_A35",2012,4,142.22,17.4362,52.5401
"base2026",26,"F26_TWLL_A35",2013,1,102.94,12.6204,74.6476
"base2026",26,"F26_TWLL_A35",2013,4,116.41,14.2719,62.5173
"base2026",26,"F26_TWLL_A35",2014,1,154.78,18.976,83.5184
"base2026",26,"F26_TWLL_A35",2014,4,68.95,8.45327,35.7848
"base2026",26,"F26_TWLL_A35",2015,1,43.36,5.31594,23.2777
"base2026",26,"F26_TWLL_A35",2015,4,68.79,8.43365,25.7562
"base2026",26,"F26_TWLL_A35",2016,1,107.84,13.2212,27.1098
"base2026",26,"F26_TWLL_A35",2016,2,0.6,0.07356,6.89684
"base2026",26,"F26_TWLL_A35",2016,4,37.94,4.65144,22.38
"base2026",26,"F26_TWLL_A35",2017,1,65.94,8.08424,35.7296
"base2026",26,"F26_TWLL_A35",2017,4,45.65,5.59669,45.5236
"base2026",26,"F26_TWLL_A35",2018,1,72.48,8.88605,107.03
"base2026",26,"F26_TWLL_A35",2018,4,156.67,19.2077,68.3609
"base2026",26,"F26_TWLL_A35",2019,1,103.5,12.6891,182.689
"base2026",26,"F26_TWLL_A35",2019,4,137.48,16.855,196.068
"base2026",26,"F26_TWLL_A35",2020,1,261.11,32.0121,38.5053
"base2026",26,"F26_TWLL_A35",2020,2,0.3,0.03678,5.64621
"base2026",26,"F26_TWLL_A35",2020,4,148.68,18.2282,367.228
"base2026",26,"F26_TWLL_A35",2021,1,254.13,31.1563,43.0495
"base2026",26,"F26_TWLL_A35",2021,2,3.89,0.476914,35.3002
"base2026",26,"F26_TWLL_A35",2021,3,1.12,0.137312,5.71979
"base2026",26,"F26_TWLL_A35",2021,4,235.29,28.8466,54.9108
"base2026",26,"F26_TWLL_A35",2022,1,260.76,31.9692,43.2635
"base2026",26,"F26_TWLL_A35",2022,2,5.66,0.693916,70.1038
"base2026",26,"F26_TWLL_A35",2022,4,243.91,29.9034,47.4026
"base2026",26,"F26_TWLL_A35",2023,1,227.83,27.932,29.0213
"base2026",26,"F26_TWLL_A35",2023,2,1.8,0.22068,3.18117
"base2026",26,"F26_TWLL_A35",2023,4,145.49,17.8371,199.334
"base2026",26,"F26_TWLL_A35",2024,1,183.77,22.5302,132.849
"base2026",26,"F26_TWLL_A35",2024,2,6.18,0.757668,36.4994
"base2026",26,"F26_TWLL_A35",2024,3,0.51,0.062526,29.116
"base2026",26,"F26_TWLL_A35",2024,4,97.32,11.9314,100.849
"base2026",29,"F29_CNLL_A35",2013,3,1,0.27522,307.993
"base2026",29,"F29_CNLL_A35",2014,3,0.167673,0.0461469,29.0094
"base2026",29,"F29_CNLL_A35",2017,3,0.171584,0.0472234,11.0628
"base2026",29,"F29_CNLL_A35",2018,3,0.0454043,0.0124962,11.1484
"base2026",29,"F29_CNLL_A35",2020,3,0.224471,0.0617788,250.856
"base2026",30,"F30_CNLL_A24",1997,3,1,0.27522,32.2192
"base2026",30,"F30_CNLL_A24",1998,3,0.00131633,0.001,7.06671
"base2026",30,"F30_CNLL_A24",1999,3,0.00833677,0.00229445,16.0212
"base2026",30,"F30_CNLL_A24",2000,3,0.00260685,0.001,8.09377
"base2026",30,"F30_CNLL_A24",2004,3,0.00794962,0.00218789,26.9983
"base2026",30,"F30_CNLL_A24",2005,3,0.00211646,0.001,8.27644
"base2026",30,"F30_CNLL_A24",2006,3,0.011847,0.00326053,34.8571
"base2026",30,"F30_CNLL_A24",2007,3,0.0029682,0.001,11.7383
"base2026",30,"F30_CNLL_A24",2008,3,0.00921433,0.00253597,6.98847
"base2026",30,"F30_CNLL_A24",2009,3,0.00258105,0.001,11.0348
"base2026",30,"F30_CNLL_A24",2010,3,0.000438778,0.001,8.39462
"base2026",30,"F30_CNLL_A24",2011,3,0.00487818,0.00134257,9.643
"base2026",30,"F30_CNLL_A24",2012,3,0.000258104,0.001,8.34021
"base2026",30,"F30_CNLL_A24",2013,3,0.000929176,0.001,6.0464
"base2026",30,"F30_CNLL_A24",2014,3,0.00392319,0.00107974,25.5542
"base2026",30,"F30_CNLL_A24",2016,3,0.00601383,0.00165513,4.45454
"base2026",30,"F30_CNLL_A24",2017,3,0.00758827,0.00208844,9.58344
"base2026",30,"F30_CNLL_A24",2018,3,0.0164413,0.00452496,11.2772
"base2026",30,"F30_CNLL_A24",2019,3,0.0289851,0.00797729,5.5185
"base2026",30,"F30_CNLL_A24",2020,3,0.199773,0.0549815,21.0136
"base2026",30,"F30_CNLL_A24",2021,3,0.0455296,0.0125307,11.3542
"base2026",30,"F30_CNLL_A24",2022,3,0.0531953,0.0146404,99.8547
"base2026",30,"F30_CNLL_A24",2023,3,0.00105823,0.001,4.26805
"base2026",30,"F30_CNLL_A24",2024,3,0.580141,0.159667,17.4835
"base2026",31,"F31_VULL_mt",2000,3,1,0.27522,50.0696
"base2026",31,"F31_VULL_mt",2014,3,0.261091,0.0718575,47.3472
"base2026",31,"F31_VULL_mt",2015,3,0.00152983,0.001,5.48786
"base2026",31,"F31_VULL_mt",2023,3,0.22718,0.0625245,20.3553
"base2026",31,"F31_VULL_mt",2024,3,0.5017,0.138078,43.22
"base2026",34,"F34_EPOSF_xx24",1995,3,108.66,29.9054,67.4262
"base2026",34,"F34_EPOSF_xx24",1996,2,13.3,3.66043,56.5717
"base2026",34,"F34_EPOSF_xx24",1996,3,186.29,51.2707,35.6606
"base2026",34,"F34_EPOSF_xx24",1996,4,4.31,1.1862,67.691
"base2026",34,"F34_EPOSF_xx24",1997,2,6.84,1.8825,44.2605
"base2026",34,"F34_EPOSF_xx24",1997,3,135.78,37.3694,86.0672
"base2026",34,"F34_EPOSF_xx24",1997,4,1.86,0.511909,15.5028
"base2026",34,"F34_EPOSF_xx24",1998,3,51.46,14.1628,122.996
"base2026",34,"F34_EPOSF_xx24",1998,4,1.65,0.454113,20.5556
"base2026",34,"F34_EPOSF_xx24",1999,2,13.63,3.75125,41.6891
"base2026",34,"F34_EPOSF_xx24",1999,3,52.52,14.4546,27.6672
"base2026",34,"F34_EPOSF_xx24",2000,2,2.48,0.682546,19.4775
"base2026",34,"F34_EPOSF_xx24",2000,3,56.14,15.4509,210.608
"base2026",34,"F34_EPOSF_xx24",2001,2,5.2,1.43114,38.6946
"base2026",34,"F34_EPOSF_xx24",2001,3,64.65,17.793,78.194
"base2026",34,"F34_EPOSF_xx24",2002,3,42.77,11.7712,21.6648
"base2026",34,"F34_EPOSF_xx24",2003,3,41.35,11.3803,289.222
"base2026",34,"F34_EPOSF_xx24",2004,2,12.22,3.36319,21.9238
"base2026",34,"F34_EPOSF_xx24",2004,3,145.36,40.006,66.6124
"base2026",34,"F34_EPOSF_xx24",2004,4,8.28,2.27882,111.105
"base2026",34,"F34_EPOSF_xx24",2005,2,10.72,2.95036,118.417
"base2026",34,"F34_EPOSF_xx24",2005,3,182.08,50.1121,208.676
"base2026",34,"F34_EPOSF_xx24",2005,4,2.49,0.685298,12.9974
"base2026",34,"F34_EPOSF_xx24",2006,3,259.81,71.5049,55.055
"base2026",34,"F34_EPOSF_xx24",2006,4,18.28,5.03102,58.5142
"base2026",34,"F34_EPOSF_xx24",2007,2,5.03,1.38436,13.6016
"base2026",34,"F34_EPOSF_xx24",2007,3,256.04,70.4673,41.7013
"base2026",34,"F34_EPOSF_xx24",2008,2,4.35,1.19721,8.89339
"base2026",34,"F34_EPOSF_xx24",2008,3,302.39,83.2238,357.822
"base2026",34,"F34_EPOSF_xx24",2008,4,6.44,1.77242,15.9717
"base2026",34,"F34_EPOSF_xx24",2009,2,13.72,3.77602,35.7017
"base2026",34,"F34_EPOSF_xx24",2009,3,448.17,123.345,144.429
"base2026",34,"F34_EPOSF_xx24",2009,4,5.24,1.44215,80.8105
"base2026",34,"F34_EPOSF_xx24",2010,2,11.87,3.26686,16.7569
"base2026",34,"F34_EPOSF_xx24",2010,3,442.33,121.738,179.707
"base2026",34,"F34_EPOSF_xx24",2010,4,18.77,5.16588,52.4099
"base2026",34,"F34_EPOSF_xx24",2011,2,2.28,0.627502,62.8381
"base2026",34,"F34_EPOSF_xx24",2011,3,453.44,124.796,293.874
"base2026",34,"F34_EPOSF_xx24",2011,4,66.25,18.2333,70.9903
"base2026",34,"F34_EPOSF_xx24",2012,2,5.45,1.49995,88.8124
"base2026",34,"F34_EPOSF_xx24",2012,3,545.39,150.102,149.585
"base2026",34,"F34_EPOSF_xx24",2012,4,26.5,7.29333,103.537
"base2026",34,"F34_EPOSF_xx24",2013,3,357.86,98.4902,119.908
"base2026",34,"F34_EPOSF_xx24",2013,4,32.62,8.97768,37.4884
"base2026",34,"F34_EPOSF_xx24",2014,3,498.57,137.216,53.1935
"base2026",34,"F34_EPOSF_xx24",2014,4,9.12,2.51001,30.1838
"base2026",34,"F34_EPOSF_xx24",2015,2,5.73,1.57701,11.8903
"base2026",34,"F34_EPOSF_xx24",2015,3,246.72,67.9023,43.6754
"base2026",34,"F34_EPOSF_xx24",2015,4,4.57,1.25776,39.4912
"base2026",34,"F34_EPOSF_xx24",2016,2,20.84,5.73558,13.5251
"base2026",34,"F34_EPOSF_xx24",2016,3,220.32,60.6365,39.7363
"base2026",34,"F34_EPOSF_xx24",2016,4,2.42,0.666032,29.5968
"base2026",34,"F34_EPOSF_xx24",2017,2,6.28,1.72838,8.6011
"base2026",34,"F34_EPOSF_xx24",2017,3,191.2,52.6221,24.3039
"base2026",34,"F34_EPOSF_xx24",2017,4,3.53,0.971527,18.9074
"base2026",34,"F34_EPOSF_xx24",2018,2,4.7,1.29353,10.7512
"base2026",34,"F34_EPOSF_xx24",2018,3,154.36,42.483,43.9204
"base2026",34,"F34_EPOSF_xx24",2019,2,2.02,0.555944,16.7824
"base2026",34,"F34_EPOSF_xx24",2019,3,191.85,52.801,103.479
"base2026",34,"F34_EPOSF_xx24",2019,4,11.84,3.2586,46.4391
"base2026",34,"F34_EPOSF_xx24",2020,3,81.24,22.3589,33.3291
"base2026",34,"F34_EPOSF_xx24",2020,4,4.21,1.15868,34.9921
"base2026",34,"F34_EPOSF_xx24",2021,3,83.69,23.0332,18.2474
"base2026",34,"F34_EPOSF_xx24",2021,4,2.73,0.751351,7.56046
"base2026",34,"F34_EPOSF_xx24",2022,3,144.87,39.8711,33.841
"base2026",34,"F34_EPOSF_xx24",2022,4,13.1,3.60538,23.8214
"base2026",34,"F34_EPOSF_xx24",2023,3,41,11.284,44.1772
"base2026",34,"F34_EPOSF_xx24",2024,3,112.86,31.0613,277.871
"base2026",34,"F34_EPOSF_xx24",2024,4,1.37,0.377051,53.8945
"base2026",35,"F35_JPTWKR_DNMisc",2008,1,0.56,0.154123,19.9549
"base2026",35,"F35_JPTWKR_DNMisc",2008,2,0.83,0.228433,23.5285
"base2026",35,"F35_JPTWKR_DNMisc",2008,3,0.16,0.0440352,4.87138
"base2026",35,"F35_JPTWKR_DNMisc",2008,4,6.51,1.79168,22.913
"base2026",35,"F35_JPTWKR_DNMisc",2009,1,0.81,0.222928,18.229
"base2026",35,"F35_JPTWKR_DNMisc",2009,2,3.47,0.955013,18.6597
"base2026",35,"F35_JPTWKR_DNMisc",2009,4,1.45,0.399069,83.2881
"base2026",35,"F35_JPTWKR_DNMisc",2010,2,0.23,0.0633006,5.09635
"base2026",35,"F35_JPTWKR_DNMisc",2010,3,0.1,0.027522,4.48044
"base2026",35,"F35_JPTWKR_DNMisc",2010,4,3.66,1.00731,39.6287
"base2026",35,"F35_JPTWKR_DNMisc",2011,1,0.73,0.200911,12.1303
"base2026",35,"F35_JPTWKR_DNMisc",2011,4,0.35,0.096327,18.6197
"base2026",35,"F35_JPTWKR_DNMisc",2012,1,4.72,1.29904,12.5783
"base2026",35,"F35_JPTWKR_DNMisc",2012,2,0.37,0.101831,23.0983
"base2026",35,"F35_JPTWKR_DNMisc",2014,4,0.81,0.222928,4.37293
"base2026",35,"F35_JPTWKR_DNMisc",2015,1,0.29,0.0798138,5.29326
"base2026",35,"F35_JPTWKR_DNMisc",2015,3,0.18,0.0495396,4.10587
"base2026",35,"F35_JPTWKR_DNMisc",2015,4,3.13,0.861439,12.202
"base2026",35,"F35_JPTWKR_DNMisc",2016,2,0.18,0.0495396,2.08002
"base2026",35,"F35_JPTWKR_DNMisc",2016,4,0.29,0.0798138,5.92102
"base2026",35,"F35_JPTWKR_DNMisc",2017,4,3.46,0.952261,17.9698
"base2026",35,"F35_JPTWKR_DNMisc",2018,3,0.12,0.0330264,7.34739
"base2026",35,"F35_JPTWKR_DNMisc",2018,4,4.52,1.24399,50.1431
"base2026",35,"F35_JPTWKR_DNMisc",2022,3,0.18,0.0495396,2.73037
"base2026",35,"F35_JPTWKR_DNMisc",2023,3,0.15,0.041283,2.59939
"base2026",36,"S36_JPLL_idx_adult",1996,1,100,100,21.8922
"base2026",36,"S36_JPLL_idx_adult",1997,1,100,100,22.4935
"base2026",36,"S36_JPLL_idx_adult",1998,1,100,100,21.715
"base2026",36,"S36_JPLL_idx_adult",1999,1,100,100,19.0777
"base2026",36,"S36_JPLL_idx_adult",2000,1,100,100,18.0526
"base2026",36,"S36_JPLL_idx_adult",2001,1,100,100,16.5727
"base2026",36,"S36_JPLL_idx_adult",2002,1,100,100,16.7537
"base2026",36,"S36_JPLL_idx_adult",2003,1,100,100,16.6564
"base2026",36,"S36_JPLL_idx_adult",2004,1,100,100,16.6389
"base2026",36,"S36_JPLL_idx_adult",2005,1,100,100,16.8078
"base2026",36,"S36_JPLL_idx_adult",2006,1,100,100,16.1274
"base2026",36,"S36_JPLL_idx_adult",2007,1,100,100,15.2256
"base2026",36,"S36_JPLL_idx_adult",2008,1,100,100,13.9062
"base2026",36,"S36_JPLL_idx_adult",2009,1,100,100,14.2005
"base2026",36,"S36_JPLL_idx_adult",2010,1,100,100,15.2522
"base2026",36,"S36_JPLL_idx_adult",2011,1,100,100,16.2637
"base2026",36,"S36_JPLL_idx_adult",2012,1,100,100,16.0247
"base2026",36,"S36_JPLL_idx_adult",2013,1,100,100,15.8743
"base2026",36,"S36_JPLL_idx_adult",2014,1,100,100,15.5508
"base2026",36,"S36_JPLL_idx_adult",2015,1,100,100,15.2592
"base2026",36,"S36_JPLL_idx_adult",2016,1,100,100,15.5775
"base2026",36,"S36_JPLL_idx_adult",2017,1,100,100,17.0126
"base2026",36,"S36_JPLL_idx_adult",2018,1,100,100,18.0518
"base2026",36,"S36_JPLL_idx_adult",2019,1,100,100,19.293
"base2026",36,"S36_JPLL_idx_adult",2020,1,100,100,17.8209
"base2026",36,"S36_JPLL_idx_adult",2021,1,100,100,13.5629
"base2026",36,"S36_JPLL_idx_adult",2022,1,100,100,16.1201
"base2026",36,"S36_JPLL_idx_adult",2023,1,100,100,19.6206
"base2026",36,"S36_JPLL_idx_adult",2024,1,100,100,19.6615
"base2023",1,"F1_JPLL_A13_Q1_J_wt_9621",1996,1,90.28,24.7367,11.5106
"base2023",1,"F1_JPLL_A13_Q1_J_wt_9621",1997,1,56.87,15.5824,39.1229
"base2023",1,"F1_JPLL_A13_Q1_J_wt_9621",1998,1,92.23,25.271,51.0897
"base2023",1,"F1_JPLL_A13_Q1_J_wt_9621",1999,1,19.47,5.33478,18.0784
"base2023",1,"F1_JPLL_A13_Q1_J_wt_9621",2000,1,75.91,20.7993,85.5523
"base2023",1,"F1_JPLL_A13_Q1_J_wt_9621",2001,1,90.58,24.8189,34.2318
"base2023",1,"F1_JPLL_A13_Q1_J_wt_9621",2002,1,309.76,84.8742,125.385
"base2023",1,"F1_JPLL_A13_Q1_J_wt_9621",2003,1,179.18,49.0953,164.835
"base2023",1,"F1_JPLL_A13_Q1_J_wt_9621",2004,1,131.8,36.1132,37.5768
"base2023",1,"F1_JPLL_A13_Q1_J_wt_9621",2005,1,192.37,52.7094,43.6548
"base2023",1,"F1_JPLL_A13_Q1_J_wt_9621",2006,1,175.16,47.9938,100.928
"base2023",1,"F1_JPLL_A13_Q1_J_wt_9621",2007,1,83.95,23.0023,129.118
"base2023",1,"F1_JPLL_A13_Q1_J_wt_9621",2008,1,103.61,28.3891,24.626
"base2023",1,"F1_JPLL_A13_Q1_J_wt_9621",2009,1,175.64,48.1254,96.0421
"base2023",1,"F1_JPLL_A13_Q1_J_wt_9621",2010,1,87.01,23.8407,87.1351
"base2023",1,"F1_JPLL_A13_Q1_J_wt_9621",2011,1,89.1,24.4134,193.442
"base2023",1,"F1_JPLL_A13_Q1_J_wt_9621",2012,1,178.72,48.9693,79.1975
"base2023",1,"F1_JPLL_A13_Q1_J_wt_9621",2013,1,91.8,25.1532,103.982
"base2023",1,"F1_JPLL_A13_Q1_J_wt_9621",2014,1,118.71,32.5265,33
"base2023",1,"F1_JPLL_A13_Q1_J_wt_9621",2015,1,137.19,37.5901,41.9225
"base2023",1,"F1_JPLL_A13_Q1_J_wt_9621",2016,1,41.67,11.4176,54.428
"base2023",1,"F1_JPLL_A13_Q1_J_wt_9621",2017,1,79.32,21.7337,54.5169
"base2023",1,"F1_JPLL_A13_Q1_J_wt_9621",2018,1,30.69,8.40906,52.3986
"base2023",1,"F1_JPLL_A13_Q1_J_wt_9621",2019,1,12.73,3.48802,29.3827
"base2023",1,"F1_JPLL_A13_Q1_J_wt_9621",2020,1,3.302,0.904748,138.192
"base2023",1,"F1_JPLL_A13_Q1_J_wt_9621",2021,1,1.319,0.361406,6.55352
"base2023",2,"F2_JPLL_A13_Q1_A_wt",1994,1,11.68,1.9856,31.8345
"base2023",2,"F2_JPLL_A13_Q1_A_wt",1996,1,1.85,0.3145,5.15152
"base2023",2,"F2_JPLL_A13_Q1_A_wt",1997,1,56.69,9.6373,20.1669
"base2023",2,"F2_JPLL_A13_Q1_A_wt",1998,1,29.07,4.9419,18.321
"base2023",2,"F2_JPLL_A13_Q1_A_wt",2000,1,6.56,1.1152,19.644
"base2023",2,"F2_JPLL_A13_Q1_A_wt",2001,1,60.78,10.3326,86.8053
"base2023",2,"F2_JPLL_A13_Q1_A_wt",2002,1,76.9,13.073,94.3335
"base2023",2,"F2_JPLL_A13_Q1_A_wt",2003,1,16.11,2.7387,59.9849
"base2023",2,"F2_JPLL_A13_Q1_A_wt",2004,1,109.69,18.6473,43.8926
"base2023",2,"F2_JPLL_A13_Q1_A_wt",2005,1,141.18,24.0006,20.5252
"base2023",2,"F2_JPLL_A13_Q1_A_wt",2006,1,108.23,18.3991,93.1542
"base2023",2,"F2_JPLL_A13_Q1_A_wt",2007,1,116.76,19.8492,80.7997
"base2023",2,"F2_JPLL_A13_Q1_A_wt",2008,1,194.05,32.9885,74.9242
"base2023",2,"F2_JPLL_A13_Q1_A_wt",2009,1,97.4,16.558,687.991
"base2023",2,"F2_JPLL_A13_Q1_A_wt",2010,1,143.7,24.429,266.07
"base2023",2,"F2_JPLL_A13_Q1_A_wt",2011,1,171.31,29.1227,191.235
"base2023",2,"F2_JPLL_A13_Q1_A_wt",2012,1,115.25,19.5925,135.707
"base2023",2,"F2_JPLL_A13_Q1_A_wt",2013,1,45.71,7.7707,105.984
"base2023",2,"F2_JPLL_A13_Q1_A_wt",2014,1,37.34,6.3478,65.7223
"base2023",2,"F2_JPLL_A13_Q1_A_wt",2015,1,40.92,6.9564,47.3427
"base2023",2,"F2_JPLL_A13_Q1_A_wt",2016,1,165.35,28.1095,36.165
"base2023",2,"F2_JPLL_A13_Q1_A_wt",2017,1,117.62,19.9954,45.3023
"base2023",2,"F2_JPLL_A13_Q1_A_wt",2018,1,109.1,18.547,47.1986
"base2023",2,"F2_JPLL_A13_Q1_A_wt",2019,1,87.01,14.7917,50.8551
"base2023",2,"F2_JPLL_A13_Q1_A_wt",2020,1,11.97,2.0349,30.5485
"base2023",2,"F2_JPLL_A13_Q1_A_wt",2021,1,17.16,2.9172,33.4295
"base2023",3,"F3_JPLL_A13_Q2_wt",1996,2,9.74,2.66876,18.3592
"base2023",3,"F3_JPLL_A13_Q2_wt",1997,2,22.66,6.20884,76.5989
"base2023",3,"F3_JPLL_A13_Q2_wt",2000,2,1.97,0.53978,24.7868
"base2023",3,"F3_JPLL_A13_Q2_wt",2001,2,93.38,25.5861,72.6127
"base2023",3,"F3_JPLL_A13_Q2_wt",2002,2,164.67,45.1196,44.5854
"base2023",3,"F3_JPLL_A13_Q2_wt",2003,2,151.62,41.5439,96.4488
"base2023",3,"F3_JPLL_A13_Q2_wt",2004,2,151.18,41.4233,32.4879
"base2023",3,"F3_JPLL_A13_Q2_wt",2005,2,342.45,93.8313,33.3718
"base2023",3,"F3_JPLL_A13_Q2_wt",2006,2,215.8,59.1292,105.675
"base2023",3,"F3_JPLL_A13_Q2_wt",2007,2,151.54,41.522,356.85
"base2023",3,"F3_JPLL_A13_Q2_wt",2008,2,183.07,50.1612,53.32
"base2023",3,"F3_JPLL_A13_Q2_wt",2009,2,153.14,41.9604,83.2569
"base2023",3,"F3_JPLL_A13_Q2_wt",2010,2,114.15,31.2771,165.395
"base2023",3,"F3_JPLL_A13_Q2_wt",2011,2,128.75,35.2775,55.4143
"base2023",3,"F3_JPLL_A13_Q2_wt",2012,2,120.66,33.0608,114.622
"base2023",3,"F3_JPLL_A13_Q2_wt",2013,2,93.63,25.6546,99.4336
"base2023",3,"F3_JPLL_A13_Q2_wt",2014,2,85.29,23.3695,57.4376
"base2023",3,"F3_JPLL_A13_Q2_wt",2015,2,59.38,16.2701,52.5336
"base2023",3,"F3_JPLL_A13_Q2_wt",2016,2,84.82,23.2407,38.3926
"base2023",3,"F3_JPLL_A13_Q2_wt",2017,2,65.94,18.0676,68.5713
"base2023",3,"F3_JPLL_A13_Q2_wt",2018,2,38.11,10.4421,20.8729
"base2023",3,"F3_JPLL_A13_Q2_wt",2019,2,36.3,9.9462,52.5919
"base2023",3,"F3_JPLL_A13_Q2_wt",2020,2,4.822,1.32123,102.437
"base2023",3,"F3_JPLL_A13_Q2_wt",2021,2,9.424,2.58218,8.19941
"base2023",4,"F4_JPLL_A13_Q3_wt",2001,3,13.91,3.81134,9.50279
"base2023",4,"F4_JPLL_A13_Q3_wt",2002,3,4.13,1.13162,10.9931
"base2023",4,"F4_JPLL_A13_Q3_wt",2003,3,7.96,2.18104,11.05
"base2023",4,"F4_JPLL_A13_Q3_wt",2004,3,1.66,0.45484,6.66499
"base2023",4,"F4_JPLL_A13_Q3_wt",2005,3,16.61,4.55114,39.9051
"base2023",4,"F4_JPLL_A13_Q3_wt",2006,3,1.23,0.33702,15.0038
"base2023",4,"F4_JPLL_A13_Q3_wt",2007,3,7.18,1.96732,22.8994
"base2023",4,"F4_JPLL_A13_Q3_wt",2008,3,1.3,0.3562,53.377
"base2023",4,"F4_JPLL_A13_Q3_wt",2009,3,1.11,0.30414,7.01867
"base2023",4,"F4_JPLL_A13_Q3_wt",2010,3,3.44,0.94256,37.3845
"base2023",4,"F4_JPLL_A13_Q3_wt",2011,3,10.23,2.80302,26.3278
"base2023",4,"F4_JPLL_A13_Q3_wt",2012,3,3.51,0.96174,21.327
"base2023",4,"F4_JPLL_A13_Q3_wt",2013,3,5.2,1.4248,38.2895
"base2023",4,"F4_JPLL_A13_Q3_wt",2014,3,1.57,0.43018,8.24982
"base2023",4,"F4_JPLL_A13_Q3_wt",2015,3,2.41,0.66034,6.87279
"base2023",4,"F4_JPLL_A13_Q3_wt",2016,3,1.39,0.38086,11.3817
"base2023",4,"F4_JPLL_A13_Q3_wt",2020,3,0.213,0.058362,26.0945
"base2023",5,"F5_JPLL_A13_Q4_wt",1996,4,13.35,3.50571,29.2196
"base2023",5,"F5_JPLL_A13_Q4_wt",1999,4,24.04,6.3129,64.1991
"base2023",5,"F5_JPLL_A13_Q4_wt",2000,4,21.22,5.57237,40.5452
"base2023",5,"F5_JPLL_A13_Q4_wt",2001,4,165.99,43.589,211.509
"base2023",5,"F5_JPLL_A13_Q4_wt",2002,4,111.14,29.1854,23.2028
"base2023",5,"F5_JPLL_A13_Q4_wt",2003,4,113.17,29.7184,39.804
"base2023",5,"F5_JPLL_A13_Q4_wt",2004,4,122.95,32.2867,131.14
"base2023",5,"F5_JPLL_A13_Q4_wt",2005,4,194.05,50.9575,44.5241
"base2023",5,"F5_JPLL_A13_Q4_wt",2006,4,178.33,46.8295,81.0688
"base2023",5,"F5_JPLL_A13_Q4_wt",2007,4,199.56,52.4045,398.309
"base2023",5,"F5_JPLL_A13_Q4_wt",2008,4,77.51,20.3541,186.379
"base2023",5,"F5_JPLL_A13_Q4_wt",2009,4,131.07,34.419,392.094
"base2023",5,"F5_JPLL_A13_Q4_wt",2010,4,99.82,26.2127,85.1206
"base2023",5,"F5_JPLL_A13_Q4_wt",2011,4,134.63,35.3538,112.672
"base2023",5,"F5_JPLL_A13_Q4_wt",2012,4,93.05,24.4349,78.7185
"base2023",5,"F5_JPLL_A13_Q4_wt",2013,4,89.64,23.5395,31.7517
"base2023",5,"F5_JPLL_A13_Q4_wt",2014,4,69.29,18.1956,121.957
"base2023",5,"F5_JPLL_A13_Q4_wt",2015,4,69.84,18.34,55.3988
"base2023",5,"F5_JPLL_A13_Q4_wt",2016,4,56.13,14.7397,96.3251
"base2023",5,"F5_JPLL_A13_Q4_wt",2017,4,46.09,12.1032,278.588
"base2023",5,"F5_JPLL_A13_Q4_wt",2018,4,33.56,8.81286,185.203
"base2023",5,"F5_JPLL_A13_Q4_wt",2019,4,52.27,13.7261,48.9673
"base2023",5,"F5_JPLL_A13_Q4_wt",2020,4,10.03,2.63388,64.7912
"base2023",5,"F5_JPLL_A13_Q4_wt",2021,4,5.495,1.44299,42.522
"base2023",11,"F11_JPLL_A2_Q1_wt_9621",1994,1,45.41,1.24423,65.7149
"base2023",11,"F11_JPLL_A2_Q1_wt_9621",1996,1,20.33,0.557042,50.2048
"base2023",11,"F11_JPLL_A2_Q1_wt_9621",1997,1,35.08,0.961192,38.9986
"base2023",11,"F11_JPLL_A2_Q1_wt_9621",1999,1,25.9,0.70966,57.4083
"base2023",11,"F11_JPLL_A2_Q1_wt_9621",2000,1,28.53,0.781722,49.5322
"base2023",11,"F11_JPLL_A2_Q1_wt_9621",2001,1,36.98,1.01325,184.514
"base2023",11,"F11_JPLL_A2_Q1_wt_9621",2002,1,99.22,2.71863,311.519
"base2023",11,"F11_JPLL_A2_Q1_wt_9621",2003,1,143.98,3.94505,169.424
"base2023",11,"F11_JPLL_A2_Q1_wt_9621",2004,1,59.66,1.63468,56.636
"base2023",11,"F11_JPLL_A2_Q1_wt_9621",2005,1,52.85,1.44809,74.4703
"base2023",11,"F11_JPLL_A2_Q1_wt_9621",2006,1,97.49,2.67123,95.8693
"base2023",11,"F11_JPLL_A2_Q1_wt_9621",2007,1,101.33,2.77644,47.8838
"base2023",11,"F11_JPLL_A2_Q1_wt_9621",2008,1,69.79,1.91225,154.642
"base2023",11,"F11_JPLL_A2_Q1_wt_9621",2009,1,49.41,1.35383,92.5968
"base2023",11,"F11_JPLL_A2_Q1_wt_9621",2010,1,58.13,1.59276,434.518
"base2023",11,"F11_JPLL_A2_Q1_wt_9621",2011,1,61.32,1.68017,122.989
"base2023",11,"F11_JPLL_A2_Q1_wt_9621",2012,1,26.63,0.729662,60.8992
"base2023",11,"F11_JPLL_A2_Q1_wt_9621",2013,1,24.54,0.672396,286.467
"base2023",11,"F11_JPLL_A2_Q1_wt_9621",2014,1,14.03,0.384422,54.7369
"base2023",11,"F11_JPLL_A2_Q1_wt_9621",2015,1,30.48,0.835152,83.3852
"base2023",11,"F11_JPLL_A2_Q1_wt_9621",2016,1,15.58,0.426892,103.709
"base2023",11,"F11_JPLL_A2_Q1_wt_9621",2017,1,26.88,0.736512,85.5266
"base2023",11,"F11_JPLL_A2_Q1_wt_9621",2018,1,43.99,1.20533,128.041
"base2023",11,"F11_JPLL_A2_Q1_wt_9621",2019,1,48.25,1.32205,108.408
"base2023",11,"F11_JPLL_A2_Q1_wt_9621",2020,1,1.864,0.0510736,23.3828
"base2023",11,"F11_JPLL_A2_Q1_wt_9621",2021,1,2.414,0.0661436,47.141
"base2023",12,"F12_JPLL_A2_Q2_wt_9621",2000,2,7.11,1.94814,28.8887
"base2023",12,"F12_JPLL_A2_Q2_wt_9621",2001,2,39.24,10.7518,119.757
"base2023",12,"F12_JPLL_A2_Q2_wt_9621",2002,2,72.89,19.9719,208.256
"base2023",12,"F12_JPLL_A2_Q2_wt_9621",2003,2,51.9,14.2206,16.3299
"base2023",12,"F12_JPLL_A2_Q2_wt_9621",2004,2,52.41,14.3603,262.729
"base2023",12,"F12_JPLL_A2_Q2_wt_9621",2005,2,51.36,14.0726,73.0337
"base2023",12,"F12_JPLL_A2_Q2_wt_9621",2006,2,33.2,9.0968,117.568
"base2023",12,"F12_JPLL_A2_Q2_wt_9621",2007,2,20.68,5.66632,56.2561
"base2023",12,"F12_JPLL_A2_Q2_wt_9621",2008,2,45.57,12.4862,85.66
"base2023",12,"F12_JPLL_A2_Q2_wt_9621",2009,2,42.29,11.5875,213.465
"base2023",12,"F12_JPLL_A2_Q2_wt_9621",2010,2,48.58,13.3109,560.415
"base2023",12,"F12_JPLL_A2_Q2_wt_9621",2011,2,84.13,23.0516,87.791
"base2023",12,"F12_JPLL_A2_Q2_wt_9621",2012,2,53.64,14.6974,139.798
"base2023",12,"F12_JPLL_A2_Q2_wt_9621",2013,2,54.47,14.9248,212.411
"base2023",12,"F12_JPLL_A2_Q2_wt_9621",2014,2,66.04,18.095,446.053
"base2023",12,"F12_JPLL_A2_Q2_wt_9621",2015,2,73.69,20.1911,101.022
"base2023",12,"F12_JPLL_A2_Q2_wt_9621",2016,2,62.32,17.0757,102.136
"base2023",12,"F12_JPLL_A2_Q2_wt_9621",2017,2,50.57,13.8562,138.43
"base2023",12,"F12_JPLL_A2_Q2_wt_9621",2018,2,65.59,17.9717,208.889
"base2023",12,"F12_JPLL_A2_Q2_wt_9621",2019,2,51.62,14.1439,104.965
"base2023",12,"F12_JPLL_A2_Q2_wt_9621",2020,2,4.648,1.27355,146.6
"base2023",12,"F12_JPLL_A2_Q2_wt_9621",2021,2,5.612,1.53769,31.7863
"base2023",13,"F13_JPLL_A2_Q3_wt",2001,3,64.63,17.7086,117.22
"base2023",13,"F13_JPLL_A2_Q3_wt",2002,3,36.31,9.94894,150.734
"base2023",13,"F13_JPLL_A2_Q3_wt",2003,3,54.41,14.9083,63.7192
"base2023",13,"F13_JPLL_A2_Q3_wt",2004,3,56.73,15.544,218.065
"base2023",13,"F13_JPLL_A2_Q3_wt",2005,3,69.45,19.0293,69.1031
"base2023",13,"F13_JPLL_A2_Q3_wt",2006,3,33.77,9.25298,109.854
"base2023",13,"F13_JPLL_A2_Q3_wt",2007,3,65.77,18.021,67.4577
"base2023",13,"F13_JPLL_A2_Q3_wt",2008,3,57.09,15.6427,65.0818
"base2023",13,"F13_JPLL_A2_Q3_wt",2009,3,58.83,16.1194,196.998
"base2023",13,"F13_JPLL_A2_Q3_wt",2010,3,59.03,16.1742,145.895
"base2023",13,"F13_JPLL_A2_Q3_wt",2011,3,45.88,12.5711,679.15
"base2023",13,"F13_JPLL_A2_Q3_wt",2012,3,51.96,14.237,344.361
"base2023",13,"F13_JPLL_A2_Q3_wt",2013,3,75.84,20.7802,129.223
"base2023",13,"F13_JPLL_A2_Q3_wt",2014,3,75.69,20.7391,273.024
"base2023",13,"F13_JPLL_A2_Q3_wt",2015,3,60.4,16.5496,110.461
"base2023",13,"F13_JPLL_A2_Q3_wt",2016,3,67.19,18.4101,92.528
"base2023",13,"F13_JPLL_A2_Q3_wt",2017,3,68.01,18.6347,369.286
"base2023",13,"F13_JPLL_A2_Q3_wt",2018,3,54.33,14.8864,482.551
"base2023",13,"F13_JPLL_A2_Q3_wt",2019,3,63.73,17.462,187.748
"base2023",13,"F13_JPLL_A2_Q3_wt",2020,3,5.209,1.42727,8.12724
"base2023",13,"F13_JPLL_A2_Q3_wt",2021,3,6.985,1.91389,25.6565
"base2023",14,"F14_JPLL_A2_Q4_wt",1994,4,2.07,0.56718,34.4797
"base2023",14,"F14_JPLL_A2_Q4_wt",1996,4,12.02,3.29348,46.2519
"base2023",14,"F14_JPLL_A2_Q4_wt",1997,4,7.88,2.15912,37.615
"base2023",14,"F14_JPLL_A2_Q4_wt",1999,4,2.46,0.67404,23.7444
"base2023",14,"F14_JPLL_A2_Q4_wt",2001,4,87.86,24.0736,184.779
"base2023",14,"F14_JPLL_A2_Q4_wt",2002,4,58.11,15.9221,114.041
"base2023",14,"F14_JPLL_A2_Q4_wt",2003,4,70.3,19.2622,45.498
"base2023",14,"F14_JPLL_A2_Q4_wt",2004,4,2.3,0.6302,41.0061
"base2023",14,"F14_JPLL_A2_Q4_wt",2005,4,45.97,12.5958,35.3859
"base2023",14,"F14_JPLL_A2_Q4_wt",2006,4,21.78,5.96772,239.7
"base2023",14,"F14_JPLL_A2_Q4_wt",2007,4,23.14,6.34036,92.4319
"base2023",14,"F14_JPLL_A2_Q4_wt",2008,4,15.62,4.27988,198.822
"base2023",14,"F14_JPLL_A2_Q4_wt",2009,4,15.08,4.13192,429.55
"base2023",14,"F14_JPLL_A2_Q4_wt",2010,4,12.89,3.53186,83.3541
"base2023",14,"F14_JPLL_A2_Q4_wt",2011,4,18.15,4.9731,151.206
"base2023",14,"F14_JPLL_A2_Q4_wt",2012,4,26.5,7.261,44.6944
"base2023",14,"F14_JPLL_A2_Q4_wt",2013,4,26.35,7.2199,47.204
"base2023",14,"F14_JPLL_A2_Q4_wt",2014,4,44.48,12.1875,177.218
"base2023",14,"F14_JPLL_A2_Q4_wt",2015,4,46.33,12.6944,63.2428
"base2023",14,"F14_JPLL_A2_Q4_wt",2016,4,46.86,12.8396,114.097
"base2023",14,"F14_JPLL_A2_Q4_wt",2017,4,60.78,16.6537,137.455
"base2023",14,"F14_JPLL_A2_Q4_wt",2018,4,54.22,14.8563,156.516
"base2023",14,"F14_JPLL_A2_Q4_wt",2019,4,41.39,11.3409,52.1257
"base2023",14,"F14_JPLL_A2_Q4_wt",2020,4,4.246,1.1634,106.724
"base2023",14,"F14_JPLL_A2_Q4_wt",2021,4,5.101,1.39767,74.0257
"base2023",19,"F19_JPLL_A4_num",1995,3,2.02,0.55348,34.4414
"base2023",19,"F19_JPLL_A4_num",1999,4,2.4,0.6576,9.92511
"base2023",19,"F19_JPLL_A4_num",2000,1,2.5,0.685,61.9908
"base2023",19,"F19_JPLL_A4_num",2000,2,9.66,2.64684,103.473
"base2023",19,"F19_JPLL_A4_num",2000,4,6.6,1.8084,28.5993
"base2023",19,"F19_JPLL_A4_num",2001,1,11.42,3.12908,23.4313
"base2023",19,"F19_JPLL_A4_num",2001,2,22.36,6.12664,48.0223
"base2023",19,"F19_JPLL_A4_num",2001,3,14.56,3.98944,143.924
"base2023",19,"F19_JPLL_A4_num",2001,4,34,9.316,77.0143
"base2023",19,"F19_JPLL_A4_num",2002,1,12.84,3.51816,51.3841
"base2023",19,"F19_JPLL_A4_num",2002,2,12.95,3.5483,198.3
"base2023",19,"F19_JPLL_A4_num",2002,3,15.93,4.36482,77.3449
"base2023",19,"F19_JPLL_A4_num",2002,4,1.9,0.5206,17.8898
"base2023",19,"F19_JPLL_A4_num",2003,1,15.91,4.35934,309.097
"base2023",19,"F19_JPLL_A4_num",2003,2,1.7,0.4658,7.65903
"base2023",19,"F19_JPLL_A4_num",2003,3,7.03,1.92622,28.8038
"base2023",19,"F19_JPLL_A4_num",2004,1,44.59,12.2177,91.5415
"base2023",19,"F19_JPLL_A4_num",2004,2,3.48,0.95352,7.53701
"base2023",19,"F19_JPLL_A4_num",2004,3,2.2,0.6028,173.12
"base2023",19,"F19_JPLL_A4_num",2005,1,15.28,4.18672,138.824
"base2023",19,"F19_JPLL_A4_num",2005,3,4.22,1.15628,125.254
"base2023",19,"F19_JPLL_A4_num",2005,4,1.68,0.46032,37.5058
"base2023",19,"F19_JPLL_A4_num",2006,1,17.57,4.81418,312.845
"base2023",19,"F19_JPLL_A4_num",2006,2,3.09,0.84666,39.4458
"base2023",19,"F19_JPLL_A4_num",2006,3,12.21,3.34554,99.8613
"base2023",19,"F19_JPLL_A4_num",2006,4,7.97,2.18378,97.5603
"base2023",19,"F19_JPLL_A4_num",2007,1,7.96,2.18104,82.3198
"base2023",19,"F19_JPLL_A4_num",2007,3,2.18,0.59732,88.4186
"base2023",19,"F19_JPLL_A4_num",2008,1,13.22,3.62228,47.2672
"base2023",19,"F19_JPLL_A4_num",2008,2,2.13,0.58362,37.3321
"base2023",19,"F19_JPLL_A4_num",2008,3,2.53,0.69322,79.2829
"base2023",19,"F19_JPLL_A4_num",2008,4,5.55,1.5207,125.582
"base2023",19,"F19_JPLL_A4_num",2009,1,2.13,0.58362,55.3432
"base2023",19,"F19_JPLL_A4_num",2009,3,1.57,0.43018,81.8505
"base2023",19,"F19_JPLL_A4_num",2010,3,1.08,0.29592,15.8923
"base2023",19,"F19_JPLL_A4_num",2010,4,1.5,0.411,64.6996
"base2023",19,"F19_JPLL_A4_num",2011,1,1.25,0.3425,105.64
"base2023",19,"F19_JPLL_A4_num",2011,3,30.6,8.3844,99.8237
"base2023",19,"F19_JPLL_A4_num",2011,4,1.81,0.49594,45.9354
"base2023",19,"F19_JPLL_A4_num",2012,3,25.34,6.94316,127.249
"base2023",19,"F19_JPLL_A4_num",2013,2,2.89,0.79186,30.0284
"base2023",19,"F19_JPLL_A4_num",2013,3,4.65,1.2741,49.6869
"base2023",19,"F19_JPLL_A4_num",2014,2,3.41,0.93434,16.793
"base2023",19,"F19_JPLL_A4_num",2014,4,2.81,0.76994,210.963
"base2023",19,"F19_JPLL_A4_num",2015,3,4.88,1.33712,138.602
"base2023",19,"F19_JPLL_A4_num",2015,4,1.1,0.3014,30.7669
"base2023",19,"F19_JPLL_A4_num",2016,3,6.64,1.81936,67.1665
"base2023",19,"F19_JPLL_A4_num",2017,3,6.86,1.87964,145.536
"base2023",19,"F19_JPLL_A4_num",2017,4,1.78,0.48772,46.0996
"base2023",19,"F19_JPLL_A4_num",2018,3,1.2,0.3288,29.7518
"base2023",19,"F19_JPLL_A4_num",2019,3,8.73,2.39202,198.678
"base2023",19,"F19_JPLL_A4_num",2019,4,7.01,1.92074,125.182
"base2023",19,"F19_JPLL_A4_num",2020,3,0.294,0.080556,30.9103
"base2023",20,"F20_JPLL_A5_num",1995,4,6.38,1.74812,29.75
"base2023",20,"F20_JPLL_A5_num",2003,4,4.35,1.1919,82.1795
"base2023",20,"F20_JPLL_A5_num",2004,1,3.5,0.959,24.3911
"base2023",20,"F20_JPLL_A5_num",2004,4,10.42,2.85508,118.407
"base2023",20,"F20_JPLL_A5_num",2005,4,1.95,0.5343,38.6992
"base2023",20,"F20_JPLL_A5_num",2007,4,1.73,0.47402,11.1365
"base2023",20,"F20_JPLL_A5_num",2009,4,5.97,1.63578,33.478
"base2023",20,"F20_JPLL_A5_num",2011,4,2.1,0.5754,45.6035
"base2023",21,"F21_JPPL_A35_Q1",2004,1,10.05,2.7537,17.4325
"base2023",22,"F22_JPPL_A35_Q2_9421",1994,2,1,0.21,2.55821
"base2023",22,"F22_JPPL_A35_Q2_9421",1996,2,108.46,22.7766,45.6789
"base2023",22,"F22_JPPL_A35_Q2_9421",1997,2,227.87,47.8527,154.625
"base2023",22,"F22_JPPL_A35_Q2_9421",2001,2,3.52,0.7392,4.23657
"base2023",22,"F22_JPPL_A35_Q2_9421",2002,2,12.03,2.5263,10.79
"base2023",22,"F22_JPPL_A35_Q2_9421",2003,2,6.39,1.3419,5.78131
"base2023",22,"F22_JPPL_A35_Q2_9421",2004,2,13.62,2.8602,33.0548
"base2023",22,"F22_JPPL_A35_Q2_9421",2005,2,1.37,0.2877,4.24416
"base2023",22,"F22_JPPL_A35_Q2_9421",2006,2,23.74,4.9854,19.0956
"base2023",22,"F22_JPPL_A35_Q2_9421",2007,2,48.84,10.2564,98.6264
"base2023",22,"F22_JPPL_A35_Q2_9421",2008,2,16.85,3.5385,15.4943
"base2023",22,"F22_JPPL_A35_Q2_9421",2009,2,39.95,8.3895,37.3232
"base2023",22,"F22_JPPL_A35_Q2_9421",2010,2,42.68,8.9628,9.99147
"base2023",22,"F22_JPPL_A35_Q2_9421",2011,2,21.51,4.5171,20.8282
"base2023",22,"F22_JPPL_A35_Q2_9421",2012,2,21.63,4.5423,42.7094
"base2023",22,"F22_JPPL_A35_Q2_9421",2013,2,53.72,11.2812,71.0653
"base2023",22,"F22_JPPL_A35_Q2_9421",2014,2,22.49,4.7229,21.2264
"base2023",22,"F22_JPPL_A35_Q2_9421",2015,2,16.64,3.4944,31.9213
"base2023",22,"F22_JPPL_A35_Q2_9421",2016,2,37.62,7.9002,315.626
"base2023",22,"F22_JPPL_A35_Q2_9421",2017,2,33.69,7.0749,163.167
"base2023",22,"F22_JPPL_A35_Q2_9421",2018,2,44.45,9.3345,53.6216
"base2023",22,"F22_JPPL_A35_Q2_9421",2019,2,5.94,1.2474,20.8459
"base2023",22,"F22_JPPL_A35_Q2_9421",2020,2,7.925,1.66425,18.6547
"base2023",22,"F22_JPPL_A35_Q2_9421",2021,2,1.847,0.38787,177.409
"base2023",23,"F23_JPPL_A35_Q3",1994,3,1.15,0.3151,7.67552
"base2023",23,"F23_JPPL_A35_Q3",1995,3,5.54,1.51796,9.45655
"base2023",23,"F23_JPPL_A35_Q3",1996,3,30.1,8.2474,46.4556
"base2023",23,"F23_JPPL_A35_Q3",1997,3,91.34,25.0272,45.8653
"base2023",23,"F23_JPPL_A35_Q3",2001,3,1.01,0.27674,6.64434
"base2023",23,"F23_JPPL_A35_Q3",2002,3,28.01,7.67474,24.8754
"base2023",23,"F23_JPPL_A35_Q3",2003,3,35.74,9.79276,15.0885
"base2023",23,"F23_JPPL_A35_Q3",2004,3,1.26,0.34524,10.0618
"base2023",23,"F23_JPPL_A35_Q3",2005,3,19.28,5.28272,17.7758
"base2023",23,"F23_JPPL_A35_Q3",2006,3,5.78,1.58372,5.47886
"base2023",23,"F23_JPPL_A35_Q3",2007,3,3.15,0.8631,16.8884
"base2023",23,"F23_JPPL_A35_Q3",2008,3,2.4,0.6576,14.7071
"base2023",23,"F23_JPPL_A35_Q3",2009,3,4.8,1.3152,8.0948
"base2023",23,"F23_JPPL_A35_Q3",2010,3,12.8,3.5072,6.06301
"base2023",23,"F23_JPPL_A35_Q3",2011,3,5.85,1.6029,7.69413
"base2023",23,"F23_JPPL_A35_Q3",2012,3,19.97,5.47178,20.1426
"base2023",23,"F23_JPPL_A35_Q3",2013,3,3.97,1.08778,5.04751
"base2023",23,"F23_JPPL_A35_Q3",2014,3,42.14,11.5464,14.3625
"base2023",23,"F23_JPPL_A35_Q3",2015,3,16.21,4.44154,13.4269
"base2023",23,"F23_JPPL_A35_Q3",2016,3,21.73,5.95402,16.6779
"base2023",23,"F23_JPPL_A35_Q3",2017,3,18.06,4.94844,19.5083
"base2023",23,"F23_JPPL_A35_Q3",2019,3,21.7,5.9458,54.3981
"base2023",24,"F24_JPPL_A35_Q4",1994,4,9.57,2.62218,6.15739
"base2023",24,"F24_JPPL_A35_Q4",1995,4,4.46,1.22204,6.07896
"base2023",24,"F24_JPPL_A35_Q4",1997,4,23.78,6.51572,10.005
"base2023",24,"F24_JPPL_A35_Q4",2002,4,15.01,4.11274,10.9609
"base2023",24,"F24_JPPL_A35_Q4",2003,4,74.81,20.4979,15.1603
"base2023",24,"F24_JPPL_A35_Q4",2009,4,11.42,3.12908,3.74293
"base2023",24,"F24_JPPL_A35_Q4",2019,4,1.67,0.45758,8.21554
"base2023",25,"F25_JPPL_A24",1994,2,8.82,2.41668,8.32364
"base2023",25,"F25_JPPL_A24",2002,1,1.48,0.40552,8.94218
"base2023",25,"F25_JPPL_A24",2003,1,1.79,0.49046,6.30326
"base2023",25,"F25_JPPL_A24",2003,2,8.2,2.2468,16.8239
"base2023",25,"F25_JPPL_A24",2004,1,7.44,2.03856,239.658
"base2023",25,"F25_JPPL_A24",2011,2,5.63,1.54262,8.86884
"base2023",26,"F26_USLL_A35",1995,1,2.49,0.68226,37.1202
"base2023",26,"F26_USLL_A35",1996,1,1.74,0.47676,40.0004
"base2023",26,"F26_USLL_A35",1997,1,1.01,0.27674,14.3725
"base2023",26,"F26_USLL_A35",1998,1,1.08,0.29592,9.3061
"base2023",26,"F26_USLL_A35",1999,1,7.75,2.1235,46.4101
"base2023",26,"F26_USLL_A35",2000,1,1.85,0.5069,79.1215
"base2023",26,"F26_USLL_A35",2005,1,7.82,2.14268,19.8356
"base2023",26,"F26_USLL_A35",2006,1,4.49,1.23026,218.046
"base2023",26,"F26_USLL_A35",2007,1,3.85,1.0549,68.5247
"base2023",26,"F26_USLL_A35",2008,1,5.18,1.41932,86.5002
"base2023",26,"F26_USLL_A35",2009,1,5.91,1.61934,44.28
"base2023",26,"F26_USLL_A35",2010,1,3.17,0.86858,72.8873
"base2023",26,"F26_USLL_A35",2011,1,6.18,1.69332,75.5414
"base2023",26,"F26_USLL_A35",2012,1,3.22,0.88228,249.746
"base2023",26,"F26_USLL_A35",2013,1,3.61,0.98914,8.7178
"base2023",26,"F26_USLL_A35",2014,1,2.2,0.6028,74.5794
"base2023",26,"F26_USLL_A35",2020,1,0.145,0.03973,33.2734
"base2023",26,"F26_USLL_A35",2021,1,0.339,0.092886,20.1466
"base2023",26,"F26_USLL_A35",1998,3,1.28,0.35072,23.4059
"base2023",26,"F26_USLL_A35",2008,3,2.13,0.58362,10.8903
"base2023",26,"F26_USLL_A35",2011,3,2.79,0.76446,9.65104
"base2023",26,"F26_USLL_A35",2012,3,1.92,0.52608,28.3828
"base2023",26,"F26_USLL_A35",2018,3,1.32,0.36168,24.2293
"base2023",26,"F26_USLL_A35",2021,3,0.263,0.072062,37.885
"base2023",26,"F26_USLL_A35",1994,4,9.38,2.57012,22.8318
"base2023",26,"F26_USLL_A35",1996,4,2.55,0.6987,26.9389
"base2023",26,"F26_USLL_A35",1997,4,2.86,0.78364,48.962
"base2023",26,"F26_USLL_A35",1998,4,10.37,2.84138,61.6838
"base2023",26,"F26_USLL_A35",1999,4,1.28,0.35072,43.0225
"base2023",26,"F26_USLL_A35",2000,4,3.2,0.8768,58.4322
"base2023",26,"F26_USLL_A35",2004,4,2.64,0.72336,58.9378
"base2023",26,"F26_USLL_A35",2005,4,4.94,1.35356,71.1629
"base2023",26,"F26_USLL_A35",2008,4,5.14,1.40836,101.816
"base2023",26,"F26_USLL_A35",2010,4,5.02,1.37548,62.2006
"base2023",26,"F26_USLL_A35",2011,4,3.96,1.08504,64.1417
"base2023",26,"F26_USLL_A35",2021,4,0.2,0.0548,23.9758
"base2023",27,"F27_USLL_A24",1995,1,3.87,1.06038,83.9866
"base2023",27,"F27_USLL_A24",1996,1,3.19,0.87406,127.705
"base2023",27,"F27_USLL_A24",1997,1,6.69,1.83306,152.544
"base2023",27,"F27_USLL_A24",1998,1,1.14,0.31236,59.9835
"base2023",27,"F27_USLL_A24",1999,1,7.54,2.06596,59.4358
"base2023",27,"F27_USLL_A24",2000,1,1.07,0.29318,34.8478
"base2023",27,"F27_USLL_A24",2001,1,39.44,10.8066,141.466
"base2023",27,"F27_USLL_A24",2002,1,7.79,2.13446,172.559
"base2023",27,"F27_USLL_A24",2003,1,7.93,2.17282,89.8003
"base2023",27,"F27_USLL_A24",2004,1,7.02,1.92348,814.136
"base2023",27,"F27_USLL_A24",2005,1,7.06,1.93444,44.3889
"base2023",27,"F27_USLL_A24",2006,1,4.18,1.14532,191.007
"base2023",27,"F27_USLL_A24",2007,1,1.52,0.41648,41.9645
"base2023",27,"F27_USLL_A24",2008,1,4.33,1.18642,29.3797
"base2023",27,"F27_USLL_A24",2009,1,1.5,0.411,53.9472
"base2023",27,"F27_USLL_A24",2010,1,8.19,2.24406,116.016
"base2023",27,"F27_USLL_A24",2011,1,9.29,2.54546,148.784
"base2023",27,"F27_USLL_A24",2012,1,6.74,1.84676,146.739
"base2023",27,"F27_USLL_A24",2013,1,4.53,1.24122,560.226
"base2023",27,"F27_USLL_A24",2015,1,1.98,0.54252,85.1718
"base2023",27,"F27_USLL_A24",2016,1,2.47,0.67678,103.545
"base2023",27,"F27_USLL_A24",2017,1,1.16,0.31784,37.3096
"base2023",27,"F27_USLL_A24",1995,2,1.93,0.52882,74.878
"base2023",27,"F27_USLL_A24",1996,2,10.73,2.94002,83.9583
"base2023",27,"F27_USLL_A24",1997,2,13.37,3.66338,52.1994
"base2023",27,"F27_USLL_A24",1998,2,1.58,0.43292,21.3568
"base2023",27,"F27_USLL_A24",1999,2,2.88,0.78912,21.4081
"base2023",27,"F27_USLL_A24",2001,2,38.66,10.5928,41.6549
"base2023",27,"F27_USLL_A24",2002,2,28.2,7.7268,74.4049
"base2023",27,"F27_USLL_A24",2003,2,27.91,7.64734,151.64
"base2023",27,"F27_USLL_A24",2004,2,3.83,1.04942,95.7327
"base2023",27,"F27_USLL_A24",2005,2,9.86,2.70164,50.0298
"base2023",27,"F27_USLL_A24",2006,2,3.32,0.90968,82.2698
"base2023",27,"F27_USLL_A24",2008,2,2.91,0.79734,40.2439
"base2023",27,"F27_USLL_A24",2010,2,2.4,0.6576,60.6337
"base2023",27,"F27_USLL_A24",2011,2,3.04,0.83296,60.4006
"base2023",27,"F27_USLL_A24",2012,2,5.22,1.43028,142.544
"base2023",27,"F27_USLL_A24",2013,2,3.63,0.99462,50.7475
"base2023",27,"F27_USLL_A24",2014,2,2.39,0.65486,89.8356
"base2023",27,"F27_USLL_A24",2015,2,3.53,0.96722,209.476
"base2023",27,"F27_USLL_A24",2016,2,4.01,1.09874,114.759
"base2023",27,"F27_USLL_A24",1994,3,1.76,0.48224,49.5081
"base2023",27,"F27_USLL_A24",1995,3,2.6,0.7124,39.5641
"base2023",27,"F27_USLL_A24",1998,3,2.97,0.81378,42.1245
"base2023",27,"F27_USLL_A24",1999,3,1.3,0.3562,61.427
"base2023",27,"F27_USLL_A24",2000,3,6.4,1.7536,154.059
"base2023",27,"F27_USLL_A24",2001,3,13.5,3.699,228.256
"base2023",27,"F27_USLL_A24",2002,3,6.37,1.74538,102.725
"base2023",27,"F27_USLL_A24",2004,3,19.97,5.47178,9.93857
"base2023",27,"F27_USLL_A24",2005,3,2.7,0.7398,66.518
"base2023",27,"F27_USLL_A24",2006,3,2.01,0.55074,98.1077
"base2023",27,"F27_USLL_A24",2009,3,2.11,0.57814,125.489
"base2023",27,"F27_USLL_A24",2010,3,1.33,0.36442,55.7339
"base2023",27,"F27_USLL_A24",2011,3,2.91,0.79734,49.2623
"base2023",27,"F27_USLL_A24",2021,3,0.109,0.029866,32.9905
"base2023",27,"F27_USLL_A24",1994,4,14.67,4.01958,36.1703
"base2023",27,"F27_USLL_A24",1995,4,3.97,1.08778,24.0434
"base2023",27,"F27_USLL_A24",1996,4,4.07,1.11518,185.427
"base2023",27,"F27_USLL_A24",1997,4,3.98,1.09052,30.1697
"base2023",27,"F27_USLL_A24",1998,4,13.55,3.7127,45.0949
"base2023",27,"F27_USLL_A24",1999,4,13.27,3.63598,36.4066
"base2023",27,"F27_USLL_A24",2000,4,29.52,8.08848,139.84
"base2023",27,"F27_USLL_A24",2001,4,12.84,3.51816,62.8682
"base2023",27,"F27_USLL_A24",2002,4,4.1,1.1234,59.3068
"base2023",27,"F27_USLL_A24",2003,4,1.79,0.49046,13.0374
"base2023",27,"F27_USLL_A24",2004,4,13.69,3.75106,7.43655
"base2023",27,"F27_USLL_A24",2005,4,7.97,2.18378,41.4356
"base2023",27,"F27_USLL_A24",2007,4,5.47,1.49878,340.317
"base2023",27,"F27_USLL_A24",2008,4,5.74,1.57276,55.2054
"base2023",27,"F27_USLL_A24",2010,4,5.38,1.47412,184.471
"base2023",27,"F27_USLL_A24",2011,4,6.07,1.66318,39.8105
"base2023",27,"F27_USLL_A24",2012,4,2.39,0.65486,117.315
"base2023",27,"F27_USLL_A24",2013,4,1.64,0.44936,82.298
"base2023",27,"F27_USLL_A24",2021,4,0.234,0.064116,44.1836
"base2023",28,"F28_TWLL_A35",2003,1,29.35,4.696,18.6249
"base2023",28,"F28_TWLL_A35",2003,4,41.39,6.6224,20.5347
"base2023",28,"F28_TWLL_A35",2004,1,168.09,26.8944,75.4578
"base2023",28,"F28_TWLL_A35",2004,3,2.3,0.368,61.181
"base2023",28,"F28_TWLL_A35",2004,4,225.98,36.1568,84.9469
"base2023",28,"F28_TWLL_A35",2005,1,104.09,16.6544,62.1663
"base2023",28,"F28_TWLL_A35",2005,4,228.42,36.5472,132.398
"base2023",28,"F28_TWLL_A35",2006,1,308.16,49.3056,57.5268
"base2023",28,"F28_TWLL_A35",2006,2,118.41,18.9456,125.85
"base2023",28,"F28_TWLL_A35",2006,3,3.16,0.5056,11.2331
"base2023",28,"F28_TWLL_A35",2006,4,284.34,45.4944,75.4739
"base2023",28,"F28_TWLL_A35",2007,1,226.88,36.3008,150.058
"base2023",28,"F28_TWLL_A35",2007,2,58.12,9.2992,22.1579
"base2023",28,"F28_TWLL_A35",2007,4,113.16,18.1056,65.9365
"base2023",28,"F28_TWLL_A35",2008,1,240.88,38.5408,62.9206
"base2023",28,"F28_TWLL_A35",2008,2,83.74,13.3984,43.786
"base2023",28,"F28_TWLL_A35",2008,3,1.84,0.2944,13.8673
"base2023",28,"F28_TWLL_A35",2008,4,75.22,12.0352,43.7687
"base2023",28,"F28_TWLL_A35",2009,1,109,17.44,178.221
"base2023",28,"F28_TWLL_A35",2009,4,100.56,16.0896,15.8261
"base2023",28,"F28_TWLL_A35",2010,1,135.36,21.6576,79.0915
"base2023",28,"F28_TWLL_A35",2010,2,5.91,0.9456,13.4669
"base2023",28,"F28_TWLL_A35",2010,3,1.89,0.3024,27.5533
"base2023",28,"F28_TWLL_A35",2010,4,91.73,14.6768,50.9972
"base2023",28,"F28_TWLL_A35",2011,1,114.43,18.3088,68.4004
"base2023",28,"F28_TWLL_A35",2011,2,5.15,0.824,4.05813
"base2023",28,"F28_TWLL_A35",2011,3,3.5,0.56,25.7193
"base2023",28,"F28_TWLL_A35",2011,4,147.37,23.5792,38.3335
"base2023",28,"F28_TWLL_A35",2012,1,107.29,17.1664,83.6032
"base2023",28,"F28_TWLL_A35",2012,4,142.22,22.7552,67.0446
"base2023",28,"F28_TWLL_A35",2013,1,102.94,16.4704,114.551
"base2023",28,"F28_TWLL_A35",2013,4,116.41,18.6256,86.1245
"base2023",28,"F28_TWLL_A35",2014,1,154.78,24.7648,106.57
"base2023",28,"F28_TWLL_A35",2014,4,68.95,11.032,44.8681
"base2023",28,"F28_TWLL_A35",2015,1,43.36,6.9376,18.152
"base2023",28,"F28_TWLL_A35",2015,4,68.79,11.0064,28.8768
"base2023",28,"F28_TWLL_A35",2016,1,107.84,17.2544,29.7361
"base2023",28,"F28_TWLL_A35",2016,4,37.94,6.0704,21.9019
"base2023",28,"F28_TWLL_A35",2017,1,65.94,10.5504,34.1633
"base2023",28,"F28_TWLL_A35",2017,4,45.65,7.304,51.1775
"base2023",28,"F28_TWLL_A35",2018,1,72.48,11.5968,86.9412
"base2023",28,"F28_TWLL_A35",2018,4,156.67,25.0672,105.896
"base2023",28,"F28_TWLL_A35",2019,1,103.5,16.56,373.92
"base2023",28,"F28_TWLL_A35",2019,4,137.48,21.9968,182.852
"base2023",28,"F28_TWLL_A35",2020,1,26.111,4.17776,38.802
"base2023",28,"F28_TWLL_A35",2020,4,14.868,2.37888,200.043
"base2023",28,"F28_TWLL_A35",2021,1,25.413,4.06608,51.8422
"base2023",28,"F28_TWLL_A35",2021,2,0.389,0.06224,34.5665
"base2023",28,"F28_TWLL_A35",2021,3,0.112,0.01792,7.62788
"base2023",28,"F28_TWLL_A35",2021,4,23.529,3.76464,84.736
"base2023",31,"F31_CNLL_A35",2013,4,45.97,12.5958,36.084
"base2023",31,"F31_CNLL_A35",2014,1,19.72,5.40328,15.6735
"base2023",31,"F31_CNLL_A35",2017,4,20.17,5.52658,25.0283
"base2023",31,"F31_CNLL_A35",2020,3,2.64,0.72336,29.403
"base2023",32,"F32_CNLL_A24",1999,3,1.88,0.51512,19.6215
"base2023",32,"F32_CNLL_A24",2000,1,1,0.274,4.72053
"base2023",32,"F32_CNLL_A24",2004,1,3.02,0.82748,23.5841
"base2023",32,"F32_CNLL_A24",2006,1,3.88,1.06312,11.4187
"base2023",32,"F32_CNLL_A24",2008,2,2.97,0.81378,22.3268
"base2023",32,"F32_CNLL_A24",2011,4,1.88,0.51512,54.3417
"base2023",32,"F32_CNLL_A24",2014,1,1.1,0.3014,4.67421
"base2023",32,"F32_CNLL_A24",2017,4,1.68,0.46032,30.2097
"base2023",32,"F32_CNLL_A24",2019,1,11.15,3.0551,7.20054
"base2023",32,"F32_CNLL_A24",2020,3,3.344,0.916256,6.15868
"base2023",32,"F32_CNLL_A24",2020,4,4.375,1.19875,19.4029
"base2023",32,"F32_CNLL_A24",2021,1,0.835,0.22879,21.8271
"base2023",33,"F33_VUOTHLL",2000,1,1,0.274,7.56408
"base2023",33,"F33_VUOTHLL",2014,1,5.09,1.39466,74.4802
"base2023",33,"F33_VUOTHLL",2014,2,2.8,0.7672,29.9025
"base2023",33,"F33_VUOTHLL",2014,3,9.23,2.52902,37.6665
"base2023",33,"F33_VUOTHLL",2014,4,13.6,3.7264,60.6091
"base2023",34,"F34_EPOSF_9921",1996,2,9.98,2.73452,112.01
"base2023",34,"F34_EPOSF_9921",1997,2,7.37,2.01938,76.5347
"base2023",34,"F34_EPOSF_9921",1999,2,10.51,2.87974,100.602
"base2023",34,"F34_EPOSF_9921",2000,2,2.48,0.67952,44.7652
"base2023",34,"F34_EPOSF_9921",2004,2,8.49,2.32626,30.0755
"base2023",34,"F34_EPOSF_9921",2005,2,9.84,2.69616,88.7566
"base2023",34,"F34_EPOSF_9921",2007,2,5.1,1.3974,57.8517
"base2023",34,"F34_EPOSF_9921",2008,2,3.27,0.89598,14.3821
"base2023",34,"F34_EPOSF_9921",2009,2,12.81,3.50994,181.713
"base2023",34,"F34_EPOSF_9921",2010,2,10.21,2.79754,41.2857
"base2023",34,"F34_EPOSF_9921",2011,2,1.34,0.36716,43.4061
"base2023",34,"F34_EPOSF_9921",2012,2,5.45,1.4933,46.528
"base2023",34,"F34_EPOSF_9921",2015,2,5.73,1.57002,29.2112
"base2023",34,"F34_EPOSF_9921",2016,2,20.84,5.71016,39.5575
"base2023",34,"F34_EPOSF_9921",2017,2,6.28,1.72072,20.1149
"base2023",34,"F34_EPOSF_9921",2018,2,4.4,1.2056,19.724
"base2023",34,"F34_EPOSF_9921",2019,2,2.1,0.5754,16.7675
"base2023",34,"F34_EPOSF_9921",1995,3,108.02,29.5975,113.486
"base2023",34,"F34_EPOSF_9921",1996,3,165.15,45.2511,415.764
"base2023",34,"F34_EPOSF_9921",1997,3,131.58,36.0529,347.282
"base2023",34,"F34_EPOSF_9921",1998,3,35.76,9.79824,159.555
"base2023",34,"F34_EPOSF_9921",1999,3,27.66,7.57884,94.6034
"base2023",34,"F34_EPOSF_9921",2000,3,42.67,11.6916,72.3369
"base2023",34,"F34_EPOSF_9921",2001,3,59.52,16.3085,204.761
"base2023",34,"F34_EPOSF_9921",2002,3,39.6,10.8504,27.2015
"base2023",34,"F34_EPOSF_9921",2003,3,28.14,7.71036,414.49
"base2023",34,"F34_EPOSF_9921",2004,3,147.47,40.4068,56.2924
"base2023",34,"F34_EPOSF_9921",2005,3,178.73,48.972,266.507
"base2023",34,"F34_EPOSF_9921",2006,3,257.69,70.6071,372.157
"base2023",34,"F34_EPOSF_9921",2007,3,254.7,69.7878,610.706
"base2023",34,"F34_EPOSF_9921",2008,3,298.15,81.6931,442.621
"base2023",34,"F34_EPOSF_9921",2009,3,447.98,122.747,1923.41
"base2023",34,"F34_EPOSF_9921",2010,3,442.33,121.198,473.43
"base2023",34,"F34_EPOSF_9921",2011,3,457.86,125.454,180.555
"base2023",34,"F34_EPOSF_9921",2012,3,548.96,150.415,880.306
"base2023",34,"F34_EPOSF_9921",2013,3,359.72,98.5633,563.421
"base2023",34,"F34_EPOSF_9921",2014,3,532.63,145.941,704.335
"base2023",34,"F34_EPOSF_9921",2015,3,245.83,67.3574,111.571
"base2023",34,"F34_EPOSF_9921",2016,3,221.49,60.6883,142.262
"base2023",34,"F34_EPOSF_9921",2017,3,191.51,52.4737,63.4324
"base2023",34,"F34_EPOSF_9921",2018,3,153.13,41.9576,124.611
"base2023",34,"F34_EPOSF_9921",2019,3,188.77,51.723,187.933
"base2023",34,"F34_EPOSF_9921",2020,3,8.11,2.22214,82.2707
"base2023",34,"F34_EPOSF_9921",2021,3,7.549,2.06843,33.6051
"base2023",34,"F34_EPOSF_9921",2003,4,3.26,0.89324,39.6066
"base2023",34,"F34_EPOSF_9921",2004,4,8.9,2.4386,110.799
"base2023",34,"F34_EPOSF_9921",2005,4,2.49,0.68226,44.4614
"base2023",34,"F34_EPOSF_9921",2006,4,18.28,5.00872,266.457
"base2023",34,"F34_EPOSF_9921",2008,4,6.44,1.76456,70.2604
"base2023",34,"F34_EPOSF_9921",2009,4,5.24,1.43576,80.6029
"base2023",34,"F34_EPOSF_9921",2010,4,18.77,5.14298,178.338
"base2023",34,"F34_EPOSF_9921",2011,4,65.02,17.8155,307.029
"base2023",34,"F34_EPOSF_9921",2012,4,26.5,7.261,177.718
"base2023",34,"F34_EPOSF_9921",2013,4,33.7,9.2338,368.286
"base2023",34,"F34_EPOSF_9921",2014,4,9.97,2.73178,89.2443
"base2023",34,"F34_EPOSF_9921",2015,4,4.57,1.25218,84.7088
"base2023",34,"F34_EPOSF_9921",2016,4,2.33,0.63842,38.9104
"base2023",34,"F34_EPOSF_9921",2017,4,3.53,0.96722,64.1491
"base2023",34,"F34_EPOSF_9921",2019,4,12.47,3.41678,75.0388
"base2023",34,"F34_EPOSF_9921",2020,4,0.378,0.103572,77.72
"base2023",34,"F34_EPOSF_9921",2021,4,0.235,0.06439,18.5981
"base2023",36,"S36_JPLL_RTV_A2",1994,2,0.003,0.001,119.655
"base2023",36,"S36_JPLL_RTV_A2",1994,4,3.09,0.84666,119.655
"base2023",36,"S36_JPLL_RTV_A2",1995,4,0.071,0.019454,119.655
"base2023",36,"S36_JPLL_RTV_A2",1996,4,0.201,0.055074,119.655
"base2023",36,"S36_JPLL_RTV_A2",1997,4,0.045,0.01233,119.655
"base2023",36,"S36_JPLL_RTV_A2",2004,1,0.026,0.007124,119.655
"base2023",36,"S36_JPLL_RTV_A2",2004,2,0.003,0.001,119.655
"base2023",36,"S36_JPLL_RTV_A2",2005,1,0.003,0.001,119.655
"base2023",36,"S36_JPLL_RTV_A2",2006,1,0.01,0.00274,119.655
"base2023",36,"S36_JPLL_RTV_A2",2007,1,0.003,0.001,119.655
"base2023",36,"S36_JPLL_RTV_A2",2008,1,0.003,0.001,119.655
"base2023",36,"S36_JPLL_RTV_A2",2009,4,0.019,0.005206,119.655
"base2023",36,"S36_JPLL_RTV_A2",2010,1,0.006,0.001644,119.655
"base2023",36,"S36_JPLL_RTV_A2",2011,1,0.023,0.006302,119.655
"base2023",36,"S36_JPLL_RTV_A2",2011,3,0.003,0.001,119.655
"base2023",36,"S36_JPLL_RTV_A2",2011,4,0.003,0.001,119.655
"base2023",36,"S36_JPLL_RTV_A2",2014,1,0.003,0.001,119.655
"base2023",36,"S36_JPLL_RTV_A2",2015,1,0.003,0.001,119.655
"base2023",36,"S36_JPLL_RTV_A2",2016,2,0.003,0.001,119.655
"base2023",36,"S36_JPLL_RTV_A2",2017,4,0.013,0.003562,119.655
"base2023",36,"S36_JPLL_RTV_A2",2018,1,0.006,0.001644,119.655
"base2023",36,"S36_JPLL_RTV_A2",2018,2,0.003,0.001,119.655
"base2023",36,"S36_JPLL_RTV_A2",2018,4,0.003,0.001,119.655
"base2023",36,"S36_JPLL_RTV_A2",2019,2,0.013,0.003562,119.655
"base2023",36,"S36_JPLL_RTV_A2",2019,4,0.003,0.001,119.655
"base2023",36,"S36_JPLL_RTV_A2",2020,4,0.026,0.007124,119.655
"base2023",36,"S36_JPLL_RTV_A2",2021,1,0.259,0.070966,119.655
"base2023",36,"S36_JPLL_RTV_A2",2021,2,0.016,0.004384,119.655
"base2023",36,"S36_JPLL_RTV_A2",2021,3,0.006,0.001644,119.655
"base2023",36,"S36_JPLL_RTV_A2",2021,4,0.013,0.003562,119.655
"base2023",37,"S37_JPLL_RTV_A4",1994,1,12.93,3.54282,24.0128
"base2023",37,"S37_JPLL_RTV_A4",1994,2,0.001,0.001,24.0128
"base2023",37,"S37_JPLL_RTV_A4",1994,3,0.003,0.001,24.0128
"base2023",37,"S37_JPLL_RTV_A4",1994,4,0.013,0.003562,24.0128
"base2023",37,"S37_JPLL_RTV_A4",1995,1,0.002,0.001,24.0128
"base2023",37,"S37_JPLL_RTV_A4",1995,2,0.021,0.005754,24.0128
"base2023",37,"S37_JPLL_RTV_A4",1996,1,0.003,0.001,24.0128
"base2023",37,"S37_JPLL_RTV_A4",1996,2,0.002,0.001,24.0128
"base2023",37,"S37_JPLL_RTV_A4",1996,4,0.003,0.001,24.0128
"base2023",37,"S37_JPLL_RTV_A4",1997,1,0.002,0.001,24.0128
"base2023",37,"S37_JPLL_RTV_A4",1997,2,0.004,0.001096,24.0128
"base2023",37,"S37_JPLL_RTV_A4",2003,2,0.005,0.00137,24.0128
"base2023",37,"S37_JPLL_RTV_A4",2003,3,0.001,0.001,24.0128
"base2023",37,"S37_JPLL_RTV_A4",2003,4,0.004,0.001096,24.0128
"base2023",37,"S37_JPLL_RTV_A4",2004,1,0.03,0.00822,24.0128
"base2023",37,"S37_JPLL_RTV_A4",2004,4,0.011,0.003014,24.0128
"base2023",37,"S37_JPLL_RTV_A4",2005,1,0.023,0.006302,24.0128
"base2023",37,"S37_JPLL_RTV_A4",2005,2,0.001,0.001,24.0128
"base2023",37,"S37_JPLL_RTV_A4",2006,1,0.015,0.00411,24.0128
"base2023",37,"S37_JPLL_RTV_A4",2006,2,0.009,0.002466,24.0128
"base2023",37,"S37_JPLL_RTV_A4",2006,3,0.001,0.001,24.0128
"base2023",37,"S37_JPLL_RTV_A4",2006,4,0.001,0.001,24.0128
"base2023",37,"S37_JPLL_RTV_A4",2007,1,0.009,0.002466,24.0128
"base2023",37,"S37_JPLL_RTV_A4",2007,2,0.002,0.001,24.0128
"base2023",37,"S37_JPLL_RTV_A4",2008,1,0.015,0.00411,24.0128
"base2023",37,"S37_JPLL_RTV_A4",2008,2,0.001,0.001,24.0128
"base2023",37,"S37_JPLL_RTV_A4",2009,1,0.063,0.017262,24.0128
"base2023",37,"S37_JPLL_RTV_A4",2009,2,0.002,0.001,24.0128
"base2023",37,"S37_JPLL_RTV_A4",2010,1,0.07,0.01918,24.0128
"base2023",37,"S37_JPLL_RTV_A4",2010,2,0.004,0.001096,24.0128
"base2023",37,"S37_JPLL_RTV_A4",2010,4,0.001,0.001,24.0128
"base2023",37,"S37_JPLL_RTV_A4",2011,1,0.02,0.00548,24.0128
"base2023",37,"S37_JPLL_RTV_A4",2011,2,0.002,0.001,24.0128
"base2023",37,"S37_JPLL_RTV_A4",2011,4,0.009,0.002466,24.0128
"base2023",37,"S37_JPLL_RTV_A4",2012,1,0.077,0.021098,24.0128
"base2023",37,"S37_JPLL_RTV_A4",2012,2,0.012,0.003288,24.0128
"base2023",37,"S37_JPLL_RTV_A4",2012,4,0.004,0.001096,24.0128
"base2023",37,"S37_JPLL_RTV_A4",2013,1,0.079,0.021646,24.0128
"base2023",37,"S37_JPLL_RTV_A4",2013,2,0.011,0.003014,24.0128
"base2023",37,"S37_JPLL_RTV_A4",2013,4,0.002,0.001,24.0128
"base2023",37,"S37_JPLL_RTV_A4",2014,1,0.095,0.02603,24.0128
"base2023",37,"S37_JPLL_RTV_A4",2014,2,0.008,0.002192,24.0128
"base2023",37,"S37_JPLL_RTV_A4",2014,4,0.002,0.001,24.0128
"base2023",37,"S37_JPLL_RTV_A4",2015,1,0.08,0.02192,24.0128
"base2023",37,"S37_JPLL_RTV_A4",2015,2,0.004,0.001096,24.0128
"base2023",37,"S37_JPLL_RTV_A4",2015,3,0.001,0.001,24.0128
"base2023",37,"S37_JPLL_RTV_A4",2016,2,0.002,0.001,24.0128
"base2023",37,"S37_JPLL_RTV_A4",2016,3,0.002,0.001,24.0128
"base2023",37,"S37_JPLL_RTV_A4",2017,1,0.007,0.001918,24.0128
"base2023",37,"S37_JPLL_RTV_A4",2017,2,0.002,0.001,24.0128
"base2023",37,"S37_JPLL_RTV_A4",2017,3,0.002,0.001,24.0128
"base2023",37,"S37_JPLL_RTV_A4",2018,1,0.08,0.02192,24.0128
"base2023",37,"S37_JPLL_RTV_A4",2018,2,0.001,0.001,24.0128
"base2023",37,"S37_JPLL_RTV_A4",2018,3,0.001,0.001,24.0128
"base2023",37,"S37_JPLL_RTV_A4",2018,4,0.002,0.001,24.0128
"base2023",37,"S37_JPLL_RTV_A4",2019,1,0.07,0.01918,24.0128
"base2023",37,"S37_JPLL_RTV_A4",2019,2,0.002,0.001,24.0128
"base2023",37,"S37_JPLL_RTV_A4",2019,3,0.002,0.001,24.0128
"base2023",37,"S37_JPLL_RTV_A4",2020,1,0.042,0.011508,24.0128
"base2023",37,"S37_JPLL_RTV_A4",2020,4,0.002,0.001,24.0128
"base2023",37,"S37_JPLL_RTV_A4",2021,1,0.055,0.01507,24.0128
"base2023",37,"S37_JPLL_RTV_A4",2021,2,0.005,0.00137,24.0128
"base2023",37,"S37_JPLL_RTV_A4",2021,4,0.001,0.001,24.0128
