"Fleet","Fleet_Name","Yr","Seas","base","JPLLA35_USLLA24","JPPLA35_JPLLA13","JPPLA35_TWLLA35","TWLLA35_EPOSF"
1,"F1_JPLL_A13_Q1_wt",1994,1,25.28,25.201,25.207,25.494,25.188
1,"F1_JPLL_A13_Q1_wt",1995,1,4.287,4.286,4.287,4.293,4.288
1,"F1_JPLL_A13_Q1_wt",1996,1,14.989,14.985,14.999,14.958,15.013
1,"F1_JPLL_A13_Q1_wt",1997,1,52.157,51.87,51.911,52.944,51.828
1,"F1_JPLL_A13_Q1_wt",1998,1,102.617,102.943,103.036,101.683,103.304
1,"F1_JPLL_A13_Q1_wt",1999,1,16.449,16.491,16.477,16.352,16.487
1,"F1_JPLL_A13_Q1_wt",2000,1,222.49,223.068,222.155,221.889,222.23
1,"F1_JPLL_A13_Q1_wt",2001,1,126.658,126.816,126.787,126.298,127.045
1,"F1_JPLL_A13_Q1_wt",2002,1,307.196,306.523,307.759,305.638,308.413
1,"F1_JPLL_A13_Q1_wt",2003,1,162.194,162.415,161.994,162.454,161.891
1,"F1_JPLL_A13_Q1_wt",2004,1,80.503,80.537,80.522,80.537,80.454
1,"F1_JPLL_A13_Q1_wt",2005,1,82.492,82.441,82.368,82.685,82.336
1,"F1_JPLL_A13_Q1_wt",2006,1,250.767,250.329,250.602,250.924,250.698
1,"F1_JPLL_A13_Q1_wt",2007,1,264.592,264.773,264.341,265.335,263.975
1,"F1_JPLL_A13_Q1_wt",2008,1,107.571,107.537,107.586,107.677,107.561
1,"F1_JPLL_A13_Q1_wt",2009,1,499.895,499.697,500.855,497.903,501.245
1,"F1_JPLL_A13_Q1_wt",2010,1,395.973,395.915,395.503,397.772,394.875
1,"F1_JPLL_A13_Q1_wt",2011,1,448.302,447.507,447.763,449.944,447.854
1,"F1_JPLL_A13_Q1_wt",2012,1,257.735,257.987,257.883,257.529,257.885
1,"F1_JPLL_A13_Q1_wt",2013,1,202.924,203.074,202.404,203.997,202.038
1,"F1_JPLL_A13_Q1_wt",2014,1,53.868,53.875,53.818,53.989,53.783
1,"F1_JPLL_A13_Q1_wt",2015,1,217.624,217.546,217.425,217.707,217.413
1,"F1_JPLL_A13_Q1_wt",2016,1,200.948,200.998,201.031,201.027,201.038
1,"F1_JPLL_A13_Q1_wt",2017,1,195.333,195.48,195.444,194.905,195.524
1,"F1_JPLL_A13_Q1_wt",2018,1,91.714,91.82,91.816,91.534,91.853
1,"F1_JPLL_A13_Q1_wt",2019,1,70.26,70.267,70.249,70.205,70.24
1,"F1_JPLL_A13_Q1_wt",2020,1,176.215,175.927,175.569,177.569,175.32
1,"F1_JPLL_A13_Q1_wt",2021,1,64.338,64.347,64.318,64.375,64.328
1,"F1_JPLL_A13_Q1_wt",2022,1,41.306,41.289,41.289,41.336,41.275
1,"F1_JPLL_A13_Q1_wt",2023,1,360.635,361.014,360.805,360.472,360.861
1,"F1_JPLL_A13_Q1_wt",2024,1,43.402,43.423,43.373,43.432,43.391
2,"F2_JPLL_A13_Q2_wt",1996,2,12.227,12.32,12.288,12.012,12.32
2,"F2_JPLL_A13_Q2_wt",1997,2,54.674,54.255,54.203,56.566,54.032
2,"F2_JPLL_A13_Q2_wt",2000,2,7.87,7.866,7.862,7.892,7.857
2,"F2_JPLL_A13_Q2_wt",2001,2,61.528,62.056,62.3,59.474,62.952
2,"F2_JPLL_A13_Q2_wt",2002,2,27.537,27.57,27.508,27.554,27.529
2,"F2_JPLL_A13_Q2_wt",2003,2,52.742,52.807,52.843,52.492,53.038
2,"F2_JPLL_A13_Q2_wt",2004,2,24.405,24.311,24.333,24.648,24.231
2,"F2_JPLL_A13_Q2_wt",2005,2,28.877,28.815,28.744,29.141,28.686
2,"F2_JPLL_A13_Q2_wt",2006,2,88.302,88.459,88.525,88.07,88.467
2,"F2_JPLL_A13_Q2_wt",2007,2,251.599,251.283,249.393,255.231,248.83
2,"F2_JPLL_A13_Q2_wt",2008,2,51.672,51.675,51.652,51.777,51.642
2,"F2_JPLL_A13_Q2_wt",2009,2,90.203,90.406,90.806,88.784,91.18
2,"F2_JPLL_A13_Q2_wt",2010,2,101.309,101.648,101.253,102.105,101.174
2,"F2_JPLL_A13_Q2_wt",2011,2,47.518,47.745,47.738,47.226,47.824
2,"F2_JPLL_A13_Q2_wt",2012,2,98.333,98.414,98.092,98.867,97.979
2,"F2_JPLL_A13_Q2_wt",2013,2,91.104,91.136,91.006,91.255,90.954
2,"F2_JPLL_A13_Q2_wt",2014,2,56.067,55.981,55.83,56.512,55.743
2,"F2_JPLL_A13_Q2_wt",2015,2,54.985,54.878,54.78,55.264,54.715
2,"F2_JPLL_A13_Q2_wt",2016,2,34.08,34.038,33.959,34.281,33.906
2,"F2_JPLL_A13_Q2_wt",2017,2,62.936,62.951,62.906,63.149,62.817
2,"F2_JPLL_A13_Q2_wt",2018,2,26.012,25.99,25.931,26.183,25.892
2,"F2_JPLL_A13_Q2_wt",2019,2,47.399,47.455,47.395,47.319,47.444
2,"F2_JPLL_A13_Q2_wt",2020,2,157.238,157.308,157.13,157.639,157.034
2,"F2_JPLL_A13_Q2_wt",2021,2,10.697,10.69,10.658,10.774,10.644
2,"F2_JPLL_A13_Q2_wt",2022,2,5.867,5.863,5.869,5.869,5.863
2,"F2_JPLL_A13_Q2_wt",2023,2,48.065,48.136,48.198,47.746,48.3
2,"F2_JPLL_A13_Q2_wt",2024,2,19.469,19.494,19.493,19.427,19.497
3,"F3_JPLL_A13_Q3_wt",2000,3,45.609,45.909,46.633,43.831,47.125
3,"F3_JPLL_A13_Q3_wt",2001,3,11.52,11.518,11.501,11.544,11.492
3,"F3_JPLL_A13_Q3_wt",2002,3,25.655,25.638,25.599,25.633,25.595
3,"F3_JPLL_A13_Q3_wt",2003,3,10.091,10.083,10.045,10.139,10.034
3,"F3_JPLL_A13_Q3_wt",2004,3,8.061,8.056,8.053,8.088,8.038
3,"F3_JPLL_A13_Q3_wt",2005,3,34.101,34.291,34.659,32.948,34.915
3,"F3_JPLL_A13_Q3_wt",2006,3,16.585,16.708,16.938,15.894,17.103
3,"F3_JPLL_A13_Q3_wt",2007,3,26.654,26.781,26.948,26.122,27.08
3,"F3_JPLL_A13_Q3_wt",2008,3,52.238,52.252,52.173,52.473,52.144
3,"F3_JPLL_A13_Q3_wt",2009,3,9.164,9.179,9.214,9.065,9.234
3,"F3_JPLL_A13_Q3_wt",2010,3,37.64,37.527,37.166,38.728,36.944
3,"F3_JPLL_A13_Q3_wt",2011,3,25.421,25.398,25.345,25.481,25.318
3,"F3_JPLL_A13_Q3_wt",2012,3,17.791,17.786,17.743,17.872,17.714
3,"F3_JPLL_A13_Q3_wt",2013,3,46.195,46.336,46.432,45.792,46.52
3,"F3_JPLL_A13_Q3_wt",2014,3,12.899,12.852,12.755,13.182,12.693
3,"F3_JPLL_A13_Q3_wt",2015,3,19.763,19.683,19.473,20.426,19.343
3,"F3_JPLL_A13_Q3_wt",2016,3,32.788,32.741,32.642,33.06,32.579
3,"F3_JPLL_A13_Q3_wt",2017,3,19.191,19.245,19.354,18.857,19.428
3,"F3_JPLL_A13_Q3_wt",2018,3,11.732,11.762,11.819,11.552,11.858
3,"F3_JPLL_A13_Q3_wt",2019,3,12.231,12.184,12.095,12.531,12.032
3,"F3_JPLL_A13_Q3_wt",2020,3,24.321,24.268,24.241,24.388,24.202
3,"F3_JPLL_A13_Q3_wt",2021,3,22.646,22.7,22.789,22.335,22.848
3,"F3_JPLL_A13_Q3_wt",2022,3,27.079,27.118,27.152,26.815,27.232
3,"F3_JPLL_A13_Q3_wt",2023,3,12.333,12.301,12.223,12.529,12.188
3,"F3_JPLL_A13_Q3_wt",2024,3,37.766,37.689,37.718,37.701,37.711
4,"F4_JPLL_A13_Q4_wt",1996,4,23.542,23.531,23.62,23.457,23.677
4,"F4_JPLL_A13_Q4_wt",1999,4,80.742,80.915,80.893,80.387,80.877
4,"F4_JPLL_A13_Q4_wt",2000,4,51.801,52.051,52.523,49.797,52.814
4,"F4_JPLL_A13_Q4_wt",2001,4,308.046,308.151,309.114,302.027,309.933
4,"F4_JPLL_A13_Q4_wt",2002,4,23.938,23.887,23.855,24.1,23.808
4,"F4_JPLL_A13_Q4_wt",2003,4,43.123,42.99,42.934,43.474,42.811
4,"F4_JPLL_A13_Q4_wt",2004,4,137.736,136.996,135.196,144.513,133.854
4,"F4_JPLL_A13_Q4_wt",2005,4,43.472,43.39,43.013,44.856,42.811
4,"F4_JPLL_A13_Q4_wt",2006,4,106.012,105.847,104.527,109.804,104.179
4,"F4_JPLL_A13_Q4_wt",2007,4,374.787,376.312,379.295,366.547,381.968
4,"F4_JPLL_A13_Q4_wt",2008,4,91.534,91.589,90.77,94.79,90.31
4,"F4_JPLL_A13_Q4_wt",2009,4,314.646,313.177,307.949,335.213,304.582
4,"F4_JPLL_A13_Q4_wt",2010,4,75.58,75.809,76.277,74.033,76.573
4,"F4_JPLL_A13_Q4_wt",2011,4,137.01,137.153,138.195,133.405,138.815
4,"F4_JPLL_A13_Q4_wt",2012,4,87.61,87.943,88.448,85.831,88.796
4,"F4_JPLL_A13_Q4_wt",2013,4,35.24,35.253,35.282,35.082,35.291
4,"F4_JPLL_A13_Q4_wt",2014,4,117.392,117.532,118.036,115.387,118.381
4,"F4_JPLL_A13_Q4_wt",2015,4,84.642,84.831,85.158,83.327,85.37
4,"F4_JPLL_A13_Q4_wt",2016,4,70.888,70.701,69.962,73.685,69.504
4,"F4_JPLL_A13_Q4_wt",2017,4,249.634,251.503,257.676,228.987,261.45
4,"F4_JPLL_A13_Q4_wt",2018,4,217.162,218.769,221.905,207.915,224.098
4,"F4_JPLL_A13_Q4_wt",2019,4,112.949,112.995,113.966,109.441,114.517
4,"F4_JPLL_A13_Q4_wt",2020,4,78.414,78.523,78.693,77.606,78.888
4,"F4_JPLL_A13_Q4_wt",2021,4,50.001,50.026,50.455,48.81,50.671
4,"F4_JPLL_A13_Q4_wt",2022,4,50.089,49.995,49.424,51.735,49.168
4,"F4_JPLL_A13_Q4_wt",2023,4,25.555,25.617,25.748,24.963,25.892
4,"F4_JPLL_A13_Q4_wt",2024,4,32.06,32.023,31.984,32.265,31.945
9,"F9_JPLL_A2_Q1_wt",1994,1,61.291,58.256,60.188,59.292,59.782
9,"F9_JPLL_A2_Q1_wt",1996,1,58.001,61.311,59.157,56.122,58.91
9,"F9_JPLL_A2_Q1_wt",1997,1,40.108,38.504,39.544,41.351,39.772
9,"F9_JPLL_A2_Q1_wt",1999,1,47.261,47.528,47.185,46.533,47.449
9,"F9_JPLL_A2_Q1_wt",2000,1,53.855,54.306,54.254,52.94,54.318
9,"F9_JPLL_A2_Q1_wt",2001,1,197.443,197.223,201.678,184.49,206.641
9,"F9_JPLL_A2_Q1_wt",2002,1,538.884,526.915,551.099,525.062,560.156
9,"F9_JPLL_A2_Q1_wt",2003,1,239.782,239.522,240.142,245.601,238.533
9,"F9_JPLL_A2_Q1_wt",2004,1,73.801,73.638,75.081,72.814,74.81
9,"F9_JPLL_A2_Q1_wt",2005,1,96.19,95.666,96.309,98.78,95.097
9,"F9_JPLL_A2_Q1_wt",2006,1,112.203,113.845,111.684,117.138,109.005
9,"F9_JPLL_A2_Q1_wt",2007,1,67.003,67.772,64.559,71.079,62.74
9,"F9_JPLL_A2_Q1_wt",2008,1,149.293,150.734,147,155.219,145.588
9,"F9_JPLL_A2_Q1_wt",2009,1,89.279,89.833,88.566,92.632,87.061
9,"F9_JPLL_A2_Q1_wt",2010,1,341.835,347.868,344.747,339.389,344.595
9,"F9_JPLL_A2_Q1_wt",2011,1,97.31,98.011,97.043,97.434,97.354
9,"F9_JPLL_A2_Q1_wt",2012,1,109.365,110.212,108.112,111.257,107.991
9,"F9_JPLL_A2_Q1_wt",2013,1,265.097,267.08,264.269,272.073,258.513
9,"F9_JPLL_A2_Q1_wt",2014,1,145.366,145.507,143.924,151.639,141.782
9,"F9_JPLL_A2_Q1_wt",2015,1,421.177,425.743,427.691,429.213,416.733
9,"F9_JPLL_A2_Q1_wt",2016,1,220.851,218.702,223.297,213.348,224.104
9,"F9_JPLL_A2_Q1_wt",2017,1,85.626,84.601,86.788,83.583,87.398
9,"F9_JPLL_A2_Q1_wt",2018,1,157.287,157.752,160.095,154.03,160.606
9,"F9_JPLL_A2_Q1_wt",2019,1,126.819,126.199,127.079,129.216,124.574
9,"F9_JPLL_A2_Q1_wt",2020,1,24.487,24.464,24.509,24.305,24.647
9,"F9_JPLL_A2_Q1_wt",2021,1,39.486,39.484,39.594,39.852,39.297
9,"F9_JPLL_A2_Q1_wt",2022,1,309.004,309.852,314.167,307.471,312.758
9,"F9_JPLL_A2_Q1_wt",2023,1,32.817,33.044,32.551,33.447,32.395
9,"F9_JPLL_A2_Q1_wt",2024,1,56.822,57.01,55.966,59.898,55.006
10,"F10_JPLL_A2_Q2_wt_9624",2000,2,31.962,32.032,31.993,32.007,31.98
10,"F10_JPLL_A2_Q2_wt_9624",2001,2,126.078,126.769,127.701,121.642,128.171
10,"F10_JPLL_A2_Q2_wt_9624",2002,2,242.075,242.148,241.672,242.076,241.07
10,"F10_JPLL_A2_Q2_wt_9624",2003,2,16.318,16.302,16.284,16.433,16.261
10,"F10_JPLL_A2_Q2_wt_9624",2004,2,251.995,252.543,256.198,245.938,257.401
10,"F10_JPLL_A2_Q2_wt_9624",2005,2,87.364,87.295,86.939,88.255,86.595
10,"F10_JPLL_A2_Q2_wt_9624",2006,2,100.931,101.243,102.29,98.853,102.563
10,"F10_JPLL_A2_Q2_wt_9624",2007,2,90.262,89.81,88.247,94.282,87.655
10,"F10_JPLL_A2_Q2_wt_9624",2008,2,67.915,67.944,68.473,67.007,68.752
10,"F10_JPLL_A2_Q2_wt_9624",2009,2,161.893,162.378,162.558,161.414,162.702
10,"F10_JPLL_A2_Q2_wt_9624",2010,2,525.026,524.975,519.462,539.179,517
10,"F10_JPLL_A2_Q2_wt_9624",2011,2,91.696,91.504,90.555,94.186,90.049
10,"F10_JPLL_A2_Q2_wt_9624",2012,2,79.159,79.556,80.812,76.259,81.546
10,"F10_JPLL_A2_Q2_wt_9624",2013,2,402.801,401.435,398.779,410.025,396.83
10,"F10_JPLL_A2_Q2_wt_9624",2014,2,391.133,390.818,387.876,393.356,386.86
10,"F10_JPLL_A2_Q2_wt_9624",2015,2,142.103,141.91,141.159,144.009,140.818
10,"F10_JPLL_A2_Q2_wt_9624",2016,2,270.121,271.64,276.064,260.665,278.699
10,"F10_JPLL_A2_Q2_wt_9624",2017,2,142.377,141.325,138.431,150.595,136.833
10,"F10_JPLL_A2_Q2_wt_9624",2018,2,164.224,164.285,164.564,163.513,164.725
10,"F10_JPLL_A2_Q2_wt_9624",2019,2,134.782,134.371,132.827,138.798,132.031
10,"F10_JPLL_A2_Q2_wt_9624",2020,2,234.233,233.052,228.412,245.93,225.843
10,"F10_JPLL_A2_Q2_wt_9624",2021,2,33.853,33.797,33.805,34.002,33.814
10,"F10_JPLL_A2_Q2_wt_9624",2022,2,108.289,108.226,107.899,109.401,107.777
10,"F10_JPLL_A2_Q2_wt_9624",2023,2,21.758,21.687,21.406,22.53,21.259
10,"F10_JPLL_A2_Q2_wt_9624",2024,2,51.217,51.392,51.715,50.138,52.015
11,"F11_JPLL_A2_Q3_wt",2001,3,168.548,168.362,166.475,169.357,165.135
11,"F11_JPLL_A2_Q3_wt",2002,3,96.744,96.611,96.24,97.195,96.087
11,"F11_JPLL_A2_Q3_wt",2003,3,73.638,73.46,73.226,74.575,72.947
11,"F11_JPLL_A2_Q3_wt",2004,3,143.924,143.651,143.73,144.639,143.116
11,"F11_JPLL_A2_Q3_wt",2005,3,69.75,69.823,70.087,69.412,70.191
11,"F11_JPLL_A2_Q3_wt",2006,3,155.629,155.74,155.854,155.778,156.166
11,"F11_JPLL_A2_Q3_wt",2007,3,91.723,91.865,91.638,91.898,91.902
11,"F11_JPLL_A2_Q3_wt",2008,3,62.548,62.289,62.037,63.295,61.821
11,"F11_JPLL_A2_Q3_wt",2009,3,98.625,98.932,98.939,98.835,99.028
11,"F11_JPLL_A2_Q3_wt",2010,3,166.487,165.294,163.779,169.782,162.642
11,"F11_JPLL_A2_Q3_wt",2011,3,1215.13,1212.89,1207.73,1245.34,1205.54
11,"F11_JPLL_A2_Q3_wt",2012,3,255.722,254.884,253.445,258.621,252.466
11,"F11_JPLL_A2_Q3_wt",2013,3,222.984,221.656,219.344,230.265,217.55
11,"F11_JPLL_A2_Q3_wt",2014,3,183.141,183.52,184.212,181.54,185.005
11,"F11_JPLL_A2_Q3_wt",2015,3,206.465,205.863,204.762,209.691,203.875
11,"F11_JPLL_A2_Q3_wt",2016,3,222.934,221.978,220.062,226.991,218.712
11,"F11_JPLL_A2_Q3_wt",2017,3,249.628,249.63,249.703,250.618,249.946
11,"F11_JPLL_A2_Q3_wt",2018,3,256.298,255.831,254.745,259.482,254.155
11,"F11_JPLL_A2_Q3_wt",2019,3,136.188,136.391,136.748,135.834,136.991
11,"F11_JPLL_A2_Q3_wt",2020,3,9.339,9.34,9.345,9.337,9.35
11,"F11_JPLL_A2_Q3_wt",2021,3,42.711,42.567,42.443,43.207,42.358
11,"F11_JPLL_A2_Q3_wt",2022,3,55.556,55.416,54.849,57.151,54.574
11,"F11_JPLL_A2_Q3_wt",2023,3,20.874,20.882,20.835,21.056,20.828
11,"F11_JPLL_A2_Q3_wt",2024,3,148.558,148.725,148.594,147.682,148.841
12,"F12_JPLL_A2_Q4_wt",1994,4,44.329,48.025,46.215,42.296,47.113
12,"F12_JPLL_A2_Q4_wt",1996,4,41.36,39.36,40.269,44.117,39.9
12,"F12_JPLL_A2_Q4_wt",1997,4,51.639,52.099,51.752,50.662,51.752
12,"F12_JPLL_A2_Q4_wt",1999,4,62.308,62.63,62.736,61.731,62.849
12,"F12_JPLL_A2_Q4_wt",2001,4,162.81,162.105,159.453,169.403,157.878
12,"F12_JPLL_A2_Q4_wt",2002,4,106.192,106.048,105.905,107.051,105.803
12,"F12_JPLL_A2_Q4_wt",2003,4,42.684,42.541,42.254,43.717,42.009
12,"F12_JPLL_A2_Q4_wt",2004,4,69.198,69.046,68.937,69.985,68.692
12,"F12_JPLL_A2_Q4_wt",2005,4,46.68,46.681,46.781,46.478,46.811
12,"F12_JPLL_A2_Q4_wt",2006,4,267.672,268.452,268.847,265.332,269.467
12,"F12_JPLL_A2_Q4_wt",2007,4,68.391,68.382,68.582,67.882,68.648
12,"F12_JPLL_A2_Q4_wt",2008,4,318.3,319.015,319.188,313.563,319.842
12,"F12_JPLL_A2_Q4_wt",2009,4,269.373,268.243,265.303,281.293,263.435
12,"F12_JPLL_A2_Q4_wt",2010,4,82.144,82.393,82.756,80.96,83.036
12,"F12_JPLL_A2_Q4_wt",2011,4,260.059,260.105,259.85,260.755,259.72
12,"F12_JPLL_A2_Q4_wt",2012,4,56.558,56.63,56.738,56.041,56.809
12,"F12_JPLL_A2_Q4_wt",2013,4,47.546,47.573,47.553,47.536,47.533
12,"F12_JPLL_A2_Q4_wt",2014,4,291.49,290.966,290.172,295.338,289.006
12,"F12_JPLL_A2_Q4_wt",2015,4,126.623,126.338,125.737,128.909,125.204
12,"F12_JPLL_A2_Q4_wt",2016,4,137.932,137.525,136.84,140.83,136.395
12,"F12_JPLL_A2_Q4_wt",2017,4,112.16,111.956,111.7,112.745,111.606
12,"F12_JPLL_A2_Q4_wt",2018,4,140.316,140.109,139.707,141.999,139.539
12,"F12_JPLL_A2_Q4_wt",2019,4,109.11,108.973,108.9,108.847,108.842
12,"F12_JPLL_A2_Q4_wt",2020,4,103.612,103.454,103.331,104.481,103.249
12,"F12_JPLL_A2_Q4_wt",2021,4,96.009,96.433,97.68,91.96,98.385
12,"F12_JPLL_A2_Q4_wt",2022,4,51.023,50.859,50.328,52.725,50.049
12,"F12_JPLL_A2_Q4_wt",2023,4,35.842,35.77,35.544,36.57,35.437
12,"F12_JPLL_A2_Q4_wt",2024,4,49.627,49.537,49.381,50.352,49.24
17,"F17_JPLL_A4_num",1995,3,65.494,67.693,65.362,63.903,64.583
17,"F17_JPLL_A4_num",1995,4,34.538,33.463,34.065,34.919,33.83
17,"F17_JPLL_A4_num",1996,2,8.614,8.602,8.658,8.589,8.694
17,"F17_JPLL_A4_num",1999,4,32.824,32.991,32.929,32.514,32.992
17,"F17_JPLL_A4_num",2000,1,31.048,31.276,31.118,30.824,31.145
17,"F17_JPLL_A4_num",2000,2,155.041,155.555,156.104,153.084,156.375
17,"F17_JPLL_A4_num",2000,4,33.882,34.026,33.997,33.677,34.05
17,"F17_JPLL_A4_num",2001,1,39.156,39.276,39.463,38.603,39.59
17,"F17_JPLL_A4_num",2001,2,38.92,38.965,39.021,38.639,39.038
17,"F17_JPLL_A4_num",2001,3,139.152,139.496,140.802,136.119,141.521
17,"F17_JPLL_A4_num",2001,4,83.833,83.989,84.633,82.468,85.038
17,"F17_JPLL_A4_num",2002,1,44.747,44.849,45.247,43.778,45.506
17,"F17_JPLL_A4_num",2002,2,144.34,144.119,142.719,147.501,141.79
17,"F17_JPLL_A4_num",2002,3,67.714,67.854,68.553,66.052,69.022
17,"F17_JPLL_A4_num",2002,4,143.563,143.826,145.16,140.431,146.133
17,"F17_JPLL_A4_num",2003,1,150.66,150.774,152.402,147.219,153.452
17,"F17_JPLL_A4_num",2003,2,6.824,6.821,6.82,6.834,6.818
17,"F17_JPLL_A4_num",2003,3,29.053,28.99,28.88,29.527,28.786
17,"F17_JPLL_A4_num",2004,1,80.99,80.646,80.235,83.119,79.88
17,"F17_JPLL_A4_num",2004,2,17.052,17.028,17.003,17.18,16.988
17,"F17_JPLL_A4_num",2004,3,186.625,186.387,186.06,188.086,185.629
17,"F17_JPLL_A4_num",2005,1,147.638,147.255,146.613,150.352,146.009
17,"F17_JPLL_A4_num",2005,2,12.844,12.844,12.847,12.844,12.849
17,"F17_JPLL_A4_num",2005,3,124.489,124.804,125.167,123.114,125.39
17,"F17_JPLL_A4_num",2005,4,40.949,40.942,40.861,41.091,40.788
17,"F17_JPLL_A4_num",2006,1,331.031,330.672,331.157,330.935,330.756
17,"F17_JPLL_A4_num",2006,2,42.321,42.289,42.259,42.402,42.229
17,"F17_JPLL_A4_num",2006,3,92.475,92.531,92.908,91.918,92.964
17,"F17_JPLL_A4_num",2006,4,92.663,92.591,92.732,92.861,92.662
17,"F17_JPLL_A4_num",2007,1,83.082,82.941,83.039,83.387,83.022
17,"F17_JPLL_A4_num",2007,2,26.558,26.52,26.507,26.688,26.488
17,"F17_JPLL_A4_num",2007,3,104.897,105.04,104.654,104.729,104.57
17,"F17_JPLL_A4_num",2008,1,56.533,56.182,55.481,58.591,55.191
17,"F17_JPLL_A4_num",2008,2,34.825,34.699,34.632,35.335,34.564
17,"F17_JPLL_A4_num",2008,3,68.9,68.675,68.67,69.676,68.58
17,"F17_JPLL_A4_num",2008,4,101.617,101.364,101.742,101.768,101.779
17,"F17_JPLL_A4_num",2009,1,51.775,51.616,51.538,52.415,51.457
17,"F17_JPLL_A4_num",2009,3,74.948,75.097,75.314,74.547,75.369
17,"F17_JPLL_A4_num",2010,1,4.552,4.55,4.55,4.554,4.55
17,"F17_JPLL_A4_num",2010,2,1.813,1.813,1.814,1.812,1.814
17,"F17_JPLL_A4_num",2010,3,16.752,16.728,16.742,16.795,16.742
17,"F17_JPLL_A4_num",2010,4,71.962,71.848,71.697,72.751,71.548
17,"F17_JPLL_A4_num",2011,1,115.397,115.389,115.366,115.7,115.328
17,"F17_JPLL_A4_num",2011,3,100.051,100.186,100.85,98.864,101.195
17,"F17_JPLL_A4_num",2011,4,18.934,18.958,19.029,18.74,19.067
17,"F17_JPLL_A4_num",2012,1,39.139,39.128,39.085,39.176,39.066
17,"F17_JPLL_A4_num",2012,2,15.923,15.919,15.908,15.939,15.903
17,"F17_JPLL_A4_num",2012,3,286.231,287.927,289.546,280.088,290.528
17,"F17_JPLL_A4_num",2012,4,101.927,102.241,102.623,100.519,102.846
17,"F17_JPLL_A4_num",2013,1,9.374,9.364,9.363,9.411,9.359
17,"F17_JPLL_A4_num",2013,2,30.811,30.82,30.752,30.736,30.736
17,"F17_JPLL_A4_num",2013,3,50.881,50.904,50.763,50.793,50.731
17,"F17_JPLL_A4_num",2014,1,5.139,5.137,5.137,5.152,5.135
17,"F17_JPLL_A4_num",2014,2,16.405,16.402,16.383,16.398,16.381
17,"F17_JPLL_A4_num",2014,4,213.224,213.579,214.213,211.285,214.534
17,"F17_JPLL_A4_num",2015,3,132.722,132.783,132.246,133.061,132.163
17,"F17_JPLL_A4_num",2015,4,20.419,20.391,20.335,20.549,20.317
17,"F17_JPLL_A4_num",2016,2,277.121,277.495,277.113,276.87,277.057
17,"F17_JPLL_A4_num",2016,3,166.303,166.983,168.144,163.288,168.535
17,"F17_JPLL_A4_num",2017,3,176.416,176.865,176.72,175.285,176.597
17,"F17_JPLL_A4_num",2017,4,60.09,59.926,59.451,61.246,59.218
17,"F17_JPLL_A4_num",2018,2,60.894,60.927,60.995,60.727,61.027
17,"F17_JPLL_A4_num",2018,3,30.009,29.902,29.734,30.532,29.646
17,"F17_JPLL_A4_num",2019,1,7.072,7.063,7.053,7.11,7.047
17,"F17_JPLL_A4_num",2019,2,16.593,16.573,16.544,16.674,16.53
17,"F17_JPLL_A4_num",2019,3,199.6,200.863,202.529,194.435,203.493
17,"F17_JPLL_A4_num",2019,4,137.037,136.617,135.534,139.18,135.031
17,"F17_JPLL_A4_num",2020,2,12.23,12.228,12.213,12.247,12.205
17,"F17_JPLL_A4_num",2020,3,36.572,36.493,36.298,36.996,36.2
17,"F17_JPLL_A4_num",2023,2,3.315,3.316,3.317,3.307,3.318
17,"F17_JPLL_A4_num",2023,3,10.805,10.802,10.762,10.892,10.745
17,"F17_JPLL_A4_num",2024,1,11.588,11.588,11.573,11.615,11.571
17,"F17_JPLL_A4_num",2024,2,8.357,8.361,8.371,8.327,8.378
18,"F18_JPLL_A5_num",1995,4,65.696,64.291,65.685,65.544,65.706
18,"F18_JPLL_A5_num",2003,4,55.063,55.179,55.316,54.495,55.511
18,"F18_JPLL_A5_num",2004,2,32.237,32.278,32.354,31.976,32.407
18,"F18_JPLL_A5_num",2004,3,31.703,32.022,32.127,30.66,32.3
18,"F18_JPLL_A5_num",2004,4,140.551,142.508,143.6,133.501,144.753
18,"F18_JPLL_A5_num",2005,4,35.587,35.204,35.053,36.913,34.876
18,"F18_JPLL_A5_num",2006,4,41.413,41.368,41.303,41.508,41.303
18,"F18_JPLL_A5_num",2007,4,11.267,11.326,11.368,11.028,11.408
18,"F18_JPLL_A5_num",2008,4,27.774,27.91,27.996,27.211,28.065
18,"F18_JPLL_A5_num",2009,3,29.823,29.486,29.215,31.254,28.975
18,"F18_JPLL_A5_num",2011,3,25.536,25.538,25.591,25.435,25.608
18,"F18_JPLL_A5_num",2011,4,54.608,55.213,55.573,52.495,55.969
19,"F19_JPPL_A35_Q1",2002,1,25.979,26.604,26.171,26.373,25.934
19,"F19_JPPL_A35_Q1",2004,1,35.687,37.486,30.986,35.009,35.093
19,"F19_JPPL_A35_Q1",2005,1,16.21,16.448,14.878,16.201,15.767
19,"F19_JPPL_A35_Q1",2007,1,7.953,8.004,7.987,7.874,7.977
19,"F19_JPPL_A35_Q1",2022,1,6.888,6.57,7.583,6.927,6.936
19,"F19_JPPL_A35_Q1",2023,1,21.452,22.58,22.491,20.87,22.302
20,"F20_JPPL_A35_Q2",1994,2,2.651,2.653,2.65,2.657,2.648
20,"F20_JPPL_A35_Q2",1995,2,4.862,4.865,4.86,4.86,4.861
20,"F20_JPPL_A35_Q2",1996,2,18.77,18.776,18.754,18.78,18.744
20,"F20_JPPL_A35_Q2",1997,2,153.862,154.332,155.684,149.831,156.537
20,"F20_JPPL_A35_Q2",1998,2,3.852,3.852,3.85,3.856,3.849
20,"F20_JPPL_A35_Q2",1999,2,24.303,24.353,24.451,23.962,24.536
20,"F20_JPPL_A35_Q2",2000,2,3.078,3.075,3.068,3.103,3.063
20,"F20_JPPL_A35_Q2",2001,2,8.17,8.163,8.155,8.206,8.144
20,"F20_JPPL_A35_Q2",2002,2,33.177,33.132,33.041,33.469,32.952
20,"F20_JPPL_A35_Q2",2003,2,99.48,99.783,100.211,97.655,100.732
20,"F20_JPPL_A35_Q2",2004,2,15.808,15.788,15.733,15.99,15.698
20,"F20_JPPL_A35_Q2",2005,2,12.951,12.949,12.907,13.004,12.902
20,"F20_JPPL_A35_Q2",2006,2,62.898,62.973,63.311,61.986,63.518
20,"F20_JPPL_A35_Q2",2007,2,58.243,59.213,61.154,52.741,62.548
20,"F20_JPPL_A35_Q2",2008,2,24.05,24.082,24.085,23.982,24.109
20,"F20_JPPL_A35_Q2",2009,2,99.658,99.673,99.379,100.415,99.244
20,"F20_JPPL_A35_Q2",2010,2,45.423,45.456,45.556,45.068,45.615
20,"F20_JPPL_A35_Q2",2011,2,27.262,27.317,27.406,26.963,27.477
20,"F20_JPPL_A35_Q2",2012,2,26.658,26.623,26.583,26.799,26.543
20,"F20_JPPL_A35_Q2",2013,2,18.947,18.918,18.84,19.18,18.79
20,"F20_JPPL_A35_Q2",2014,2,30.105,30.058,29.983,30.38,29.919
20,"F20_JPPL_A35_Q2",2015,2,20.968,20.971,20.976,20.963,20.976
20,"F20_JPPL_A35_Q2",2016,2,83.491,83.523,83.791,82.858,83.927
20,"F20_JPPL_A35_Q2",2017,2,50.064,50.008,49.862,50.621,49.731
20,"F20_JPPL_A35_Q2",2018,2,24.745,24.713,24.653,24.956,24.61
20,"F20_JPPL_A35_Q2",2019,2,8.05,8.061,8.08,7.985,8.092
20,"F20_JPPL_A35_Q2",2020,2,22.463,22.495,22.571,22.212,22.614
20,"F20_JPPL_A35_Q2",2021,2,3.616,3.617,3.622,3.604,3.624
20,"F20_JPPL_A35_Q2",2022,2,2.577,2.576,2.576,2.579,2.576
20,"F20_JPPL_A35_Q2",2023,2,56.84,56.976,57.225,55.999,57.404
20,"F20_JPPL_A35_Q2",2024,2,12.611,12.612,12.594,12.664,12.591
21,"F21_JPPL_A35_Q3",1994,3,12.243,12.275,12.289,12.258,12.22
21,"F21_JPPL_A35_Q3",1995,3,24.676,24.608,24.472,24.946,24.528
21,"F21_JPPL_A35_Q3",1996,3,23.77,23.813,23.776,23.659,23.797
21,"F21_JPPL_A35_Q3",1997,3,24.177,24.195,24.2,24.137,24.176
21,"F21_JPPL_A35_Q3",1998,3,11.351,11.341,11.405,11.385,11.318
21,"F21_JPPL_A35_Q3",1999,3,40.593,40.829,40.696,39.218,41.59
21,"F21_JPPL_A35_Q3",2000,3,4.374,4.372,4.377,4.398,4.356
21,"F21_JPPL_A35_Q3",2001,3,45.016,44.974,45.139,45.544,44.565
21,"F21_JPPL_A35_Q3",2002,3,9.482,9.493,9.479,9.447,9.506
21,"F21_JPPL_A35_Q3",2003,3,30.576,30.577,30.63,30.439,30.721
21,"F21_JPPL_A35_Q3",2004,3,7.827,7.828,7.829,7.864,7.794
21,"F21_JPPL_A35_Q3",2005,3,7.158,7.155,7.153,7.166,7.149
21,"F21_JPPL_A35_Q3",2006,3,5.658,5.669,5.643,5.592,5.712
21,"F21_JPPL_A35_Q3",2007,3,17.731,17.807,17.736,17.371,18.018
21,"F21_JPPL_A35_Q3",2008,3,19.862,19.885,19.838,19.719,19.995
21,"F21_JPPL_A35_Q3",2009,3,15.544,15.567,15.486,15.327,15.732
21,"F21_JPPL_A35_Q3",2010,3,4.75,4.75,4.742,4.767,4.736
21,"F21_JPPL_A35_Q3",2011,3,6.949,6.953,6.957,6.948,6.948
21,"F21_JPPL_A35_Q3",2012,3,21.642,21.734,21.586,21.258,21.953
21,"F21_JPPL_A35_Q3",2013,3,3.771,3.77,3.771,3.775,3.766
21,"F21_JPPL_A35_Q3",2014,3,73.85,74.213,73.42,71.594,75.574
21,"F21_JPPL_A35_Q3",2015,3,15.878,15.903,15.851,15.803,15.925
21,"F21_JPPL_A35_Q3",2016,3,15.176,15.23,15.085,14.856,15.437
21,"F21_JPPL_A35_Q3",2017,3,21.105,21.067,21.112,21.366,20.885
21,"F21_JPPL_A35_Q3",2018,3,9.844,9.869,9.801,9.736,9.924
21,"F21_JPPL_A35_Q3",2019,3,8.485,8.49,8.476,8.478,8.484
21,"F21_JPPL_A35_Q3",2021,3,10.505,10.537,10.441,10.284,10.666
21,"F21_JPPL_A35_Q3",2023,3,8.357,8.4,8.327,8.175,8.496
21,"F21_JPPL_A35_Q3",2024,3,22.494,22.478,22.525,22.542,22.453
22,"F22_JPPL_A35_Q4",1994,4,7.665,7.676,7.686,7.677,7.688
22,"F22_JPPL_A35_Q4",1995,4,14.14,14.177,14.135,14.009,14.146
22,"F22_JPPL_A35_Q4",1997,4,4.858,4.858,4.862,4.866,4.861
22,"F22_JPPL_A35_Q4",2002,4,8.78,8.757,8.796,8.949,8.758
22,"F22_JPPL_A35_Q4",2003,4,38.113,38.204,37.894,37.365,37.981
22,"F22_JPPL_A35_Q4",2005,4,8.207,8.21,8.203,8.192,8.205
22,"F22_JPPL_A35_Q4",2009,4,4.506,4.505,4.507,4.512,4.506
22,"F22_JPPL_A35_Q4",2019,4,6.357,6.37,6.359,6.387,6.356
22,"F22_JPPL_A35_Q4",2020,4,1.184,1.184,1.184,1.181,1.184
23,"F23_JPPL_A24",1994,2,8.88,8.981,8.932,8.713,8.927
23,"F23_JPPL_A24",1996,2,9.6,9.567,9.592,9.709,9.583
23,"F23_JPPL_A24",1997,2,7.307,7.265,7.264,7.42,7.24
23,"F23_JPPL_A24",2002,1,13.542,13.503,13.497,13.634,13.484
23,"F23_JPPL_A24",2002,2,6.325,6.327,6.335,6.306,6.34
23,"F23_JPPL_A24",2002,4,11.494,11.47,11.471,11.548,11.462
23,"F23_JPPL_A24",2003,1,18.465,18.486,18.505,18.332,18.539
23,"F23_JPPL_A24",2003,2,12.993,12.983,12.948,13.105,12.926
23,"F23_JPPL_A24",2003,4,13.811,13.737,13.732,14.016,13.683
23,"F23_JPPL_A24",2004,1,80.397,79.607,79.377,82.876,78.976
23,"F23_JPPL_A24",2004,2,21.737,21.818,21.804,21.525,21.878
23,"F23_JPPL_A24",2005,1,3.681,3.682,3.682,3.678,3.681
23,"F23_JPPL_A24",2005,2,3.911,3.912,3.912,3.906,3.912
23,"F23_JPPL_A24",2006,2,14.615,14.614,14.665,14.585,14.661
23,"F23_JPPL_A24",2007,2,5.21,5.218,5.221,5.178,5.226
23,"F23_JPPL_A24",2009,2,12.224,12.278,12.313,12.021,12.353
23,"F23_JPPL_A24",2010,2,10.217,10.247,10.262,10.13,10.281
23,"F23_JPPL_A24",2011,2,17.076,17.139,17.153,16.857,17.19
23,"F23_JPPL_A24",2011,3,7.329,7.346,7.347,7.284,7.355
23,"F23_JPPL_A24",2013,2,5.942,5.93,5.934,5.96,5.932
23,"F23_JPPL_A24",2015,2,8.906,8.901,8.9,8.924,8.897
23,"F23_JPPL_A24",2015,3,11.27,11.225,11.206,11.405,11.18
23,"F23_JPPL_A24",2015,4,7.508,7.491,7.483,7.556,7.473
23,"F23_JPPL_A24",2017,2,11.937,11.943,11.951,11.906,11.957
23,"F23_JPPL_A24",2021,2,10.33,10.357,10.396,10.186,10.421
24,"F24_USLL_A35",1994,4,19.037,19.582,19.347,18.194,19.444
24,"F24_USLL_A35",1995,1,27.676,27.849,27.879,27.171,27.981
24,"F24_USLL_A35",1995,2,24.565,25.057,24.951,23.519,25.115
24,"F24_USLL_A35",1996,3,11.317,11.251,11.229,11.505,11.185
24,"F24_USLL_A35",1996,4,38.657,38.079,37.996,40.432,37.665
24,"F24_USLL_A35",1997,1,17.127,17.075,17.088,17.227,17.062
24,"F24_USLL_A35",1997,2,11.595,11.591,11.609,11.574,11.609
24,"F24_USLL_A35",1997,4,63.381,64.245,64.377,60.431,64.841
24,"F24_USLL_A35",1998,1,10.162,10.197,10.204,10.033,10.226
24,"F24_USLL_A35",1998,3,18.517,18.413,18.406,18.895,18.363
24,"F24_USLL_A35",1998,4,67.368,67.532,67.409,66.781,67.371
24,"F24_USLL_A35",1999,1,57.349,57.632,57.698,56.246,57.81
24,"F24_USLL_A35",1999,2,10.013,9.974,9.975,10.154,9.96
24,"F24_USLL_A35",1999,4,53.716,54.163,54.374,52.077,54.615
24,"F24_USLL_A35",2000,1,91.306,91.621,92.32,89.348,92.751
24,"F24_USLL_A35",2000,2,11.424,11.421,11.48,11.354,11.508
24,"F24_USLL_A35",2000,4,76.085,76.123,75.853,76.479,75.586
24,"F24_USLL_A35",2001,1,38.045,38.026,37.932,38.329,37.84
24,"F24_USLL_A35",2004,4,59.358,59.426,59.528,58.914,59.612
24,"F24_USLL_A35",2005,1,17.702,17.721,17.737,17.626,17.744
24,"F24_USLL_A35",2005,2,11.26,11.248,11.238,11.285,11.245
24,"F24_USLL_A35",2005,4,50.15,50.16,50.242,50.279,50.085
24,"F24_USLL_A35",2006,1,145.451,145.628,145.84,145.525,145.381
24,"F24_USLL_A35",2007,1,99.993,100.122,100.334,99.006,100.482
24,"F24_USLL_A35",2007,4,34.846,34.838,34.793,34.92,34.772
24,"F24_USLL_A35",2008,1,79.435,79.151,78.815,80.744,78.556
24,"F24_USLL_A35",2008,2,8.878,8.872,8.883,8.881,8.887
24,"F24_USLL_A35",2008,4,101.071,101.03,100.75,101.166,100.513
24,"F24_USLL_A35",2009,1,42.536,42.567,42.499,42.472,42.465
24,"F24_USLL_A35",2009,2,9.216,9.213,9.212,9.219,9.21
24,"F24_USLL_A35",2009,3,10.448,10.426,10.421,10.513,10.411
24,"F24_USLL_A35",2009,4,20.31,20.3,20.322,20.284,20.332
24,"F24_USLL_A35",2010,1,91.908,92.187,92.569,90.364,92.86
24,"F24_USLL_A35",2010,2,5.266,5.266,5.275,5.247,5.281
24,"F24_USLL_A35",2010,3,13.184,13.161,13.171,13.205,13.17
24,"F24_USLL_A35",2010,4,50.21,50.053,49.948,50.806,49.809
24,"F24_USLL_A35",2011,1,57.526,57.352,57.223,58.175,57.055
24,"F24_USLL_A35",2011,2,5.565,5.561,5.568,5.563,5.57
24,"F24_USLL_A35",2011,4,61.614,61.502,61.252,62.229,61.062
24,"F24_USLL_A35",2012,1,278.176,276.544,275.947,282.119,274.801
24,"F24_USLL_A35",2012,2,4.481,4.48,4.487,4.471,4.49
24,"F24_USLL_A35",2012,3,29.916,29.804,29.811,30.108,29.79
24,"F24_USLL_A35",2012,4,28.074,28.021,28.094,28.026,28.126
24,"F24_USLL_A35",2013,1,9.275,9.272,9.258,9.307,9.25
24,"F24_USLL_A35",2013,2,11.242,11.231,11.249,11.229,11.256
24,"F24_USLL_A35",2013,4,28.863,28.886,28.824,28.947,28.787
24,"F24_USLL_A35",2014,1,79.976,80.112,79.851,80.261,79.744
24,"F24_USLL_A35",2014,2,9.227,9.227,9.249,9.183,9.259
24,"F24_USLL_A35",2014,4,10.795,10.789,10.78,10.822,10.773
24,"F24_USLL_A35",2015,1,32.541,32.607,32.664,32.266,32.723
24,"F24_USLL_A35",2015,2,3.865,3.863,3.867,3.86,3.868
24,"F24_USLL_A35",2015,3,8.64,8.646,8.676,8.566,8.695
24,"F24_USLL_A35",2016,1,16.42,16.427,16.438,16.381,16.446
24,"F24_USLL_A35",2016,3,8.064,8.072,8.108,7.975,8.13
24,"F24_USLL_A35",2016,4,12.148,12.158,12.209,12.022,12.241
24,"F24_USLL_A35",2017,1,27.484,27.397,27.404,27.674,27.386
24,"F24_USLL_A35",2017,4,17.539,17.486,17.459,17.716,17.426
24,"F24_USLL_A35",2018,1,27.396,27.373,27.403,27.361,27.422
24,"F24_USLL_A35",2019,1,8.176,8.166,8.162,8.208,8.155
24,"F24_USLL_A35",2020,1,31.879,31.915,32.114,31.429,32.216
24,"F24_USLL_A35",2020,3,16.788,16.789,16.765,16.827,16.765
24,"F24_USLL_A35",2020,4,4.847,4.844,4.838,4.864,4.836
24,"F24_USLL_A35",2021,1,25.609,25.544,25.44,25.966,25.387
24,"F24_USLL_A35",2021,2,23.163,23.107,23.023,23.462,22.975
24,"F24_USLL_A35",2021,4,39.361,39.421,39.418,39.229,39.512
24,"F24_USLL_A35",2022,1,15.607,15.589,15.578,15.669,15.571
24,"F24_USLL_A35",2022,4,31.893,32.005,32.103,31.431,32.226
24,"F24_USLL_A35",2023,1,28.09,27.967,27.981,28.407,27.892
24,"F24_USLL_A35",2023,2,59.293,59.599,59.389,58.817,59.527
24,"F24_USLL_A35",2023,4,7.593,7.588,7.583,7.616,7.577
24,"F24_USLL_A35",2024,1,46.229,46.199,45.988,46.637,45.899
24,"F24_USLL_A35",2024,4,27.912,27.96,28.098,27.565,28.173
25,"F25_USLL_A24",1994,1,33.977,28.16,33.411,34.309,33.02
25,"F25_USLL_A24",1994,2,10.701,8.83,10.735,10.935,10.92
25,"F25_USLL_A24",1994,3,54.348,40.927,55.796,57.075,58.584
25,"F25_USLL_A24",1994,4,34.154,37.166,33.57,33.198,32.584
25,"F25_USLL_A24",1995,1,91.832,72.067,90.424,92.218,90.544
25,"F25_USLL_A24",1995,2,76.875,72.872,76.441,76.431,75.857
25,"F25_USLL_A24",1995,3,39.022,41.02,38.751,38.64,38.155
25,"F25_USLL_A24",1995,4,22.688,23.365,22.523,22.551,22.258
25,"F25_USLL_A24",1996,1,124.971,140.895,126.135,125.186,125.129
25,"F25_USLL_A24",1996,2,76.555,85.716,77.912,75.561,77.908
25,"F25_USLL_A24",1996,3,49.4,53.213,49.543,49.28,49.235
25,"F25_USLL_A24",1996,4,154.882,163.124,152.468,157.55,149.555
25,"F25_USLL_A24",1997,1,129.872,141.832,132.522,124.84,133.161
25,"F25_USLL_A24",1997,2,45.478,48.226,46.092,43.977,46.212
25,"F25_USLL_A24",1997,3,6.748,6.83,6.787,6.639,6.803
25,"F25_USLL_A24",1997,4,24.556,25.115,24.492,24.679,24.415
25,"F25_USLL_A24",1998,1,53.339,54.474,53.842,51.359,54.031
25,"F25_USLL_A24",1998,2,20.289,20.619,20.464,19.625,20.525
25,"F25_USLL_A24",1998,3,36.198,36.56,36.595,34.303,36.766
25,"F25_USLL_A24",1998,4,39.253,38.923,39.65,37.596,39.868
25,"F25_USLL_A24",1999,1,46.844,46.337,47.286,45.344,47.547
25,"F25_USLL_A24",1999,2,21.372,21.48,21.43,20.798,21.439
25,"F25_USLL_A24",1999,3,62.201,62.585,62.026,62.133,61.883
25,"F25_USLL_A24",1999,4,28.529,28.496,28.855,28.052,29.04
25,"F25_USLL_A24",2000,1,30.949,30.956,31.174,30.56,31.312
25,"F25_USLL_A24",2000,2,35.004,35.013,34.956,35.025,34.921
25,"F25_USLL_A24",2000,4,172.61,168.842,172.3,162.499,171.566
25,"F25_USLL_A24",2001,2,40.922,40.495,41.133,39.495,41.133
25,"F25_USLL_A24",2001,3,235.62,236.978,238.074,229.234,238.758
25,"F25_USLL_A24",2001,4,75.78,77.042,76.101,76.349,76.293
25,"F25_USLL_A24",2002,1,125.29,124.358,126.552,120.783,126.916
25,"F25_USLL_A24",2002,2,50.575,50.074,51.058,48.591,51.201
25,"F25_USLL_A24",2002,3,92.648,90.323,93.58,86.552,93.803
25,"F25_USLL_A24",2002,4,93.9,95.337,94.45,93.803,94.72
25,"F25_USLL_A24",2003,1,60.736,59.266,61.21,57.385,61.303
25,"F25_USLL_A24",2003,2,86.113,84.167,87.055,80.933,87.298
25,"F25_USLL_A24",2003,3,48.068,48.622,48.222,48.278,48.292
25,"F25_USLL_A24",2003,4,15.81,15.858,15.883,15.657,15.909
25,"F25_USLL_A24",2004,1,407.563,384.456,406.22,377.666,404.966
25,"F25_USLL_A24",2004,2,114.91,113.853,115.897,110.649,116.207
25,"F25_USLL_A24",2004,3,11.115,11.135,11.172,10.98,11.197
25,"F25_USLL_A24",2004,4,8.315,8.341,8.359,8.227,8.378
25,"F25_USLL_A24",2005,1,29.4,29.516,29.62,28.954,29.729
25,"F25_USLL_A24",2005,2,33.331,33.79,33.589,33.314,33.721
25,"F25_USLL_A24",2005,3,45.935,46.843,46.43,45.903,46.677
25,"F25_USLL_A24",2005,4,21.663,21.85,21.942,21.174,22.082
25,"F25_USLL_A24",2006,1,82.594,84.302,84.092,81.272,84.838
25,"F25_USLL_A24",2006,2,131.499,134.561,130.854,138.569,130.671
25,"F25_USLL_A24",2006,3,84.613,86.352,85.486,85.047,85.908
25,"F25_USLL_A24",2006,4,17.547,17.622,17.688,17.279,17.75
25,"F25_USLL_A24",2007,1,74.972,74.708,74.211,76.731,73.874
25,"F25_USLL_A24",2007,2,57.498,55.76,57.163,55.695,56.882
25,"F25_USLL_A24",2007,3,114.224,117.575,117.95,109.828,119.577
25,"F25_USLL_A24",2007,4,159.716,166.048,167.19,150.643,170.489
25,"F25_USLL_A24",2008,1,61.148,59.338,59.357,63.045,58.614
25,"F25_USLL_A24",2008,2,101.094,98.795,98.204,105.03,97.018
25,"F25_USLL_A24",2008,3,11.639,11.666,11.582,11.82,11.564
25,"F25_USLL_A24",2008,4,27.41,27.779,27.98,26.622,28.218
25,"F25_USLL_A24",2009,1,28.967,28.982,29.301,28.233,29.448
25,"F25_USLL_A24",2009,2,70.192,71.394,71.213,69.804,71.661
25,"F25_USLL_A24",2009,4,15.698,15.69,15.735,15.597,15.751
25,"F25_USLL_A24",2010,1,49.836,50.547,50.478,49.65,50.825
25,"F25_USLL_A24",2010,2,121.997,123.258,120.973,126.812,120.424
25,"F25_USLL_A24",2010,4,71.518,72.142,72.219,71.087,72.628
25,"F25_USLL_A24",2011,1,122.481,120.499,123.644,116.407,124.212
25,"F25_USLL_A24",2011,2,114.514,113.458,114.304,112.731,114.04
25,"F25_USLL_A24",2011,3,32.258,32.184,32.665,31.092,32.857
25,"F25_USLL_A24",2011,4,24.171,24.36,24.521,23.571,24.693
25,"F25_USLL_A24",2012,1,107.889,108.284,110.969,100.319,112.322
25,"F25_USLL_A24",2012,2,99.814,103.49,101.318,101.993,102.26
25,"F25_USLL_A24",2012,3,25.63,25.816,25.949,25.111,26.106
25,"F25_USLL_A24",2012,4,49.473,50.214,50.55,47.92,51.083
25,"F25_USLL_A24",2013,1,140.941,145.247,145.683,135.916,148.135
25,"F25_USLL_A24",2013,2,107.209,106.68,105.671,109.926,104.927
25,"F25_USLL_A24",2013,3,23.536,23.459,23.65,23.119,23.699
25,"F25_USLL_A24",2013,4,53.037,53.373,53.784,51.794,54.139
25,"F25_USLL_A24",2014,1,49.432,48.768,49.08,49.19,48.908
25,"F25_USLL_A24",2014,2,117.059,118.545,118.048,116.979,118.476
25,"F25_USLL_A24",2014,3,37.404,37.34,37.784,36.369,37.934
25,"F25_USLL_A24",2014,4,18.108,18.104,18.168,17.941,18.19
25,"F25_USLL_A24",2015,1,97.462,96.177,97.693,94.58,97.666
25,"F25_USLL_A24",2015,2,186.301,183.578,189.377,174.281,190.34
25,"F25_USLL_A24",2015,3,23.789,23.779,23.944,23.377,24.002
25,"F25_USLL_A24",2015,4,47.322,47.112,47.557,46.303,47.629
25,"F25_USLL_A24",2016,1,153.271,148.398,152.263,147.187,151.636
25,"F25_USLL_A24",2016,2,297.981,289.715,291.48,297.746,288.066
25,"F25_USLL_A24",2016,3,143.556,144.737,142.59,147.833,142.131
25,"F25_USLL_A24",2016,4,9.199,9.118,9.179,9.108,9.169
25,"F25_USLL_A24",2017,1,34.844,34.235,34.787,33.972,34.752
25,"F25_USLL_A24",2017,2,22.416,22.231,22.505,21.857,22.535
25,"F25_USLL_A24",2017,3,17.849,17.559,17.66,17.834,17.572
25,"F25_USLL_A24",2018,1,18.201,17.86,18.005,18.107,17.911
25,"F25_USLL_A24",2018,2,28.932,28.599,28.974,28.266,28.986
25,"F25_USLL_A24",2018,3,26.251,26.333,26.523,25.667,26.64
25,"F25_USLL_A24",2018,4,35.199,34.239,34.745,34.668,34.52
25,"F25_USLL_A24",2019,1,17.984,17.756,17.958,17.622,17.936
25,"F25_USLL_A24",2019,2,15.139,15.142,15.254,14.844,15.304
25,"F25_USLL_A24",2019,3,25.48,24.802,25.118,25.174,24.935
25,"F25_USLL_A24",2019,4,14.591,14.342,14.435,14.544,14.358
25,"F25_USLL_A24",2020,1,26.704,27.046,26.964,26.63,27.087
25,"F25_USLL_A24",2020,3,34.04,33.195,33.431,34.137,33.146
25,"F25_USLL_A24",2020,4,6.558,6.493,6.521,6.541,6.503
25,"F25_USLL_A24",2021,1,29.206,28.6,28.971,28.736,28.856
25,"F25_USLL_A24",2021,3,27.059,26.739,27.096,26.502,27.126
25,"F25_USLL_A24",2021,4,31.764,31.712,31.958,31.37,32.08
25,"F25_USLL_A24",2022,1,50.789,51.08,51.082,50.84,51.274
25,"F25_USLL_A24",2022,2,35.064,34.62,34.924,34.527,34.834
25,"F25_USLL_A24",2022,3,82.216,83.539,82.292,84.453,82.384
25,"F25_USLL_A24",2022,4,50.24,50.84,49.779,52.629,49.597
25,"F25_USLL_A24",2023,1,36.536,36.342,36.049,37.329,35.807
25,"F25_USLL_A24",2023,2,24.953,24.872,24.764,25.274,24.677
25,"F25_USLL_A24",2023,3,39.902,39.404,39.885,39.062,39.897
25,"F25_USLL_A24",2023,4,29.472,28.9,29.261,28.9,29.15
25,"F25_USLL_A24",2024,2,29.302,28.872,29.242,28.612,29.209
25,"F25_USLL_A24",2024,3,26.226,25.927,26.297,25.438,26.317
25,"F25_USLL_A24",2024,4,29.702,29.294,29.705,28.897,29.697
26,"F26_TWLL_A35",2003,1,20.555,20.616,20.671,20.283,20.721
26,"F26_TWLL_A35",2003,3,3.297,3.298,3.295,3.299,3.295
26,"F26_TWLL_A35",2003,4,18.451,18.498,18.683,18.005,18.778
26,"F26_TWLL_A35",2004,1,87.395,87.336,87.357,87.354,87.114
26,"F26_TWLL_A35",2004,3,57.6,57.881,58.655,55.591,59.05
26,"F26_TWLL_A35",2004,4,103.024,102.544,101.201,106.476,100.479
26,"F26_TWLL_A35",2005,1,65.526,65.276,64.713,67.407,64.229
26,"F26_TWLL_A35",2005,3,6.662,6.668,6.676,6.626,6.684
26,"F26_TWLL_A35",2005,4,94.529,93.929,93.323,98.096,92.326
26,"F26_TWLL_A35",2006,1,49.569,49.221,48.768,51.629,48.274
26,"F26_TWLL_A35",2006,2,117.746,116.642,114.984,124.447,113.465
26,"F26_TWLL_A35",2006,3,11.73,11.741,11.751,11.676,11.76
26,"F26_TWLL_A35",2006,4,76.698,76.709,76.994,76.218,77.03
26,"F26_TWLL_A35",2007,1,209.565,208.963,208.159,211.818,207.185
26,"F26_TWLL_A35",2007,2,27.694,27.74,27.841,27.369,27.891
26,"F26_TWLL_A35",2007,4,110.477,109.967,108.649,113.512,107.864
26,"F26_TWLL_A35",2008,1,82.049,81.458,80.306,85.402,79.566
26,"F26_TWLL_A35",2008,2,48.507,48.15,47.52,50.489,47.102
26,"F26_TWLL_A35",2008,3,13.799,13.746,13.669,14.056,13.613
26,"F26_TWLL_A35",2008,4,31.669,31.741,31.906,31.262,32.017
26,"F26_TWLL_A35",2009,1,127.36,126.431,125.64,130.896,124.849
26,"F26_TWLL_A35",2009,4,14.827,14.82,14.858,14.746,14.876
26,"F26_TWLL_A35",2010,1,96.198,96.447,97.035,94.38,97.376
26,"F26_TWLL_A35",2010,2,15.771,15.782,15.774,15.768,15.771
26,"F26_TWLL_A35",2010,3,23.058,23.117,23.264,22.64,23.36
26,"F26_TWLL_A35",2010,4,36.611,36.705,36.941,35.978,37.09
26,"F26_TWLL_A35",2011,1,48.904,48.839,48.889,48.944,48.876
26,"F26_TWLL_A35",2011,2,4.266,4.261,4.255,4.286,4.25
26,"F26_TWLL_A35",2011,3,23.38,23.285,23.234,23.65,23.17
26,"F26_TWLL_A35",2011,4,28.764,28.715,28.814,28.666,28.831
26,"F26_TWLL_A35",2012,1,88.612,89.005,89.756,86.314,90.215
26,"F26_TWLL_A35",2012,4,52.54,52.506,52.679,52.144,52.779
26,"F26_TWLL_A35",2013,1,74.648,74.788,75.452,72.908,75.869
26,"F26_TWLL_A35",2013,4,62.517,62.613,62.94,61.683,63.123
26,"F26_TWLL_A35",2014,1,83.518,83.425,83.305,83.992,83.15
26,"F26_TWLL_A35",2014,4,35.785,35.755,35.877,35.485,35.925
26,"F26_TWLL_A35",2015,1,23.278,23.244,23.082,23.689,22.989
26,"F26_TWLL_A35",2015,4,25.756,25.866,26.161,24.9,26.356
26,"F26_TWLL_A35",2016,1,27.11,27.17,27.242,26.798,27.292
26,"F26_TWLL_A35",2016,2,6.897,6.899,6.899,6.889,6.898
26,"F26_TWLL_A35",2016,4,22.38,22.346,22.347,22.423,22.341
26,"F26_TWLL_A35",2017,1,35.73,35.767,35.729,35.713,35.71
26,"F26_TWLL_A35",2017,4,45.524,45.424,45.433,45.743,45.385
26,"F26_TWLL_A35",2018,1,107.03,106.567,105.171,110.68,104.374
26,"F26_TWLL_A35",2018,4,68.361,68.054,67.698,69.704,67.391
26,"F26_TWLL_A35",2019,1,182.689,181.43,179.822,188.561,178.434
26,"F26_TWLL_A35",2019,4,196.068,194.501,192.4,203.603,190.686
26,"F26_TWLL_A35",2020,1,38.505,38.57,38.864,37.87,38.972
26,"F26_TWLL_A35",2020,2,5.646,5.65,5.667,5.608,5.673
26,"F26_TWLL_A35",2020,4,367.228,365.41,361.771,375.789,359.176
26,"F26_TWLL_A35",2021,1,43.05,43.275,43.782,41.653,44.064
26,"F26_TWLL_A35",2021,2,35.3,35.264,35.116,35.673,35.056
26,"F26_TWLL_A35",2021,3,5.72,5.707,5.688,5.782,5.673
26,"F26_TWLL_A35",2021,4,54.911,54.808,54.84,55.007,54.72
26,"F26_TWLL_A35",2022,1,43.264,43.114,43.036,43.717,42.861
26,"F26_TWLL_A35",2022,2,70.104,70.34,70.366,69.414,70.56
26,"F26_TWLL_A35",2022,4,47.403,47.578,47.402,47.191,47.531
26,"F26_TWLL_A35",2023,1,29.021,29.095,29.135,28.739,29.219
26,"F26_TWLL_A35",2023,2,3.181,3.183,3.188,3.168,3.191
26,"F26_TWLL_A35",2023,4,199.334,197.625,192.869,212.211,190.475
26,"F26_TWLL_A35",2024,1,132.849,132.236,131.152,135.308,130.58
26,"F26_TWLL_A35",2024,2,36.499,36.33,35.939,37.666,35.715
26,"F26_TWLL_A35",2024,3,29.116,29.253,29.51,28.37,29.669
26,"F26_TWLL_A35",2024,4,100.849,100.321,99.383,103.211,98.84
29,"F29_CNLL_A35",2013,3,307.993,317.898,313.432,303.645,314.76
29,"F29_CNLL_A35",2014,3,29.009,28.704,28.775,29.32,28.685
29,"F29_CNLL_A35",2017,3,11.063,11.19,11.156,10.964,11.184
29,"F29_CNLL_A35",2018,3,11.148,11.281,11.244,11.048,11.272
29,"F29_CNLL_A35",2020,3,250.856,258.293,261.5,237.422,264.226
30,"F30_CNLL_A24",1997,3,32.219,31.944,31.7,33.383,31.435
30,"F30_CNLL_A24",1998,3,7.067,7.063,7.04,7.115,7.026
30,"F30_CNLL_A24",1999,3,16.021,15.992,15.936,16.202,15.892
30,"F30_CNLL_A24",2000,3,8.094,8.132,8.14,7.96,8.161
30,"F30_CNLL_A24",2004,3,26.998,26.898,26.742,27.524,26.607
30,"F30_CNLL_A24",2005,3,8.276,8.282,8.261,8.295,8.252
30,"F30_CNLL_A24",2006,3,34.857,34.367,34.131,36.714,33.777
30,"F30_CNLL_A24",2007,3,11.738,11.76,11.733,11.722,11.728
30,"F30_CNLL_A24",2008,3,6.988,6.987,6.972,7.016,6.963
30,"F30_CNLL_A24",2009,3,11.035,11.015,10.966,11.171,10.931
30,"F30_CNLL_A24",2010,3,8.395,8.389,8.36,8.455,8.342
30,"F30_CNLL_A24",2011,3,9.643,9.64,9.606,9.705,9.585
30,"F30_CNLL_A24",2012,3,8.34,8.34,8.311,8.388,8.295
30,"F30_CNLL_A24",2013,3,6.046,6.049,6.041,6.051,6.038
30,"F30_CNLL_A24",2014,3,25.554,25.789,25.815,24.871,25.94
30,"F30_CNLL_A24",2016,3,4.455,4.458,4.454,4.45,4.454
30,"F30_CNLL_A24",2017,3,9.583,9.583,9.56,9.62,9.547
30,"F30_CNLL_A24",2018,3,11.277,11.276,11.248,11.323,11.232
30,"F30_CNLL_A24",2019,3,5.519,5.523,5.518,5.513,5.517
30,"F30_CNLL_A24",2020,3,21.014,21.151,21.135,20.595,21.186
30,"F30_CNLL_A24",2021,3,11.354,11.326,11.273,11.515,11.23
30,"F30_CNLL_A24",2022,3,99.855,99.502,98.377,102.817,97.635
30,"F30_CNLL_A24",2023,3,4.268,4.263,4.263,4.286,4.261
30,"F30_CNLL_A24",2024,3,17.483,17.32,17.225,18.115,17.096
31,"F31_VULL_mt",2000,3,50.07,50.305,50.85,48.792,51.172
31,"F31_VULL_mt",2014,3,47.347,47.547,48.02,46.253,48.294
31,"F31_VULL_mt",2015,3,5.488,5.503,5.54,5.393,5.564
31,"F31_VULL_mt",2023,3,20.355,20.335,20.279,20.544,20.234
31,"F31_VULL_mt",2024,3,43.22,43.525,44.249,41.466,44.71
34,"F34_EPOSF_xx24",1995,3,67.426,67.497,67.517,66.942,67.497
34,"F34_EPOSF_xx24",1996,2,56.572,56.812,56.981,55.248,57.111
34,"F34_EPOSF_xx24",1996,3,35.661,35.794,35.85,35.186,35.929
34,"F34_EPOSF_xx24",1996,4,67.691,67.877,67.944,67.199,68.048
34,"F34_EPOSF_xx24",1997,2,44.26,44.235,44.332,44.044,44.351
34,"F34_EPOSF_xx24",1997,3,86.067,85.723,86.375,85.299,86.402
34,"F34_EPOSF_xx24",1997,4,15.503,15.453,15.498,15.499,15.488
34,"F34_EPOSF_xx24",1998,3,122.996,123.693,124.41,120.506,124.842
34,"F34_EPOSF_xx24",1998,4,20.556,20.64,20.652,20.405,20.695
34,"F34_EPOSF_xx24",1999,2,41.689,41.825,41.798,41.407,41.897
34,"F34_EPOSF_xx24",1999,3,27.667,27.746,27.885,27.19,27.977
34,"F34_EPOSF_xx24",2000,2,19.477,19.564,19.551,19.173,19.673
34,"F34_EPOSF_xx24",2000,3,210.608,209.399,208.235,222.174,204.773
34,"F34_EPOSF_xx24",2001,2,38.695,38.405,38.504,38.886,38.391
34,"F34_EPOSF_xx24",2001,3,78.194,78.208,78.494,77.583,78.588
34,"F34_EPOSF_xx24",2002,3,21.665,21.681,21.66,21.713,21.625
34,"F34_EPOSF_xx24",2003,3,289.222,285.725,292.352,285.687,291.816
34,"F34_EPOSF_xx24",2004,2,21.924,21.951,21.96,21.846,21.99
34,"F34_EPOSF_xx24",2004,3,66.612,67.169,66.554,66.594,66.871
34,"F34_EPOSF_xx24",2004,4,111.105,111.03,110.937,111.537,110.865
34,"F34_EPOSF_xx24",2005,2,118.417,118.101,118.318,118.267,118.173
34,"F34_EPOSF_xx24",2005,3,208.676,206.85,208.128,208.457,207.513
34,"F34_EPOSF_xx24",2005,4,12.997,12.931,12.985,12.976,12.97
34,"F34_EPOSF_xx24",2006,3,55.055,55.181,55.013,55.351,54.982
34,"F34_EPOSF_xx24",2006,4,58.514,58.841,58.629,58.618,58.689
34,"F34_EPOSF_xx24",2007,2,13.602,13.718,13.68,13.527,13.723
34,"F34_EPOSF_xx24",2007,3,41.701,41.73,41.723,41.683,41.74
34,"F34_EPOSF_xx24",2008,2,8.893,8.858,8.878,8.904,8.865
34,"F34_EPOSF_xx24",2008,3,357.822,358.698,360.438,352.035,361.767
34,"F34_EPOSF_xx24",2008,4,15.972,15.916,15.959,15.931,15.954
34,"F34_EPOSF_xx24",2009,2,35.702,35.578,35.718,35.557,35.709
34,"F34_EPOSF_xx24",2009,3,144.429,144.373,144.404,144.039,144.519
34,"F34_EPOSF_xx24",2009,4,80.81,80.202,80.5,80.971,80.314
34,"F34_EPOSF_xx24",2010,2,16.757,16.91,16.823,16.757,16.86
34,"F34_EPOSF_xx24",2010,3,179.707,181.047,181.147,177.89,181.798
34,"F34_EPOSF_xx24",2010,4,52.41,52.25,52.475,52.14,52.48
34,"F34_EPOSF_xx24",2011,2,62.838,62.71,62.625,63.219,62.505
34,"F34_EPOSF_xx24",2011,3,293.874,294.069,295.799,289.253,296.934
34,"F34_EPOSF_xx24",2011,4,70.99,70.887,71.001,70.665,71.069
34,"F34_EPOSF_xx24",2012,2,88.812,89.012,88.749,89.157,88.731
34,"F34_EPOSF_xx24",2012,3,149.585,149.339,148.621,151.647,148.211
34,"F34_EPOSF_xx24",2012,4,103.537,103.191,103.45,103.409,103.366
34,"F34_EPOSF_xx24",2013,3,119.908,119.964,119.711,120.509,119.598
34,"F34_EPOSF_xx24",2013,4,37.488,37.543,37.446,37.644,37.432
34,"F34_EPOSF_xx24",2014,3,53.194,53.344,53.233,53.275,53.251
34,"F34_EPOSF_xx24",2014,4,30.184,30.001,30.126,30.142,30.085
34,"F34_EPOSF_xx24",2015,2,11.89,11.887,11.885,11.896,11.885
34,"F34_EPOSF_xx24",2015,3,43.675,43.755,43.658,43.806,43.646
34,"F34_EPOSF_xx24",2015,4,39.491,39.291,39.401,39.467,39.371
34,"F34_EPOSF_xx24",2016,2,13.525,13.53,13.532,13.518,13.534
34,"F34_EPOSF_xx24",2016,3,39.736,39.847,39.77,39.79,39.777
34,"F34_EPOSF_xx24",2016,4,29.597,29.521,29.531,29.693,29.483
34,"F34_EPOSF_xx24",2017,2,8.601,8.582,8.591,8.605,8.586
34,"F34_EPOSF_xx24",2017,3,24.304,24.28,24.252,24.413,24.223
34,"F34_EPOSF_xx24",2017,4,18.907,18.835,18.826,19.02,18.788
34,"F34_EPOSF_xx24",2018,2,10.751,10.748,10.748,10.755,10.747
34,"F34_EPOSF_xx24",2018,3,43.92,43.937,43.829,44.164,43.783
34,"F34_EPOSF_xx24",2019,2,16.782,16.769,16.791,16.83,16.768
34,"F34_EPOSF_xx24",2019,3,103.479,103.76,103.641,104.006,103.533
34,"F34_EPOSF_xx24",2019,4,46.439,46.512,46.532,46.35,46.561
34,"F34_EPOSF_xx24",2020,3,33.329,33.576,33.448,33.322,33.509
34,"F34_EPOSF_xx24",2020,4,34.992,34.827,35.102,34.705,35.068
34,"F34_EPOSF_xx24",2021,3,18.247,18.241,18.252,18.23,18.253
34,"F34_EPOSF_xx24",2021,4,7.56,7.546,7.549,7.575,7.542
34,"F34_EPOSF_xx24",2022,3,33.841,33.999,33.959,33.727,34.018
34,"F34_EPOSF_xx24",2022,4,23.821,23.895,23.859,23.809,23.878
34,"F34_EPOSF_xx24",2023,3,44.177,44.052,44.109,44.198,44.079
34,"F34_EPOSF_xx24",2024,3,277.871,277.676,277.217,279.546,276.901
34,"F34_EPOSF_xx24",2024,4,53.894,54.011,54.105,53.617,54.181
35,"F35_JPTWKR_DNMisc",2008,1,19.955,20.119,19.765,20.22,19.978
35,"F35_JPTWKR_DNMisc",2008,2,23.529,24.427,21.722,23.5,22.821
35,"F35_JPTWKR_DNMisc",2008,3,4.871,5.069,4.421,4.858,4.665
35,"F35_JPTWKR_DNMisc",2008,4,22.913,22.625,23.092,22.869,23.82
35,"F35_JPTWKR_DNMisc",2009,1,18.229,18.669,18.053,18.2,18.452
35,"F35_JPTWKR_DNMisc",2009,2,18.66,18.952,18.311,18.633,18.665
35,"F35_JPTWKR_DNMisc",2009,4,83.288,97.472,46.242,84.867,65.306
35,"F35_JPTWKR_DNMisc",2010,2,5.096,5.138,4.866,5.086,5.047
35,"F35_JPTWKR_DNMisc",2010,3,4.48,4.665,3.862,4.513,4.183
35,"F35_JPTWKR_DNMisc",2010,4,39.629,36.831,46.534,39.021,44.644
35,"F35_JPTWKR_DNMisc",2011,1,12.13,12.311,12.231,12.218,12.159
35,"F35_JPTWKR_DNMisc",2011,4,18.62,18.808,16.823,18.666,18.197
35,"F35_JPTWKR_DNMisc",2012,1,12.578,12.614,12.756,12.605,12.653
35,"F35_JPTWKR_DNMisc",2012,2,23.098,23.689,21.759,23.099,22.574
35,"F35_JPTWKR_DNMisc",2014,4,4.373,4.195,5.042,4.342,4.688
35,"F35_JPTWKR_DNMisc",2015,1,5.293,5.306,4.926,5.311,5.22
35,"F35_JPTWKR_DNMisc",2015,3,4.106,4.272,3.64,4.118,3.889
35,"F35_JPTWKR_DNMisc",2015,4,12.202,13.671,9.012,12.326,10.789
35,"F35_JPTWKR_DNMisc",2016,2,2.08,2.086,2.086,2.077,2.082
35,"F35_JPTWKR_DNMisc",2016,4,5.921,5.69,6.724,5.862,6.327
35,"F35_JPTWKR_DNMisc",2017,4,17.97,19.148,13.843,17.961,16.674
35,"F35_JPTWKR_DNMisc",2018,3,7.347,6.939,8.787,7.257,8.009
35,"F35_JPTWKR_DNMisc",2018,4,50.143,49.16,48.387,50.102,51.401
35,"F35_JPTWKR_DNMisc",2022,3,2.73,2.74,2.739,2.731,2.747
35,"F35_JPTWKR_DNMisc",2023,3,2.599,2.628,2.569,2.595,2.605
36,"S36_JPLL_idx_adult",1996,1,21.892,6.976,6.985,6.563,7.041
36,"S36_JPLL_idx_adult",1997,1,22.494,7.617,7.644,7.211,7.699
36,"S36_JPLL_idx_adult",1998,1,21.715,8.245,8.282,7.941,8.325
36,"S36_JPLL_idx_adult",1999,1,19.078,7.691,7.747,7.441,7.788
36,"S36_JPLL_idx_adult",2000,1,18.053,7.212,7.274,6.997,7.315
36,"S36_JPLL_idx_adult",2001,1,16.573,6.61,6.664,6.428,6.7
36,"S36_JPLL_idx_adult",2002,1,16.754,6.256,6.318,6.043,6.359
36,"S36_JPLL_idx_adult",2003,1,16.656,6.725,6.785,6.513,6.823
36,"S36_JPLL_idx_adult",2004,1,16.639,6.726,6.792,6.481,6.834
36,"S36_JPLL_idx_adult",2005,1,16.808,6.773,6.837,6.55,6.875
36,"S36_JPLL_idx_adult",2006,1,16.127,6.65,6.692,6.492,6.72
36,"S36_JPLL_idx_adult",2007,1,15.226,6.616,6.652,6.472,6.677
36,"S36_JPLL_idx_adult",2008,1,13.906,6.878,6.926,6.688,6.958
36,"S36_JPLL_idx_adult",2009,1,14.2,5.997,6.06,5.756,6.102
36,"S36_JPLL_idx_adult",2010,1,15.252,5.793,5.846,5.598,5.882
36,"S36_JPLL_idx_adult",2011,1,16.264,6.1,6.141,5.948,6.168
36,"S36_JPLL_idx_adult",2012,1,16.025,6.434,6.478,6.266,6.507
36,"S36_JPLL_idx_adult",2013,1,15.874,6.369,6.423,6.159,6.459
36,"S36_JPLL_idx_adult",2014,1,15.551,6.264,6.318,6.062,6.355
36,"S36_JPLL_idx_adult",2015,1,15.259,6.135,6.186,5.94,6.221
36,"S36_JPLL_idx_adult",2016,1,15.578,6.071,6.119,5.891,6.151
36,"S36_JPLL_idx_adult",2017,1,17.013,6.578,6.619,6.42,6.647
36,"S36_JPLL_idx_adult",2018,1,18.052,7.11,7.151,6.952,7.178
36,"S36_JPLL_idx_adult",2019,1,19.293,7.389,7.438,7.204,7.469
36,"S36_JPLL_idx_adult",2020,1,17.821,7.629,7.685,7.41,7.722
36,"S36_JPLL_idx_adult",2021,1,13.563,7.52,7.607,7.193,7.662
36,"S36_JPLL_idx_adult",2022,1,16.12,5.734,5.798,5.492,5.842
36,"S36_JPLL_idx_adult",2023,1,19.621,6.129,6.169,5.972,6.198
36,"S36_JPLL_idx_adult",2024,1,19.662,7.037,7.08,6.878,7.107
