"Fleet","Fleet_Name","Yr","Seas","base2026","h=0.75","h=0.80","h=0.85"
1,"F1_JPLL_A13_Q1_wt",1994,1,25.28,25.256,25.265,26.211
1,"F1_JPLL_A13_Q1_wt",1995,1,4.287,4.294,4.291,4.96
1,"F1_JPLL_A13_Q1_wt",1996,1,14.989,14.99,14.99,23.731
1,"F1_JPLL_A13_Q1_wt",1997,1,52.157,52.177,52.167,42.151
1,"F1_JPLL_A13_Q1_wt",1998,1,102.617,102.604,102.606,55.652
1,"F1_JPLL_A13_Q1_wt",1999,1,16.449,16.45,16.45,23.168
1,"F1_JPLL_A13_Q1_wt",2000,1,222.49,222.805,222.68,278.286
1,"F1_JPLL_A13_Q1_wt",2001,1,126.658,126.854,126.777,66.034
1,"F1_JPLL_A13_Q1_wt",2002,1,307.196,307.288,307.254,467.479
1,"F1_JPLL_A13_Q1_wt",2003,1,162.194,162.177,162.182,287.614
1,"F1_JPLL_A13_Q1_wt",2004,1,80.503,80.495,80.498,164.854
1,"F1_JPLL_A13_Q1_wt",2005,1,82.492,82.492,82.493,266.057
1,"F1_JPLL_A13_Q1_wt",2006,1,250.767,250.846,250.821,198.243
1,"F1_JPLL_A13_Q1_wt",2007,1,264.592,264.507,264.54,928.597
1,"F1_JPLL_A13_Q1_wt",2008,1,107.571,107.546,107.555,217.423
1,"F1_JPLL_A13_Q1_wt",2009,1,499.895,500.073,499.994,181.668
1,"F1_JPLL_A13_Q1_wt",2010,1,395.973,395.925,395.949,249.698
1,"F1_JPLL_A13_Q1_wt",2011,1,448.302,448.985,448.716,279.898
1,"F1_JPLL_A13_Q1_wt",2012,1,257.735,257.739,257.737,611.911
1,"F1_JPLL_A13_Q1_wt",2013,1,202.924,203.167,203.083,205.787
1,"F1_JPLL_A13_Q1_wt",2014,1,53.868,53.901,53.889,306.001
1,"F1_JPLL_A13_Q1_wt",2015,1,217.624,217.607,217.615,97.404
1,"F1_JPLL_A13_Q1_wt",2016,1,200.948,201.105,201.046,105.712
1,"F1_JPLL_A13_Q1_wt",2017,1,195.333,195.477,195.424,256.559
1,"F1_JPLL_A13_Q1_wt",2018,1,91.714,91.683,91.693,79.213
1,"F1_JPLL_A13_Q1_wt",2019,1,70.26,70.2,70.222,53.797
1,"F1_JPLL_A13_Q1_wt",2020,1,176.215,176.194,176.204,74.32
1,"F1_JPLL_A13_Q1_wt",2021,1,64.338,64.386,64.368,35.44
1,"F1_JPLL_A13_Q1_wt",2022,1,41.306,41.35,41.333,30.433
1,"F1_JPLL_A13_Q1_wt",2023,1,360.635,361.994,361.485,155.337
1,"F1_JPLL_A13_Q1_wt",2024,1,43.402,43.424,43.415,24.113
2,"F2_JPLL_A13_Q2_wt",1996,2,12.227,12.239,12.234,11.451
2,"F2_JPLL_A13_Q2_wt",1997,2,54.674,54.834,54.774,39.99
2,"F2_JPLL_A13_Q2_wt",2000,2,7.87,7.874,7.872,8.141
2,"F2_JPLL_A13_Q2_wt",2001,2,61.528,61.483,61.49,64.097
2,"F2_JPLL_A13_Q2_wt",2002,2,27.537,27.525,27.528,23.907
2,"F2_JPLL_A13_Q2_wt",2003,2,52.742,52.752,52.747,66.173
2,"F2_JPLL_A13_Q2_wt",2004,2,24.405,24.416,24.413,24.832
2,"F2_JPLL_A13_Q2_wt",2005,2,28.877,28.892,28.887,38.949
2,"F2_JPLL_A13_Q2_wt",2006,2,88.302,88.23,88.256,48.949
2,"F2_JPLL_A13_Q2_wt",2007,2,251.599,251.51,251.563,539.142
2,"F2_JPLL_A13_Q2_wt",2008,2,51.672,51.674,51.673,44.981
2,"F2_JPLL_A13_Q2_wt",2009,2,90.203,90.244,90.224,81.685
2,"F2_JPLL_A13_Q2_wt",2010,2,101.309,101.296,101.303,135.285
2,"F2_JPLL_A13_Q2_wt",2011,2,47.518,47.575,47.552,30.549
2,"F2_JPLL_A13_Q2_wt",2012,2,98.333,98.544,98.469,208.024
2,"F2_JPLL_A13_Q2_wt",2013,2,91.104,90.961,91.019,189.153
2,"F2_JPLL_A13_Q2_wt",2014,2,56.067,56.18,56.139,105.492
2,"F2_JPLL_A13_Q2_wt",2015,2,54.985,54.939,54.958,77.796
2,"F2_JPLL_A13_Q2_wt",2016,2,34.08,34.079,34.08,50.64
2,"F2_JPLL_A13_Q2_wt",2017,2,62.936,62.721,62.799,58.833
2,"F2_JPLL_A13_Q2_wt",2018,2,26.012,26.004,26.007,30.806
2,"F2_JPLL_A13_Q2_wt",2019,2,47.399,47.391,47.395,35.865
2,"F2_JPLL_A13_Q2_wt",2020,2,157.238,157.249,157.238,57.679
2,"F2_JPLL_A13_Q2_wt",2021,2,10.697,10.712,10.707,10.286
2,"F2_JPLL_A13_Q2_wt",2022,2,5.867,5.88,5.875,6.083
2,"F2_JPLL_A13_Q2_wt",2023,2,48.065,48.063,48.062,42.125
2,"F2_JPLL_A13_Q2_wt",2024,2,19.469,19.565,19.527,15.577
3,"F3_JPLL_A13_Q3_wt",2000,3,45.609,45.657,45.631,31.327
3,"F3_JPLL_A13_Q3_wt",2001,3,11.52,11.507,11.512,12.942
3,"F3_JPLL_A13_Q3_wt",2002,3,25.655,25.649,25.652,24.111
3,"F3_JPLL_A13_Q3_wt",2003,3,10.091,10.088,10.089,8.959
3,"F3_JPLL_A13_Q3_wt",2004,3,8.061,8.058,8.059,9.01
3,"F3_JPLL_A13_Q3_wt",2005,3,34.101,34.094,34.092,26.554
3,"F3_JPLL_A13_Q3_wt",2006,3,16.585,16.576,16.576,11.726
3,"F3_JPLL_A13_Q3_wt",2007,3,26.654,26.662,26.655,18.806
3,"F3_JPLL_A13_Q3_wt",2008,3,52.238,52.254,52.247,69.968
3,"F3_JPLL_A13_Q3_wt",2009,3,9.164,9.169,9.167,7.664
3,"F3_JPLL_A13_Q3_wt",2010,3,37.64,37.581,37.608,73.303
3,"F3_JPLL_A13_Q3_wt",2011,3,25.421,25.398,25.408,19.908
3,"F3_JPLL_A13_Q3_wt",2012,3,17.791,17.805,17.8,19.251
3,"F3_JPLL_A13_Q3_wt",2013,3,46.195,46.046,46.097,47.394
3,"F3_JPLL_A13_Q3_wt",2014,3,12.899,12.932,12.921,15.622
3,"F3_JPLL_A13_Q3_wt",2015,3,19.763,19.807,19.793,31.793
3,"F3_JPLL_A13_Q3_wt",2016,3,32.788,32.761,32.772,39.432
3,"F3_JPLL_A13_Q3_wt",2017,3,19.191,19.169,19.176,17.104
3,"F3_JPLL_A13_Q3_wt",2018,3,11.732,11.726,11.728,10.05
3,"F3_JPLL_A13_Q3_wt",2019,3,12.231,12.236,12.235,17.073
3,"F3_JPLL_A13_Q3_wt",2020,3,24.321,24.308,24.315,33.579
3,"F3_JPLL_A13_Q3_wt",2021,3,22.646,22.656,22.65,17.892
3,"F3_JPLL_A13_Q3_wt",2022,3,27.079,26.984,27.02,17.452
3,"F3_JPLL_A13_Q3_wt",2023,3,12.333,12.293,12.309,13.812
3,"F3_JPLL_A13_Q3_wt",2024,3,37.766,37.517,37.613,36.647
4,"F4_JPLL_A13_Q4_wt",1996,4,23.542,23.574,23.56,30.481
4,"F4_JPLL_A13_Q4_wt",1999,4,80.742,80.742,80.744,103.608
4,"F4_JPLL_A13_Q4_wt",2000,4,51.801,51.735,51.754,53.934
4,"F4_JPLL_A13_Q4_wt",2001,4,308.046,306.658,307.173,246.594
4,"F4_JPLL_A13_Q4_wt",2002,4,23.938,23.967,23.957,39.425
4,"F4_JPLL_A13_Q4_wt",2003,4,43.123,43.166,43.153,60.479
4,"F4_JPLL_A13_Q4_wt",2004,4,137.736,137.882,137.853,167.294
4,"F4_JPLL_A13_Q4_wt",2005,4,43.472,43.503,43.495,55.93
4,"F4_JPLL_A13_Q4_wt",2006,4,106.012,106.085,106.067,117.883
4,"F4_JPLL_A13_Q4_wt",2007,4,374.787,374.748,374.718,357.544
4,"F4_JPLL_A13_Q4_wt",2008,4,91.534,91.671,91.615,92.415
4,"F4_JPLL_A13_Q4_wt",2009,4,314.646,315.721,315.341,428.901
4,"F4_JPLL_A13_Q4_wt",2010,4,75.58,75.412,75.47,102.992
4,"F4_JPLL_A13_Q4_wt",2011,4,137.01,136.61,136.757,138.627
4,"F4_JPLL_A13_Q4_wt",2012,4,87.61,87.544,87.563,88.95
4,"F4_JPLL_A13_Q4_wt",2013,4,35.24,35.326,35.294,42.317
4,"F4_JPLL_A13_Q4_wt",2014,4,117.392,118.115,117.842,148.248
4,"F4_JPLL_A13_Q4_wt",2015,4,84.642,84.904,84.802,98.482
4,"F4_JPLL_A13_Q4_wt",2016,4,70.888,70.61,70.719,67.927
4,"F4_JPLL_A13_Q4_wt",2017,4,249.634,249.498,249.487,468.965
4,"F4_JPLL_A13_Q4_wt",2018,4,217.162,217.573,217.38,240.993
4,"F4_JPLL_A13_Q4_wt",2019,4,112.949,112.945,112.956,116.818
4,"F4_JPLL_A13_Q4_wt",2020,4,78.414,78.422,78.42,100.862
4,"F4_JPLL_A13_Q4_wt",2021,4,50.001,50.008,50.007,38.764
4,"F4_JPLL_A13_Q4_wt",2022,4,50.089,50.025,50.051,70.259
4,"F4_JPLL_A13_Q4_wt",2023,4,25.555,25.363,25.434,26.341
4,"F4_JPLL_A13_Q4_wt",2024,4,32.06,32.031,32.043,33.945
9,"F9_JPLL_A2_Q1_wt",1994,1,61.291,61.736,61.59,53.833
9,"F9_JPLL_A2_Q1_wt",1996,1,58.001,58.174,58.106,45.729
9,"F9_JPLL_A2_Q1_wt",1997,1,40.108,39.951,40.016,35.622
9,"F9_JPLL_A2_Q1_wt",1999,1,47.261,47.278,47.267,52.638
9,"F9_JPLL_A2_Q1_wt",2000,1,53.855,53.802,53.814,71.645
9,"F9_JPLL_A2_Q1_wt",2001,1,197.443,196.96,197.16,173.801
9,"F9_JPLL_A2_Q1_wt",2002,1,538.884,538.045,538.66,333.173
9,"F9_JPLL_A2_Q1_wt",2003,1,239.782,240.196,240.05,271.203
9,"F9_JPLL_A2_Q1_wt",2004,1,73.801,73.823,73.814,52.019
9,"F9_JPLL_A2_Q1_wt",2005,1,96.19,96.31,96.275,108.284
9,"F9_JPLL_A2_Q1_wt",2006,1,112.203,112.095,112.093,153.083
9,"F9_JPLL_A2_Q1_wt",2007,1,67.003,66.969,66.962,78.021
9,"F9_JPLL_A2_Q1_wt",2008,1,149.293,148.973,149.075,138.293
9,"F9_JPLL_A2_Q1_wt",2009,1,89.279,89.351,89.302,83.948
9,"F9_JPLL_A2_Q1_wt",2010,1,341.835,340.076,340.637,201.444
9,"F9_JPLL_A2_Q1_wt",2011,1,97.31,96.838,97.008,110.603
9,"F9_JPLL_A2_Q1_wt",2012,1,109.365,108.882,109.057,100.14
9,"F9_JPLL_A2_Q1_wt",2013,1,265.097,266.033,265.602,257.668
9,"F9_JPLL_A2_Q1_wt",2014,1,145.366,145.265,145.284,111.582
9,"F9_JPLL_A2_Q1_wt",2015,1,421.177,417.355,418.564,298.551
9,"F9_JPLL_A2_Q1_wt",2016,1,220.851,220.371,220.592,201.024
9,"F9_JPLL_A2_Q1_wt",2017,1,85.626,85.748,85.728,66.307
9,"F9_JPLL_A2_Q1_wt",2018,1,157.287,157.234,157.245,151.911
9,"F9_JPLL_A2_Q1_wt",2019,1,126.819,126.515,126.626,120.383
9,"F9_JPLL_A2_Q1_wt",2020,1,24.487,24.5,24.498,25.188
9,"F9_JPLL_A2_Q1_wt",2021,1,39.486,39.509,39.494,30.567
9,"F9_JPLL_A2_Q1_wt",2022,1,309.004,308.806,308.835,191.436
9,"F9_JPLL_A2_Q1_wt",2023,1,32.817,32.669,32.721,25.872
9,"F9_JPLL_A2_Q1_wt",2024,1,56.822,56.887,56.854,77.867
10,"F10_JPLL_A2_Q2_wt_9624",2000,2,31.962,31.953,31.959,33.329
10,"F10_JPLL_A2_Q2_wt_9624",2001,2,126.078,125.877,125.928,141.316
10,"F10_JPLL_A2_Q2_wt_9624",2002,2,242.075,241.445,241.646,122.446
10,"F10_JPLL_A2_Q2_wt_9624",2003,2,16.318,16.335,16.329,21.075
10,"F10_JPLL_A2_Q2_wt_9624",2004,2,251.995,252.103,252.021,258.089
10,"F10_JPLL_A2_Q2_wt_9624",2005,2,87.364,87.37,87.38,86.106
10,"F10_JPLL_A2_Q2_wt_9624",2006,2,100.931,100.899,100.899,100.316
10,"F10_JPLL_A2_Q2_wt_9624",2007,2,90.262,90.386,90.365,110.295
10,"F10_JPLL_A2_Q2_wt_9624",2008,2,67.915,67.906,67.905,110.394
10,"F10_JPLL_A2_Q2_wt_9624",2009,2,161.893,161.981,161.928,195.589
10,"F10_JPLL_A2_Q2_wt_9624",2010,2,525.026,526.287,525.847,437.8
10,"F10_JPLL_A2_Q2_wt_9624",2011,2,91.696,91.874,91.817,183.281
10,"F10_JPLL_A2_Q2_wt_9624",2012,2,79.159,78.852,78.953,88.061
10,"F10_JPLL_A2_Q2_wt_9624",2013,2,402.801,402.444,402.62,399.991
10,"F10_JPLL_A2_Q2_wt_9624",2014,2,391.133,391.103,391.118,344.365
10,"F10_JPLL_A2_Q2_wt_9624",2015,2,142.103,142.689,142.48,163.756
10,"F10_JPLL_A2_Q2_wt_9624",2016,2,270.121,273.008,271.869,261.647
10,"F10_JPLL_A2_Q2_wt_9624",2017,2,142.377,141.498,141.867,185.173
10,"F10_JPLL_A2_Q2_wt_9624",2018,2,164.224,164.272,164.249,211.979
10,"F10_JPLL_A2_Q2_wt_9624",2019,2,134.782,134.584,134.682,130.24
10,"F10_JPLL_A2_Q2_wt_9624",2020,2,234.233,233.379,233.734,256.291
10,"F10_JPLL_A2_Q2_wt_9624",2021,2,33.853,33.853,33.858,50.652
10,"F10_JPLL_A2_Q2_wt_9624",2022,2,108.289,108.363,108.336,235.28
10,"F10_JPLL_A2_Q2_wt_9624",2023,2,21.758,21.785,21.777,48.735
10,"F10_JPLL_A2_Q2_wt_9624",2024,2,51.217,50.952,51.048,53.677
11,"F11_JPLL_A2_Q3_wt",2001,3,168.548,168.21,168.345,194.25
11,"F11_JPLL_A2_Q3_wt",2002,3,96.744,96.598,96.658,88.983
11,"F11_JPLL_A2_Q3_wt",2003,3,73.638,73.743,73.707,108.49
11,"F11_JPLL_A2_Q3_wt",2004,3,143.924,143.94,143.947,118.991
11,"F11_JPLL_A2_Q3_wt",2005,3,69.75,69.774,69.767,86.876
11,"F11_JPLL_A2_Q3_wt",2006,3,155.629,155.726,155.699,202.498
11,"F11_JPLL_A2_Q3_wt",2007,3,91.723,91.746,91.741,76.711
11,"F11_JPLL_A2_Q3_wt",2008,3,62.548,62.532,62.543,138.775
11,"F11_JPLL_A2_Q3_wt",2009,3,98.625,98.768,98.706,144.061
11,"F11_JPLL_A2_Q3_wt",2010,3,166.487,166.238,166.366,78.385
11,"F11_JPLL_A2_Q3_wt",2011,3,1215.13,1216.58,1216.07,673.445
11,"F11_JPLL_A2_Q3_wt",2012,3,255.722,254.377,254.91,288.526
11,"F11_JPLL_A2_Q3_wt",2013,3,222.984,222.056,222.45,252.075
11,"F11_JPLL_A2_Q3_wt",2014,3,183.141,182.634,182.803,147.073
11,"F11_JPLL_A2_Q3_wt",2015,3,206.465,207.749,207.288,241.418
11,"F11_JPLL_A2_Q3_wt",2016,3,222.934,224.457,223.919,200.533
11,"F11_JPLL_A2_Q3_wt",2017,3,249.628,248.471,248.911,204.682
11,"F11_JPLL_A2_Q3_wt",2018,3,256.298,256.037,256.159,181.781
11,"F11_JPLL_A2_Q3_wt",2019,3,136.188,135.749,135.907,130.704
11,"F11_JPLL_A2_Q3_wt",2020,3,9.339,9.338,9.338,9.756
11,"F11_JPLL_A2_Q3_wt",2021,3,42.711,42.698,42.712,64.267
11,"F11_JPLL_A2_Q3_wt",2022,3,55.556,55.666,55.628,134.267
11,"F11_JPLL_A2_Q3_wt",2023,3,20.874,20.874,20.873,35.042
11,"F11_JPLL_A2_Q3_wt",2024,3,148.558,147.749,148.058,166.24
12,"F12_JPLL_A2_Q4_wt",1994,4,44.329,44.246,44.276,26.492
12,"F12_JPLL_A2_Q4_wt",1996,4,41.36,41.17,41.24,39.632
12,"F12_JPLL_A2_Q4_wt",1997,4,51.639,51.684,51.672,39.174
12,"F12_JPLL_A2_Q4_wt",1999,4,62.308,62.275,62.289,50.434
12,"F12_JPLL_A2_Q4_wt",2001,4,162.81,162.572,162.689,151.355
12,"F12_JPLL_A2_Q4_wt",2002,4,106.192,106.286,106.256,128.269
12,"F12_JPLL_A2_Q4_wt",2003,4,42.684,42.727,42.714,68.003
12,"F12_JPLL_A2_Q4_wt",2004,4,69.198,69.235,69.226,74.108
12,"F12_JPLL_A2_Q4_wt",2005,4,46.68,46.714,46.703,59.01
12,"F12_JPLL_A2_Q4_wt",2006,4,267.672,267.253,267.396,185.414
12,"F12_JPLL_A2_Q4_wt",2007,4,68.391,68.375,68.379,96.997
12,"F12_JPLL_A2_Q4_wt",2008,4,318.3,318.767,318.567,186.585
12,"F12_JPLL_A2_Q4_wt",2009,4,269.373,269.797,269.666,650.035
12,"F12_JPLL_A2_Q4_wt",2010,4,82.144,82.148,82.137,127.556
12,"F12_JPLL_A2_Q4_wt",2011,4,260.059,259.279,259.595,162.724
12,"F12_JPLL_A2_Q4_wt",2012,4,56.558,56.583,56.571,54.857
12,"F12_JPLL_A2_Q4_wt",2013,4,47.546,47.585,47.571,50.788
12,"F12_JPLL_A2_Q4_wt",2014,4,291.49,292.102,291.92,349.237
12,"F12_JPLL_A2_Q4_wt",2015,4,126.623,127.368,127.106,147.428
12,"F12_JPLL_A2_Q4_wt",2016,4,137.932,137.606,137.745,122.198
12,"F12_JPLL_A2_Q4_wt",2017,4,112.16,111.657,111.846,98.18
12,"F12_JPLL_A2_Q4_wt",2018,4,140.316,140.122,140.202,105.632
12,"F12_JPLL_A2_Q4_wt",2019,4,109.11,109.077,109.095,104.05
12,"F12_JPLL_A2_Q4_wt",2020,4,103.612,103.759,103.721,128.327
12,"F12_JPLL_A2_Q4_wt",2021,4,96.009,95.819,95.877,55.468
12,"F12_JPLL_A2_Q4_wt",2022,4,51.023,51.155,51.109,104.328
12,"F12_JPLL_A2_Q4_wt",2023,4,35.842,35.898,35.878,56.208
12,"F12_JPLL_A2_Q4_wt",2024,4,49.627,49.903,49.798,60.138
17,"F17_JPLL_A4_num",1995,3,65.494,65.94,65.777,55.838
17,"F17_JPLL_A4_num",1995,4,34.538,34.58,34.565,37.956
17,"F17_JPLL_A4_num",1996,2,8.614,8.604,8.608,8.321
17,"F17_JPLL_A4_num",1999,4,32.824,32.844,32.837,32.143
17,"F17_JPLL_A4_num",2000,1,31.048,31.047,31.048,26.548
17,"F17_JPLL_A4_num",2000,2,155.041,154.838,154.905,146.47
17,"F17_JPLL_A4_num",2000,4,33.882,33.87,33.873,33.696
17,"F17_JPLL_A4_num",2001,1,39.156,39.132,39.137,41.804
17,"F17_JPLL_A4_num",2001,2,38.92,38.903,38.909,41.792
17,"F17_JPLL_A4_num",2001,3,139.152,139.071,139.082,158.308
17,"F17_JPLL_A4_num",2001,4,83.833,83.812,83.808,90.686
17,"F17_JPLL_A4_num",2002,1,44.747,44.751,44.743,48.912
17,"F17_JPLL_A4_num",2002,2,144.34,144.24,144.302,121.076
17,"F17_JPLL_A4_num",2002,3,67.714,67.746,67.722,86.904
17,"F17_JPLL_A4_num",2002,4,143.563,143.657,143.598,190.978
17,"F17_JPLL_A4_num",2003,1,150.66,150.799,150.722,198.519
17,"F17_JPLL_A4_num",2003,2,6.824,6.825,6.824,6.974
17,"F17_JPLL_A4_num",2003,3,29.053,29.076,29.07,32.521
17,"F17_JPLL_A4_num",2004,1,80.99,81.124,81.085,159.354
17,"F17_JPLL_A4_num",2004,2,17.052,17.061,17.058,20.589
17,"F17_JPLL_A4_num",2004,3,186.625,186.753,186.717,183.319
17,"F17_JPLL_A4_num",2005,1,147.638,147.89,147.821,290.217
17,"F17_JPLL_A4_num",2005,2,12.844,12.844,12.844,12.528
17,"F17_JPLL_A4_num",2005,3,124.489,124.485,124.486,126.483
17,"F17_JPLL_A4_num",2005,4,40.949,40.944,40.945,49.41
17,"F17_JPLL_A4_num",2006,1,331.031,330.783,330.834,355.757
17,"F17_JPLL_A4_num",2006,2,42.321,42.316,42.317,49.799
17,"F17_JPLL_A4_num",2006,3,92.475,92.448,92.454,96.591
17,"F17_JPLL_A4_num",2006,4,92.663,92.652,92.653,103.531
17,"F17_JPLL_A4_num",2007,1,83.082,83.063,83.067,86.228
17,"F17_JPLL_A4_num",2007,2,26.558,26.558,26.558,27.789
17,"F17_JPLL_A4_num",2007,3,104.897,104.918,104.913,98.139
17,"F17_JPLL_A4_num",2008,1,56.533,56.566,56.557,62.065
17,"F17_JPLL_A4_num",2008,2,34.825,34.833,34.831,39.441
17,"F17_JPLL_A4_num",2008,3,68.9,68.913,68.914,96.178
17,"F17_JPLL_A4_num",2008,4,101.617,101.596,101.617,222.874
17,"F17_JPLL_A4_num",2009,1,51.775,51.778,51.781,67.835
17,"F17_JPLL_A4_num",2009,3,74.948,74.951,74.951,113.042
17,"F17_JPLL_A4_num",2010,1,4.552,4.551,4.551,4.313
17,"F17_JPLL_A4_num",2010,2,1.813,1.813,1.813,1.764
17,"F17_JPLL_A4_num",2010,3,16.752,16.741,16.747,12.562
17,"F17_JPLL_A4_num",2010,4,71.962,71.95,71.965,55.843
17,"F17_JPLL_A4_num",2011,1,115.397,115.396,115.403,87.342
17,"F17_JPLL_A4_num",2011,3,100.051,99.782,99.897,63.928
17,"F17_JPLL_A4_num",2011,4,18.934,18.924,18.928,15.995
17,"F17_JPLL_A4_num",2012,1,39.139,39.175,39.159,42.78
17,"F17_JPLL_A4_num",2012,2,15.923,15.931,15.928,16.622
17,"F17_JPLL_A4_num",2012,3,286.231,286.187,286.219,228.816
17,"F17_JPLL_A4_num",2012,4,101.927,101.911,101.917,98.587
17,"F17_JPLL_A4_num",2013,1,9.374,9.367,9.37,9.335
17,"F17_JPLL_A4_num",2013,2,30.811,30.878,30.849,30.213
17,"F17_JPLL_A4_num",2013,3,50.881,50.985,50.941,49.937
17,"F17_JPLL_A4_num",2014,1,5.139,5.139,5.139,5.141
17,"F17_JPLL_A4_num",2014,2,16.405,16.419,16.413,16.042
17,"F17_JPLL_A4_num",2014,4,213.224,213.2,213.213,228.986
17,"F17_JPLL_A4_num",2015,3,132.722,132.434,132.529,137.733
17,"F17_JPLL_A4_num",2015,4,20.419,20.412,20.413,19.835
17,"F17_JPLL_A4_num",2016,2,277.121,276.546,276.762,294.375
17,"F17_JPLL_A4_num",2016,3,166.303,166.786,166.628,166.62
17,"F17_JPLL_A4_num",2017,3,176.416,176.249,176.319,170.199
17,"F17_JPLL_A4_num",2017,4,60.09,59.856,59.943,68.084
17,"F17_JPLL_A4_num",2018,2,60.894,60.92,60.911,61.729
17,"F17_JPLL_A4_num",2018,3,30.009,29.933,29.961,31.256
17,"F17_JPLL_A4_num",2019,1,7.072,7.068,7.07,7.097
17,"F17_JPLL_A4_num",2019,2,16.593,16.583,16.587,16.123
17,"F17_JPLL_A4_num",2019,3,199.6,200.241,200.005,206.037
17,"F17_JPLL_A4_num",2019,4,137.037,136.629,136.771,133.611
17,"F17_JPLL_A4_num",2020,2,12.23,12.222,12.225,12.397
17,"F17_JPLL_A4_num",2020,3,36.572,36.502,36.526,36.937
17,"F17_JPLL_A4_num",2023,2,3.315,3.314,3.314,3.271
17,"F17_JPLL_A4_num",2023,3,10.805,10.807,10.806,16.088
17,"F17_JPLL_A4_num",2024,1,11.588,11.583,11.584,14.765
17,"F17_JPLL_A4_num",2024,2,8.357,8.355,8.355,8.669
18,"F18_JPLL_A5_num",1995,4,65.696,65.494,65.565,59.392
18,"F18_JPLL_A5_num",2003,4,55.063,55.006,55.026,48.28
18,"F18_JPLL_A5_num",2004,2,32.237,32.221,32.227,27.213
18,"F18_JPLL_A5_num",2004,3,31.703,31.698,31.698,32.865
18,"F18_JPLL_A5_num",2004,4,140.551,140.481,140.494,136.281
18,"F18_JPLL_A5_num",2005,4,35.587,35.601,35.598,50.515
18,"F18_JPLL_A5_num",2006,4,41.413,41.385,41.398,40.319
18,"F18_JPLL_A5_num",2007,4,11.267,11.263,11.264,13.148
18,"F18_JPLL_A5_num",2008,4,27.774,27.776,27.775,29.358
18,"F18_JPLL_A5_num",2009,3,29.823,29.878,29.859,38.428
18,"F18_JPLL_A5_num",2011,3,25.536,25.54,25.538,28.25
18,"F18_JPLL_A5_num",2011,4,54.608,54.46,54.514,55.078
19,"F19_JPPL_A35_Q1",2002,1,25.979,25.986,25.985,14.336
19,"F19_JPPL_A35_Q1",2004,1,35.687,35.675,35.676,36.193
19,"F19_JPPL_A35_Q1",2005,1,16.21,16.22,16.216,17.755
19,"F19_JPPL_A35_Q1",2007,1,7.953,7.947,7.949,14.094
19,"F19_JPPL_A35_Q1",2022,1,6.888,6.891,6.89,11.588
19,"F19_JPPL_A35_Q1",2023,1,21.452,21.501,21.481,22.461
20,"F20_JPPL_A35_Q2",1994,2,2.651,2.651,2.651,2.668
20,"F20_JPPL_A35_Q2",1995,2,4.862,4.867,4.865,5.108
20,"F20_JPPL_A35_Q2",1996,2,18.77,18.765,18.767,23.301
20,"F20_JPPL_A35_Q2",1997,2,153.862,153.655,153.72,87.824
20,"F20_JPPL_A35_Q2",1998,2,3.852,3.853,3.852,3.895
20,"F20_JPPL_A35_Q2",1999,2,24.303,24.351,24.334,29.432
20,"F20_JPPL_A35_Q2",2000,2,3.078,3.082,3.08,3.074
20,"F20_JPPL_A35_Q2",2001,2,8.17,8.167,8.168,9.253
20,"F20_JPPL_A35_Q2",2002,2,33.177,33.17,33.173,36.072
20,"F20_JPPL_A35_Q2",2003,2,99.48,99.367,99.406,68.955
20,"F20_JPPL_A35_Q2",2004,2,15.808,15.814,15.812,13.481
20,"F20_JPPL_A35_Q2",2005,2,12.951,12.949,12.95,9.145
20,"F20_JPPL_A35_Q2",2006,2,62.898,62.858,62.872,69.025
20,"F20_JPPL_A35_Q2",2007,2,58.243,58.047,58.094,57.641
20,"F20_JPPL_A35_Q2",2008,2,24.05,24.041,24.044,21.888
20,"F20_JPPL_A35_Q2",2009,2,99.658,99.59,99.614,102.502
20,"F20_JPPL_A35_Q2",2010,2,45.423,45.418,45.419,52.734
20,"F20_JPPL_A35_Q2",2011,2,27.262,27.235,27.244,24.599
20,"F20_JPPL_A35_Q2",2012,2,26.658,26.707,26.689,32.163
20,"F20_JPPL_A35_Q2",2013,2,18.947,18.961,18.956,26.593
20,"F20_JPPL_A35_Q2",2014,2,30.105,30.093,30.099,28.324
20,"F20_JPPL_A35_Q2",2015,2,20.968,20.972,20.971,20.191
20,"F20_JPPL_A35_Q2",2016,2,83.491,83.24,83.334,78.47
20,"F20_JPPL_A35_Q2",2017,2,50.064,50.044,50.053,34.246
20,"F20_JPPL_A35_Q2",2018,2,24.745,24.753,24.751,20.094
20,"F20_JPPL_A35_Q2",2019,2,8.05,8.045,8.047,7.26
20,"F20_JPPL_A35_Q2",2020,2,22.463,22.472,22.468,21.356
20,"F20_JPPL_A35_Q2",2021,2,3.616,3.617,3.617,3.425
20,"F20_JPPL_A35_Q2",2022,2,2.577,2.576,2.576,2.632
20,"F20_JPPL_A35_Q2",2023,2,56.84,56.859,56.849,32.907
20,"F20_JPPL_A35_Q2",2024,2,12.611,12.67,12.649,10.626
21,"F21_JPPL_A35_Q3",1994,3,12.243,12.257,12.252,12.136
21,"F21_JPPL_A35_Q3",1995,3,24.676,24.593,24.626,14.708
21,"F21_JPPL_A35_Q3",1996,3,23.77,23.776,23.774,23.846
21,"F21_JPPL_A35_Q3",1997,3,24.177,24.159,24.165,23.616
21,"F21_JPPL_A35_Q3",1998,3,11.351,11.359,11.356,13.735
21,"F21_JPPL_A35_Q3",1999,3,40.593,40.623,40.607,50.513
21,"F21_JPPL_A35_Q3",2000,3,4.374,4.373,4.374,5.222
21,"F21_JPPL_A35_Q3",2001,3,45.016,44.894,44.94,22.182
21,"F21_JPPL_A35_Q3",2002,3,9.482,9.48,9.481,12.603
21,"F21_JPPL_A35_Q3",2003,3,30.576,30.588,30.582,23.191
21,"F21_JPPL_A35_Q3",2004,3,7.827,7.826,7.827,6.021
21,"F21_JPPL_A35_Q3",2005,3,7.158,7.156,7.157,11.765
21,"F21_JPPL_A35_Q3",2006,3,5.658,5.659,5.658,7.438
21,"F21_JPPL_A35_Q3",2007,3,17.731,17.73,17.728,13.471
21,"F21_JPPL_A35_Q3",2008,3,19.862,19.879,19.872,24.286
21,"F21_JPPL_A35_Q3",2009,3,15.544,15.555,15.55,24.7
21,"F21_JPPL_A35_Q3",2010,3,4.75,4.754,4.753,6.141
21,"F21_JPPL_A35_Q3",2011,3,6.949,6.948,6.948,5.576
21,"F21_JPPL_A35_Q3",2012,3,21.642,21.601,21.614,18.095
21,"F21_JPPL_A35_Q3",2013,3,3.771,3.769,3.77,3.764
21,"F21_JPPL_A35_Q3",2014,3,73.85,73.797,73.807,35.311
21,"F21_JPPL_A35_Q3",2015,3,15.878,15.881,15.879,11.231
21,"F21_JPPL_A35_Q3",2016,3,15.176,15.162,15.165,15.359
21,"F21_JPPL_A35_Q3",2017,3,21.105,21.11,21.109,9.725
21,"F21_JPPL_A35_Q3",2018,3,9.844,9.853,9.849,7.688
21,"F21_JPPL_A35_Q3",2019,3,8.485,8.484,8.484,6.181
21,"F21_JPPL_A35_Q3",2021,3,10.505,10.554,10.535,8.885
21,"F21_JPPL_A35_Q3",2023,3,8.357,8.32,8.332,6.076
21,"F21_JPPL_A35_Q3",2024,3,22.494,22.245,22.338,16.799
22,"F22_JPPL_A35_Q4",1994,4,7.665,7.673,7.67,7.701
22,"F22_JPPL_A35_Q4",1995,4,14.14,14.123,14.13,10.745
22,"F22_JPPL_A35_Q4",1997,4,4.858,4.858,4.858,5.777
22,"F22_JPPL_A35_Q4",2002,4,8.78,8.778,8.779,11.962
22,"F22_JPPL_A35_Q4",2003,4,38.113,38.098,38.101,28.758
22,"F22_JPPL_A35_Q4",2005,4,8.207,8.206,8.206,7.176
22,"F22_JPPL_A35_Q4",2009,4,4.506,4.506,4.506,4.4
22,"F22_JPPL_A35_Q4",2019,4,6.357,6.292,6.317,16.315
22,"F22_JPPL_A35_Q4",2020,4,1.184,1.185,1.185,1.148
23,"F23_JPPL_A24",1994,2,8.88,8.893,8.889,6.988
23,"F23_JPPL_A24",1996,2,9.6,9.577,9.586,8.554
23,"F23_JPPL_A24",1997,2,7.307,7.293,7.299,6.082
23,"F23_JPPL_A24",2002,1,13.542,13.534,13.536,16.749
23,"F23_JPPL_A24",2002,2,6.325,6.323,6.324,5.336
23,"F23_JPPL_A24",2002,4,11.494,11.486,11.488,9.724
23,"F23_JPPL_A24",2003,1,18.465,18.455,18.457,14.474
23,"F23_JPPL_A24",2003,2,12.993,12.999,12.998,17.32
23,"F23_JPPL_A24",2003,4,13.811,13.811,13.811,13.597
23,"F23_JPPL_A24",2004,1,80.397,80.453,80.44,144.792
23,"F23_JPPL_A24",2004,2,21.737,21.732,21.735,20.038
23,"F23_JPPL_A24",2005,1,3.681,3.682,3.682,3.657
23,"F23_JPPL_A24",2005,2,3.911,3.912,3.912,3.91
23,"F23_JPPL_A24",2006,2,14.615,14.608,14.611,14.806
23,"F23_JPPL_A24",2007,2,5.21,5.211,5.211,5.639
23,"F23_JPPL_A24",2009,2,12.224,12.222,12.223,9.953
23,"F23_JPPL_A24",2010,2,10.217,10.213,10.214,10.123
23,"F23_JPPL_A24",2011,2,17.076,17.064,17.069,15.462
23,"F23_JPPL_A24",2011,3,7.329,7.332,7.331,6.538
23,"F23_JPPL_A24",2013,2,5.942,5.935,5.937,5.783
23,"F23_JPPL_A24",2015,2,8.906,8.908,8.908,8.889
23,"F23_JPPL_A24",2015,3,11.27,11.246,11.255,11.338
23,"F23_JPPL_A24",2015,4,7.508,7.499,7.502,7.453
23,"F23_JPPL_A24",2017,2,11.937,11.933,11.935,13.549
23,"F23_JPPL_A24",2021,2,10.33,10.324,10.326,8.787
24,"F24_USLL_A35",1994,4,19.037,19.096,19.075,14.88
24,"F24_USLL_A35",1995,1,27.676,27.773,27.735,30.22
24,"F24_USLL_A35",1995,2,24.565,24.66,24.623,24.599
24,"F24_USLL_A35",1996,3,11.317,11.29,11.301,9.321
24,"F24_USLL_A35",1996,4,38.657,38.502,38.566,27.869
24,"F24_USLL_A35",1997,1,17.127,17.089,17.104,13.668
24,"F24_USLL_A35",1997,2,11.595,11.579,11.585,9.787
24,"F24_USLL_A35",1997,4,63.381,63.461,63.424,62.214
24,"F24_USLL_A35",1998,1,10.162,10.168,10.165,9.662
24,"F24_USLL_A35",1998,3,18.517,18.509,18.512,20.049
24,"F24_USLL_A35",1998,4,67.368,67.338,67.348,59.588
24,"F24_USLL_A35",1999,1,57.349,57.33,57.334,44.946
24,"F24_USLL_A35",1999,2,10.013,10.011,10.012,10.395
24,"F24_USLL_A35",1999,4,53.716,53.769,53.742,60.997
24,"F24_USLL_A35",2000,1,91.306,91.225,91.245,98.743
24,"F24_USLL_A35",2000,2,11.424,11.421,11.422,11.199
24,"F24_USLL_A35",2000,4,76.085,76.172,76.141,59.732
24,"F24_USLL_A35",2001,1,38.045,38.1,38.08,33.057
24,"F24_USLL_A35",2004,4,59.358,59.411,59.389,61.712
24,"F24_USLL_A35",2005,1,17.702,17.72,17.713,16.95
24,"F24_USLL_A35",2005,2,11.26,11.255,11.257,11.67
24,"F24_USLL_A35",2005,4,50.15,50.171,50.162,58.362
24,"F24_USLL_A35",2006,1,145.451,145.65,145.573,145.329
24,"F24_USLL_A35",2007,1,99.993,100.08,100.048,93.666
24,"F24_USLL_A35",2007,4,34.846,34.851,34.849,41.783
24,"F24_USLL_A35",2008,1,79.435,79.416,79.427,109.279
24,"F24_USLL_A35",2008,2,8.878,8.874,8.875,9.31
24,"F24_USLL_A35",2008,4,101.071,101.192,101.154,71.772
24,"F24_USLL_A35",2009,1,42.536,42.577,42.563,31.561
24,"F24_USLL_A35",2009,2,9.216,9.218,9.218,8.832
24,"F24_USLL_A35",2009,3,10.448,10.448,10.448,11.35
24,"F24_USLL_A35",2009,4,20.31,20.307,20.308,21.506
24,"F24_USLL_A35",2010,1,91.908,91.843,91.862,99.3
24,"F24_USLL_A35",2010,2,5.266,5.266,5.266,5.261
24,"F24_USLL_A35",2010,3,13.184,13.19,13.187,12.173
24,"F24_USLL_A35",2010,4,50.21,50.193,50.201,60.321
24,"F24_USLL_A35",2011,1,57.526,57.463,57.489,80.268
24,"F24_USLL_A35",2011,2,5.565,5.566,5.566,5.504
24,"F24_USLL_A35",2011,4,61.614,61.499,61.546,59.318
24,"F24_USLL_A35",2012,1,278.176,277.883,278.012,319.872
24,"F24_USLL_A35",2012,2,4.481,4.48,4.48,4.561
24,"F24_USLL_A35",2012,3,29.916,29.824,29.858,27.895
24,"F24_USLL_A35",2012,4,28.074,28.045,28.055,26.653
24,"F24_USLL_A35",2013,1,9.275,9.296,9.288,8.779
24,"F24_USLL_A35",2013,2,11.242,11.211,11.222,10.895
24,"F24_USLL_A35",2013,4,28.863,28.896,28.885,30.376
24,"F24_USLL_A35",2014,1,79.976,80.379,80.23,110.655
24,"F24_USLL_A35",2014,2,9.227,9.208,9.215,9.09
24,"F24_USLL_A35",2014,4,10.795,10.797,10.796,10.468
24,"F24_USLL_A35",2015,1,32.541,32.566,32.556,32.612
24,"F24_USLL_A35",2015,2,3.865,3.861,3.863,3.797
24,"F24_USLL_A35",2015,3,8.64,8.628,8.632,8.394
24,"F24_USLL_A35",2016,1,16.42,16.418,16.419,16.292
24,"F24_USLL_A35",2016,3,8.064,8.054,8.057,7.854
24,"F24_USLL_A35",2016,4,12.148,12.133,12.138,11.703
24,"F24_USLL_A35",2017,1,27.484,27.44,27.457,26.026
24,"F24_USLL_A35",2017,4,17.539,17.516,17.525,18.61
24,"F24_USLL_A35",2018,1,27.396,27.379,27.385,25.945
24,"F24_USLL_A35",2019,1,8.176,8.174,8.174,8.638
24,"F24_USLL_A35",2020,1,31.879,31.841,31.851,30.39
24,"F24_USLL_A35",2020,3,16.788,16.782,16.784,18.402
24,"F24_USLL_A35",2020,4,4.847,4.845,4.846,4.752
24,"F24_USLL_A35",2021,1,25.609,25.593,25.599,27.829
24,"F24_USLL_A35",2021,2,23.163,23.164,23.164,26.475
24,"F24_USLL_A35",2021,4,39.361,39.226,39.275,38.587
24,"F24_USLL_A35",2022,1,15.607,15.592,15.598,18.288
24,"F24_USLL_A35",2022,4,31.893,31.746,31.799,39.202
24,"F24_USLL_A35",2023,1,28.09,28.213,28.167,29.32
24,"F24_USLL_A35",2023,2,59.293,59.135,59.195,39.641
24,"F24_USLL_A35",2023,4,7.593,7.604,7.6,7.043
24,"F24_USLL_A35",2024,1,46.229,46.194,46.21,40.091
24,"F24_USLL_A35",2024,4,27.912,28.096,28.027,28.631
25,"F25_USLL_A24",1994,1,33.977,33.999,33.999,32.397
25,"F25_USLL_A24",1994,2,10.701,10.588,10.632,8.445
25,"F25_USLL_A24",1994,3,54.348,52.972,53.495,30.976
25,"F25_USLL_A24",1994,4,34.154,34.705,34.495,47.559
25,"F25_USLL_A24",1995,1,91.832,91.24,91.482,85.885
25,"F25_USLL_A24",1995,2,76.875,77.075,77.006,72.955
25,"F25_USLL_A24",1995,3,39.022,39.359,39.232,42.439
25,"F25_USLL_A24",1995,4,22.688,22.824,22.773,25.551
25,"F25_USLL_A24",1996,1,124.971,125.814,125.514,96.551
25,"F25_USLL_A24",1996,2,76.555,77.03,76.861,67.22
25,"F25_USLL_A24",1996,3,49.4,49.696,49.588,49.999
25,"F25_USLL_A24",1996,4,154.882,156.162,155.662,192.898
25,"F25_USLL_A24",1997,1,129.872,130.72,130.429,141.357
25,"F25_USLL_A24",1997,2,45.478,45.716,45.631,53.409
25,"F25_USLL_A24",1997,3,6.748,6.756,6.753,7.148
25,"F25_USLL_A24",1997,4,24.556,24.625,24.6,25.742
25,"F25_USLL_A24",1998,1,53.339,53.53,53.462,63.308
25,"F25_USLL_A24",1998,2,20.289,20.339,20.321,22.375
25,"F25_USLL_A24",1998,3,36.198,36.335,36.285,46.223
25,"F25_USLL_A24",1998,4,39.253,39.311,39.286,53.536
25,"F25_USLL_A24",1999,1,46.844,46.868,46.853,66.843
25,"F25_USLL_A24",1999,2,21.372,21.421,21.404,20.315
25,"F25_USLL_A24",1999,3,62.201,62.294,62.263,55.308
25,"F25_USLL_A24",1999,4,28.529,28.502,28.508,36.19
25,"F25_USLL_A24",2000,1,30.949,30.944,30.943,37.121
25,"F25_USLL_A24",2000,2,35.004,35.017,35.013,34.38
25,"F25_USLL_A24",2000,4,172.61,172.939,172.831,129.44
25,"F25_USLL_A24",2001,2,40.922,40.946,40.935,37.694
25,"F25_USLL_A24",2001,3,235.62,235.67,235.635,236.903
25,"F25_USLL_A24",2001,4,75.78,75.726,75.749,80.106
25,"F25_USLL_A24",2002,1,125.29,125.413,125.347,133.69
25,"F25_USLL_A24",2002,2,50.575,50.636,50.606,56.95
25,"F25_USLL_A24",2002,3,92.648,92.762,92.707,81.104
25,"F25_USLL_A24",2002,4,93.9,93.697,93.776,62.346
25,"F25_USLL_A24",2003,1,60.736,60.841,60.793,74.143
25,"F25_USLL_A24",2003,2,86.113,86.253,86.186,111.177
25,"F25_USLL_A24",2003,3,48.068,48.02,48.039,38.205
25,"F25_USLL_A24",2003,4,15.81,15.808,15.809,16.308
25,"F25_USLL_A24",2004,1,407.563,408.967,408.383,387.107
25,"F25_USLL_A24",2004,2,114.91,115.029,114.982,193.202
25,"F25_USLL_A24",2004,3,11.115,11.117,11.116,14.293
25,"F25_USLL_A24",2004,4,8.315,8.315,8.315,10.313
25,"F25_USLL_A24",2005,1,29.4,29.406,29.404,40.02
25,"F25_USLL_A24",2005,2,33.331,33.329,33.331,49.013
25,"F25_USLL_A24",2005,3,45.935,45.923,45.927,65.411
25,"F25_USLL_A24",2005,4,21.663,21.655,21.657,22.389
25,"F25_USLL_A24",2006,1,82.594,82.52,82.544,88.629
25,"F25_USLL_A24",2006,2,131.499,131.467,131.487,184.271
25,"F25_USLL_A24",2006,3,84.613,84.557,84.576,92.82
25,"F25_USLL_A24",2006,4,17.547,17.541,17.542,16.565
25,"F25_USLL_A24",2007,1,74.972,74.996,74.99,81.996
25,"F25_USLL_A24",2007,2,57.498,57.545,57.528,60.34
25,"F25_USLL_A24",2007,3,114.224,114.039,114.09,99.637
25,"F25_USLL_A24",2007,4,159.716,159.37,159.466,140.974
25,"F25_USLL_A24",2008,1,61.148,61.248,61.219,63.4
25,"F25_USLL_A24",2008,2,101.094,101.252,101.206,86.024
25,"F25_USLL_A24",2008,3,11.639,11.64,11.64,10.723
25,"F25_USLL_A24",2008,4,27.41,27.383,27.392,37.694
25,"F25_USLL_A24",2009,1,28.967,28.947,28.955,38.75
25,"F25_USLL_A24",2009,2,70.192,70.132,70.152,96.123
25,"F25_USLL_A24",2009,4,15.698,15.694,15.696,16.12
25,"F25_USLL_A24",2010,1,49.836,49.756,49.79,77.642
25,"F25_USLL_A24",2010,2,121.997,122.165,122.087,139.459
25,"F25_USLL_A24",2010,4,71.518,71.389,71.445,61.388
25,"F25_USLL_A24",2011,1,122.481,122.326,122.382,91.72
25,"F25_USLL_A24",2011,2,114.514,114.719,114.621,147.561
25,"F25_USLL_A24",2011,3,32.258,32.211,32.228,28.209
25,"F25_USLL_A24",2011,4,24.171,24.128,24.144,20.404
25,"F25_USLL_A24",2012,1,107.889,107.638,107.721,92.947
25,"F25_USLL_A24",2012,2,99.814,99.54,99.652,81.53
25,"F25_USLL_A24",2012,3,25.63,25.576,25.596,24.869
25,"F25_USLL_A24",2012,4,49.473,49.301,49.366,47.798
25,"F25_USLL_A24",2013,1,140.941,140.12,140.436,144.055
25,"F25_USLL_A24",2013,2,107.209,107.586,107.438,98.988
25,"F25_USLL_A24",2013,3,23.536,23.518,23.525,23.372
25,"F25_USLL_A24",2013,4,53.037,52.902,52.955,54.767
25,"F25_USLL_A24",2014,1,49.432,49.511,49.481,46.084
25,"F25_USLL_A24",2014,2,117.059,116.805,116.902,121.926
25,"F25_USLL_A24",2014,3,37.404,37.38,37.389,38.066
25,"F25_USLL_A24",2014,4,18.108,18.104,18.105,18.35
25,"F25_USLL_A24",2015,1,97.462,97.559,97.524,95.115
25,"F25_USLL_A24",2015,2,186.301,186.75,186.588,194.609
25,"F25_USLL_A24",2015,3,23.789,23.803,23.798,25.14
25,"F25_USLL_A24",2015,4,47.322,47.37,47.351,46.078
25,"F25_USLL_A24",2016,1,153.271,153.821,153.605,128.17
25,"F25_USLL_A24",2016,2,297.981,297.487,297.645,248.371
25,"F25_USLL_A24",2016,3,143.556,143.149,143.303,147.385
25,"F25_USLL_A24",2016,4,9.199,9.205,9.203,8.849
25,"F25_USLL_A24",2017,1,34.844,34.894,34.875,32.612
25,"F25_USLL_A24",2017,2,22.416,22.449,22.436,21.471
25,"F25_USLL_A24",2017,3,17.849,17.834,17.84,17.705
25,"F25_USLL_A24",2018,1,18.201,18.178,18.186,18.797
25,"F25_USLL_A24",2018,2,28.932,28.935,28.933,30.4
25,"F25_USLL_A24",2018,3,26.251,26.279,26.267,26.668
25,"F25_USLL_A24",2018,4,35.199,35.152,35.169,37.879
25,"F25_USLL_A24",2019,1,17.984,17.984,17.984,19.121
25,"F25_USLL_A24",2019,2,15.139,15.149,15.145,15.794
25,"F25_USLL_A24",2019,3,25.48,25.445,25.459,25.427
25,"F25_USLL_A24",2019,4,14.591,14.577,14.582,14.377
25,"F25_USLL_A24",2020,1,26.704,26.728,26.719,27.888
25,"F25_USLL_A24",2020,3,34.04,33.994,34.012,31.626
25,"F25_USLL_A24",2020,4,6.558,6.556,6.557,6.631
25,"F25_USLL_A24",2021,1,29.206,29.197,29.202,31.498
25,"F25_USLL_A24",2021,3,27.059,27.075,27.073,35.633
25,"F25_USLL_A24",2021,4,31.764,31.794,31.789,47.17
25,"F25_USLL_A24",2022,1,50.789,50.846,50.836,79.728
25,"F25_USLL_A24",2022,2,35.064,35.036,35.044,24.921
25,"F25_USLL_A24",2022,3,82.216,82.302,82.282,130.915
25,"F25_USLL_A24",2022,4,50.24,50.292,50.275,91.061
25,"F25_USLL_A24",2023,1,36.536,36.54,36.531,41.482
25,"F25_USLL_A24",2023,2,24.953,24.957,24.954,28.847
25,"F25_USLL_A24",2023,3,39.902,39.831,39.858,31.477
25,"F25_USLL_A24",2023,4,29.472,29.44,29.446,32.829
25,"F25_USLL_A24",2024,2,29.302,29.256,29.27,34.821
25,"F25_USLL_A24",2024,3,26.226,26.189,26.2,29.646
25,"F25_USLL_A24",2024,4,29.702,29.659,29.672,34.971
26,"F26_TWLL_A35",2003,1,20.555,20.557,20.555,16.54
26,"F26_TWLL_A35",2003,3,3.297,3.297,3.297,3.283
26,"F26_TWLL_A35",2003,4,18.451,18.44,18.443,15.463
26,"F26_TWLL_A35",2004,1,87.395,87.513,87.465,54.492
26,"F26_TWLL_A35",2004,3,57.6,57.619,57.603,40.242
26,"F26_TWLL_A35",2004,4,103.024,102.889,102.954,197.059
26,"F26_TWLL_A35",2005,1,65.526,65.452,65.487,94.637
26,"F26_TWLL_A35",2005,3,6.662,6.664,6.663,6.391
26,"F26_TWLL_A35",2005,4,94.529,94.437,94.485,167.507
26,"F26_TWLL_A35",2006,1,49.569,49.572,49.579,89.461
26,"F26_TWLL_A35",2006,2,117.746,117.821,117.818,232.68
26,"F26_TWLL_A35",2006,3,11.73,11.734,11.732,12.195
26,"F26_TWLL_A35",2006,4,76.698,76.713,76.705,106.195
26,"F26_TWLL_A35",2007,1,209.565,209.893,209.783,315.863
26,"F26_TWLL_A35",2007,2,27.694,27.711,27.704,26.17
26,"F26_TWLL_A35",2007,4,110.477,110.555,110.547,152.142
26,"F26_TWLL_A35",2008,1,82.049,82.028,82.055,100.773
26,"F26_TWLL_A35",2008,2,48.507,48.489,48.506,69.698
26,"F26_TWLL_A35",2008,3,13.799,13.794,13.797,17.296
26,"F26_TWLL_A35",2008,4,31.669,31.662,31.661,37.599
26,"F26_TWLL_A35",2009,1,127.36,127.267,127.318,255.771
26,"F26_TWLL_A35",2009,4,14.827,14.835,14.831,13.231
26,"F26_TWLL_A35",2010,1,96.198,96.185,96.18,96.386
26,"F26_TWLL_A35",2010,2,15.771,15.762,15.766,17.313
26,"F26_TWLL_A35",2010,3,23.058,23.077,23.068,18.703
26,"F26_TWLL_A35",2010,4,36.611,36.637,36.624,32.555
26,"F26_TWLL_A35",2011,1,48.904,48.882,48.891,57.117
26,"F26_TWLL_A35",2011,2,4.266,4.265,4.265,4.46
26,"F26_TWLL_A35",2011,3,23.38,23.353,23.365,31.068
26,"F26_TWLL_A35",2011,4,28.764,28.738,28.747,35.624
26,"F26_TWLL_A35",2012,1,88.612,88.809,88.724,99.993
26,"F26_TWLL_A35",2012,4,52.54,52.331,52.408,45.014
26,"F26_TWLL_A35",2013,1,74.648,74.2,74.359,62.644
26,"F26_TWLL_A35",2013,4,62.517,62.162,62.292,69.829
26,"F26_TWLL_A35",2014,1,83.518,83.139,83.285,122.877
26,"F26_TWLL_A35",2014,4,35.785,35.646,35.697,29.664
26,"F26_TWLL_A35",2015,1,23.278,23.35,23.325,25.885
26,"F26_TWLL_A35",2015,4,25.756,25.681,25.706,19.588
26,"F26_TWLL_A35",2016,1,27.11,27.131,27.121,25.038
26,"F26_TWLL_A35",2016,2,6.897,6.899,6.898,7.141
26,"F26_TWLL_A35",2016,4,22.38,22.352,22.363,22.305
26,"F26_TWLL_A35",2017,1,35.73,35.787,35.765,31.616
26,"F26_TWLL_A35",2017,4,45.524,45.395,45.444,44.993
26,"F26_TWLL_A35",2018,1,107.03,107.443,107.308,118.008
26,"F26_TWLL_A35",2018,4,68.361,68.315,68.334,82.585
26,"F26_TWLL_A35",2019,1,182.689,182.624,182.653,203.152
26,"F26_TWLL_A35",2019,4,196.068,195.933,195.995,148.229
26,"F26_TWLL_A35",2020,1,38.505,38.534,38.521,61.37
26,"F26_TWLL_A35",2020,2,5.646,5.648,5.647,5.58
26,"F26_TWLL_A35",2020,4,367.228,367.434,367.427,347.92
26,"F26_TWLL_A35",2021,1,43.05,43.006,43.016,29.264
26,"F26_TWLL_A35",2021,2,35.3,35.289,35.294,43.43
26,"F26_TWLL_A35",2021,3,5.72,5.724,5.723,5.773
26,"F26_TWLL_A35",2021,4,54.911,54.967,54.949,53.115
26,"F26_TWLL_A35",2022,1,43.264,43.292,43.285,50.952
26,"F26_TWLL_A35",2022,2,70.104,69.716,69.86,72.766
26,"F26_TWLL_A35",2022,4,47.403,47.147,47.242,28.308
26,"F26_TWLL_A35",2023,1,29.021,28.903,28.946,30.276
26,"F26_TWLL_A35",2023,2,3.181,3.177,3.179,3.552
26,"F26_TWLL_A35",2023,4,199.334,199.53,199.53,158.568
26,"F26_TWLL_A35",2024,1,132.849,130.662,131.492,273.52
26,"F26_TWLL_A35",2024,2,36.499,36.513,36.512,41.981
26,"F26_TWLL_A35",2024,3,29.116,29.216,29.175,22.477
26,"F26_TWLL_A35",2024,4,100.849,99.435,99.987,121.306
29,"F29_CNLL_A35",2013,3,307.993,305.694,306.095,427.593
29,"F29_CNLL_A35",2014,3,29.009,29.093,29.076,30.488
29,"F29_CNLL_A35",2017,3,11.063,11.029,11.036,11.972
29,"F29_CNLL_A35",2018,3,11.148,11.113,11.12,11.585
29,"F29_CNLL_A35",2020,3,250.856,247.724,248.609,220.193
30,"F30_CNLL_A24",1997,3,32.219,32.22,32.222,24.35
30,"F30_CNLL_A24",1998,3,7.067,7.069,7.068,6.873
30,"F30_CNLL_A24",1999,3,16.021,16.025,16.024,15.056
30,"F30_CNLL_A24",2000,3,8.094,8.097,8.096,8.085
30,"F30_CNLL_A24",2004,3,26.998,27.007,27.004,23.166
30,"F30_CNLL_A24",2005,3,8.276,8.28,8.278,8.225
30,"F30_CNLL_A24",2006,3,34.857,34.839,34.849,24.696
30,"F30_CNLL_A24",2007,3,11.738,11.743,11.741,12.022
30,"F30_CNLL_A24",2008,3,6.988,6.99,6.989,6.802
30,"F30_CNLL_A24",2009,3,11.035,11.038,11.037,10.367
30,"F30_CNLL_A24",2010,3,8.395,8.397,8.396,8.062
30,"F30_CNLL_A24",2011,3,9.643,9.647,9.645,9.328
30,"F30_CNLL_A24",2012,3,8.34,8.343,8.342,8.258
30,"F30_CNLL_A24",2013,3,6.046,6.047,6.047,5.96
30,"F30_CNLL_A24",2014,3,25.554,25.568,25.561,33.623
30,"F30_CNLL_A24",2016,3,4.455,4.455,4.455,4.453
30,"F30_CNLL_A24",2017,3,9.583,9.586,9.585,9.271
30,"F30_CNLL_A24",2018,3,11.277,11.28,11.279,10.91
30,"F30_CNLL_A24",2019,3,5.519,5.52,5.519,5.525
30,"F30_CNLL_A24",2020,3,21.014,21.031,21.024,21.025
30,"F30_CNLL_A24",2021,3,11.354,11.358,11.357,10.33
30,"F30_CNLL_A24",2022,3,99.855,99.952,99.913,95.723
30,"F30_CNLL_A24",2023,3,4.268,4.268,4.268,4.269
30,"F30_CNLL_A24",2024,3,17.483,17.478,17.481,13.668
31,"F31_VULL_mt",2000,3,50.07,50.13,50.102,46.682
31,"F31_VULL_mt",2014,3,47.347,47.409,47.382,42.065
31,"F31_VULL_mt",2015,3,5.488,5.491,5.489,4.644
31,"F31_VULL_mt",2023,3,20.355,20.35,20.353,29.067
31,"F31_VULL_mt",2024,3,43.22,43.293,43.258,32.104
34,"F34_EPOSF_xx24",1995,3,67.426,67.262,67.325,45.396
34,"F34_EPOSF_xx24",1996,2,56.572,56.437,56.489,143.45
34,"F34_EPOSF_xx24",1996,3,35.661,35.627,35.639,29.922
34,"F34_EPOSF_xx24",1996,4,67.691,67.682,67.684,74.86
34,"F34_EPOSF_xx24",1997,2,44.26,44.129,44.178,29.863
34,"F34_EPOSF_xx24",1997,3,86.067,85.696,85.833,70.179
34,"F34_EPOSF_xx24",1997,4,15.503,15.494,15.497,16.356
34,"F34_EPOSF_xx24",1998,3,122.996,122.395,122.591,76.428
34,"F34_EPOSF_xx24",1998,4,20.556,20.531,20.538,18.161
34,"F34_EPOSF_xx24",1999,2,41.689,41.655,41.667,31.668
34,"F34_EPOSF_xx24",1999,3,27.667,27.625,27.639,28.132
34,"F34_EPOSF_xx24",2000,2,19.477,19.494,19.486,18.762
34,"F34_EPOSF_xx24",2000,3,210.608,210.323,210.475,85.444
34,"F34_EPOSF_xx24",2001,2,38.695,38.64,38.661,73.872
34,"F34_EPOSF_xx24",2001,3,78.194,78.258,78.232,48.522
34,"F34_EPOSF_xx24",2002,3,21.665,21.66,21.662,18.918
34,"F34_EPOSF_xx24",2003,3,289.222,289.54,289.397,114.908
34,"F34_EPOSF_xx24",2004,2,21.924,21.926,21.925,47.42
34,"F34_EPOSF_xx24",2004,3,66.612,66.652,66.635,222.032
34,"F34_EPOSF_xx24",2004,4,111.105,111.141,111.129,99.054
34,"F34_EPOSF_xx24",2005,2,118.417,118.346,118.373,72.19
34,"F34_EPOSF_xx24",2005,3,208.676,208.592,208.636,120.989
34,"F34_EPOSF_xx24",2005,4,12.997,12.999,12.999,12.335
34,"F34_EPOSF_xx24",2006,3,55.055,55.058,55.057,106.157
34,"F34_EPOSF_xx24",2006,4,58.514,58.523,58.519,44.265
34,"F34_EPOSF_xx24",2007,2,13.602,13.6,13.6,11.976
34,"F34_EPOSF_xx24",2007,3,41.701,41.703,41.702,30.796
34,"F34_EPOSF_xx24",2008,2,8.893,8.888,8.89,9.271
34,"F34_EPOSF_xx24",2008,3,357.822,358.414,358.171,245.47
34,"F34_EPOSF_xx24",2008,4,15.972,15.983,15.979,16.105
34,"F34_EPOSF_xx24",2009,2,35.702,35.683,35.69,69.303
34,"F34_EPOSF_xx24",2009,3,144.429,144.351,144.378,128.894
34,"F34_EPOSF_xx24",2009,4,80.81,80.851,80.84,62.877
34,"F34_EPOSF_xx24",2010,2,16.757,16.76,16.758,17.281
34,"F34_EPOSF_xx24",2010,3,179.707,179.743,179.715,104.059
34,"F34_EPOSF_xx24",2010,4,52.41,52.41,52.41,55.148
34,"F34_EPOSF_xx24",2011,2,62.838,62.916,62.889,62.197
34,"F34_EPOSF_xx24",2011,3,293.874,292.621,293.07,309.377
34,"F34_EPOSF_xx24",2011,4,70.99,70.848,70.902,49.844
34,"F34_EPOSF_xx24",2012,2,88.812,88.833,88.826,139.174
34,"F34_EPOSF_xx24",2012,3,149.585,149.885,149.779,126.093
34,"F34_EPOSF_xx24",2012,4,103.537,103.499,103.514,51.427
34,"F34_EPOSF_xx24",2013,3,119.908,119.934,119.926,164.178
34,"F34_EPOSF_xx24",2013,4,37.488,37.499,37.495,34.824
34,"F34_EPOSF_xx24",2014,3,53.194,53.196,53.195,73.472
34,"F34_EPOSF_xx24",2014,4,30.184,30.197,30.193,26.699
34,"F34_EPOSF_xx24",2015,2,11.89,11.888,11.889,14.809
34,"F34_EPOSF_xx24",2015,3,43.675,43.678,43.677,65.037
34,"F34_EPOSF_xx24",2015,4,39.491,39.473,39.482,50.244
34,"F34_EPOSF_xx24",2016,2,13.525,13.525,13.525,15.147
34,"F34_EPOSF_xx24",2016,3,39.736,39.721,39.726,49.508
34,"F34_EPOSF_xx24",2016,4,29.597,29.571,29.581,27.3
34,"F34_EPOSF_xx24",2017,2,8.601,8.605,8.603,9.341
34,"F34_EPOSF_xx24",2017,3,24.304,24.324,24.317,29.424
34,"F34_EPOSF_xx24",2017,4,18.907,18.924,18.918,16.549
34,"F34_EPOSF_xx24",2018,2,10.751,10.751,10.751,14.71
34,"F34_EPOSF_xx24",2018,3,43.92,43.907,43.913,63.197
34,"F34_EPOSF_xx24",2019,2,16.782,16.783,16.783,44.227
34,"F34_EPOSF_xx24",2019,3,103.479,103.445,103.457,164.852
34,"F34_EPOSF_xx24",2019,4,46.439,46.357,46.388,59.658
34,"F34_EPOSF_xx24",2020,3,33.329,33.243,33.275,46.346
34,"F34_EPOSF_xx24",2020,4,34.992,35.23,35.14,20.964
34,"F34_EPOSF_xx24",2021,3,18.247,18.245,18.246,18.465
34,"F34_EPOSF_xx24",2021,4,7.56,7.548,7.553,18.669
34,"F34_EPOSF_xx24",2022,3,33.841,33.886,33.868,25.02
34,"F34_EPOSF_xx24",2022,4,23.821,23.817,23.818,20.363
34,"F34_EPOSF_xx24",2023,3,44.177,44.455,44.353,40.314
34,"F34_EPOSF_xx24",2024,3,277.871,279.35,278.862,618.432
34,"F34_EPOSF_xx24",2024,4,53.894,54.216,54.096,66.359
35,"F35_JPTWKR_DNMisc",2008,1,19.955,19.959,19.958,14.452
35,"F35_JPTWKR_DNMisc",2008,2,23.529,23.532,23.531,21.115
35,"F35_JPTWKR_DNMisc",2008,3,4.871,4.871,4.871,6.976
35,"F35_JPTWKR_DNMisc",2008,4,22.913,22.898,22.903,14.878
35,"F35_JPTWKR_DNMisc",2009,1,18.229,18.227,18.227,16.006
35,"F35_JPTWKR_DNMisc",2009,2,18.66,18.659,18.659,17.761
35,"F35_JPTWKR_DNMisc",2009,4,83.288,83.324,83.322,50.09
35,"F35_JPTWKR_DNMisc",2010,2,5.096,5.095,5.096,7.013
35,"F35_JPTWKR_DNMisc",2010,3,4.48,4.48,4.48,5.298
35,"F35_JPTWKR_DNMisc",2010,4,39.629,39.638,39.63,12.899
35,"F35_JPTWKR_DNMisc",2011,1,12.13,12.135,12.134,11.814
35,"F35_JPTWKR_DNMisc",2011,4,18.62,18.616,18.618,14.564
35,"F35_JPTWKR_DNMisc",2012,1,12.578,12.588,12.584,10.629
35,"F35_JPTWKR_DNMisc",2012,2,23.098,23.096,23.097,21.052
35,"F35_JPTWKR_DNMisc",2014,4,4.373,4.369,4.371,3.026
35,"F35_JPTWKR_DNMisc",2015,1,5.293,5.293,5.293,4.269
35,"F35_JPTWKR_DNMisc",2015,3,4.106,4.104,4.105,6.433
35,"F35_JPTWKR_DNMisc",2015,4,12.202,12.194,12.198,38.125
35,"F35_JPTWKR_DNMisc",2016,2,2.08,2.08,2.08,2.683
35,"F35_JPTWKR_DNMisc",2016,4,5.921,5.924,5.923,4.532
35,"F35_JPTWKR_DNMisc",2017,4,17.97,17.961,17.964,30.532
35,"F35_JPTWKR_DNMisc",2018,3,7.347,7.347,7.347,4.553
35,"F35_JPTWKR_DNMisc",2018,4,50.143,50.145,50.144,18.611
35,"F35_JPTWKR_DNMisc",2022,3,2.73,2.728,2.729,3.073
35,"F35_JPTWKR_DNMisc",2023,3,2.599,2.6,2.6,2.529
36,"S36_JPLL_idx_adult",1996,1,21.892,21.914,21.905,5.5
36,"S36_JPLL_idx_adult",1997,1,22.494,22.515,22.506,6.694
36,"S36_JPLL_idx_adult",1998,1,21.715,21.712,21.712,6.599
36,"S36_JPLL_idx_adult",1999,1,19.078,19.075,19.075,5.852
36,"S36_JPLL_idx_adult",2000,1,18.053,18.053,18.052,6.223
36,"S36_JPLL_idx_adult",2001,1,16.573,16.575,16.573,5.47
36,"S36_JPLL_idx_adult",2002,1,16.754,16.756,16.755,5.881
36,"S36_JPLL_idx_adult",2003,1,16.656,16.652,16.653,5.89
36,"S36_JPLL_idx_adult",2004,1,16.639,16.637,16.637,4.807
36,"S36_JPLL_idx_adult",2005,1,16.808,16.807,16.807,5.823
36,"S36_JPLL_idx_adult",2006,1,16.127,16.129,16.129,6.145
36,"S36_JPLL_idx_adult",2007,1,15.226,15.225,15.225,5.935
36,"S36_JPLL_idx_adult",2008,1,13.906,13.907,13.905,5.479
36,"S36_JPLL_idx_adult",2009,1,14.2,14.201,14.2,4.599
36,"S36_JPLL_idx_adult",2010,1,15.252,15.252,15.252,5.442
36,"S36_JPLL_idx_adult",2011,1,16.264,16.264,16.264,5.531
36,"S36_JPLL_idx_adult",2012,1,16.025,16.028,16.026,5.404
36,"S36_JPLL_idx_adult",2013,1,15.874,15.872,15.871,5.417
36,"S36_JPLL_idx_adult",2014,1,15.551,15.538,15.541,5.174
36,"S36_JPLL_idx_adult",2015,1,15.259,15.247,15.251,5.064
36,"S36_JPLL_idx_adult",2016,1,15.578,15.575,15.576,5.171
36,"S36_JPLL_idx_adult",2017,1,17.013,17.012,17.012,5.834
36,"S36_JPLL_idx_adult",2018,1,18.052,18.051,18.051,6.01
36,"S36_JPLL_idx_adult",2019,1,19.293,19.293,19.293,6.414
36,"S36_JPLL_idx_adult",2020,1,17.821,17.821,17.818,6.585
36,"S36_JPLL_idx_adult",2021,1,13.563,13.565,13.562,5.345
36,"S36_JPLL_idx_adult",2022,1,16.12,16.124,16.121,4.802
36,"S36_JPLL_idx_adult",2023,1,19.621,19.627,19.624,6.296
36,"S36_JPLL_idx_adult",2024,1,19.662,19.706,19.688,6.508
