"Fleet","Fleet_Name","Yr","Seas","base2026","F10 and S34","F10 and S37","S36 only"
1,"F1_JPLL_A13_Q1_wt",1994,1,25.28,25.759,24.991,25.678
1,"F1_JPLL_A13_Q1_wt",1995,1,4.287,4.309,4.283,4.446
1,"F1_JPLL_A13_Q1_wt",1996,1,14.989,14.877,15.039,15.13
1,"F1_JPLL_A13_Q1_wt",1997,1,52.157,52.245,52.246,54.428
1,"F1_JPLL_A13_Q1_wt",1998,1,102.617,102.397,102.56,106.865
1,"F1_JPLL_A13_Q1_wt",1999,1,16.449,16.374,16.399,16.867
1,"F1_JPLL_A13_Q1_wt",2000,1,222.49,211.652,219.714,216.005
1,"F1_JPLL_A13_Q1_wt",2001,1,126.658,116.121,127.25,124.043
1,"F1_JPLL_A13_Q1_wt",2002,1,307.196,290.435,318.269,305.171
1,"F1_JPLL_A13_Q1_wt",2003,1,162.194,166.344,160.767,159.805
1,"F1_JPLL_A13_Q1_wt",2004,1,80.503,80.968,79.723,80.098
1,"F1_JPLL_A13_Q1_wt",2005,1,82.492,83.021,81.902,82.736
1,"F1_JPLL_A13_Q1_wt",2006,1,250.767,231.173,258.031,251.022
1,"F1_JPLL_A13_Q1_wt",2007,1,264.592,258.189,265.014,265.064
1,"F1_JPLL_A13_Q1_wt",2008,1,107.571,107.354,106.646,108.267
1,"F1_JPLL_A13_Q1_wt",2009,1,499.895,485.903,497.333,507.844
1,"F1_JPLL_A13_Q1_wt",2010,1,395.973,391.557,414.785,395.891
1,"F1_JPLL_A13_Q1_wt",2011,1,448.302,468.781,474.381,457.005
1,"F1_JPLL_A13_Q1_wt",2012,1,257.735,253.439,257.011,256.962
1,"F1_JPLL_A13_Q1_wt",2013,1,202.924,209.328,209.797,202.903
1,"F1_JPLL_A13_Q1_wt",2014,1,53.868,54.396,53.73,53.747
1,"F1_JPLL_A13_Q1_wt",2015,1,217.624,225.778,219.308,218.385
1,"F1_JPLL_A13_Q1_wt",2016,1,200.948,197.335,202.415,199.537
1,"F1_JPLL_A13_Q1_wt",2017,1,195.333,201.907,199.317,196.181
1,"F1_JPLL_A13_Q1_wt",2018,1,91.714,92.019,91.184,90.957
1,"F1_JPLL_A13_Q1_wt",2019,1,70.26,70.646,69.262,71.174
1,"F1_JPLL_A13_Q1_wt",2020,1,176.215,177.031,161.29,162.606
1,"F1_JPLL_A13_Q1_wt",2021,1,64.338,63.496,63.709,64.178
1,"F1_JPLL_A13_Q1_wt",2022,1,41.306,41.25,40.9,40.65
1,"F1_JPLL_A13_Q1_wt",2023,1,360.635,367.087,354.659,348.587
1,"F1_JPLL_A13_Q1_wt",2024,1,43.402,43.593,44.175,43.448
2,"F2_JPLL_A13_Q2_wt",1996,2,12.227,12.212,12.225,12.997
2,"F2_JPLL_A13_Q2_wt",1997,2,54.674,54.835,54.59,51.849
2,"F2_JPLL_A13_Q2_wt",2000,2,7.87,7.864,7.861,7.791
2,"F2_JPLL_A13_Q2_wt",2001,2,61.528,49.615,60.949,62.806
2,"F2_JPLL_A13_Q2_wt",2002,2,27.537,27.402,27.826,26.659
2,"F2_JPLL_A13_Q2_wt",2003,2,52.742,50.916,52.904,52.44
2,"F2_JPLL_A13_Q2_wt",2004,2,24.405,24.641,24.261,24.067
2,"F2_JPLL_A13_Q2_wt",2005,2,28.877,29.279,28.56,28.494
2,"F2_JPLL_A13_Q2_wt",2006,2,88.302,71.321,93.636,88.671
2,"F2_JPLL_A13_Q2_wt",2007,2,251.599,206.165,264.537,251.167
2,"F2_JPLL_A13_Q2_wt",2008,2,51.672,50.584,52.009,51.572
2,"F2_JPLL_A13_Q2_wt",2009,2,90.203,85.475,87.973,92.517
2,"F2_JPLL_A13_Q2_wt",2010,2,101.309,98.329,102.367,105.53
2,"F2_JPLL_A13_Q2_wt",2011,2,47.518,41.77,45.251,46.478
2,"F2_JPLL_A13_Q2_wt",2012,2,98.333,89.754,105.759,98.572
2,"F2_JPLL_A13_Q2_wt",2013,2,91.104,84.564,91.268,90.277
2,"F2_JPLL_A13_Q2_wt",2014,2,56.067,56.817,56.822,56.657
2,"F2_JPLL_A13_Q2_wt",2015,2,54.985,55.572,53.255,56.125
2,"F2_JPLL_A13_Q2_wt",2016,2,34.08,35.032,35.016,34.821
2,"F2_JPLL_A13_Q2_wt",2017,2,62.936,61.352,63.641,63.257
2,"F2_JPLL_A13_Q2_wt",2018,2,26.012,26.208,26.255,26.436
2,"F2_JPLL_A13_Q2_wt",2019,2,47.399,45.996,49.503,50.883
2,"F2_JPLL_A13_Q2_wt",2020,2,157.238,164.609,135.554,145.08
2,"F2_JPLL_A13_Q2_wt",2021,2,10.697,10.646,10.242,10.538
2,"F2_JPLL_A13_Q2_wt",2022,2,5.867,6.049,5.863,5.658
2,"F2_JPLL_A13_Q2_wt",2023,2,48.065,45.724,48.503,49.011
2,"F2_JPLL_A13_Q2_wt",2024,2,19.469,21.525,20.818,18.062
3,"F3_JPLL_A13_Q3_wt",2000,3,45.609,44.485,45.478,42.027
3,"F3_JPLL_A13_Q3_wt",2001,3,11.52,11.504,11.485,11.887
3,"F3_JPLL_A13_Q3_wt",2002,3,25.655,26.388,25.931,24.627
3,"F3_JPLL_A13_Q3_wt",2003,3,10.091,10.286,10.166,9.845
3,"F3_JPLL_A13_Q3_wt",2004,3,8.061,8.264,8.108,8.004
3,"F3_JPLL_A13_Q3_wt",2005,3,34.101,32.332,33.931,35.436
3,"F3_JPLL_A13_Q3_wt",2006,3,16.585,15.817,16.615,17.552
3,"F3_JPLL_A13_Q3_wt",2007,3,26.654,27.008,26.235,28.339
3,"F3_JPLL_A13_Q3_wt",2008,3,52.238,51.279,53.584,52.509
3,"F3_JPLL_A13_Q3_wt",2009,3,9.164,9.21,9.577,9.176
3,"F3_JPLL_A13_Q3_wt",2010,3,37.64,38.502,34.005,37.801
3,"F3_JPLL_A13_Q3_wt",2011,3,25.421,24.204,22.939,24.339
3,"F3_JPLL_A13_Q3_wt",2012,3,17.791,16.819,18.29,17.41
3,"F3_JPLL_A13_Q3_wt",2013,3,46.195,44.38,41.178,46.213
3,"F3_JPLL_A13_Q3_wt",2014,3,12.899,13.357,13.737,12.858
3,"F3_JPLL_A13_Q3_wt",2015,3,19.763,19.99,20.273,19.558
3,"F3_JPLL_A13_Q3_wt",2016,3,32.788,32.532,31.773,32.559
3,"F3_JPLL_A13_Q3_wt",2017,3,19.191,18.808,18.782,19.275
3,"F3_JPLL_A13_Q3_wt",2018,3,11.732,11.501,11.602,11.866
3,"F3_JPLL_A13_Q3_wt",2019,3,12.231,12.377,11.951,11.781
3,"F3_JPLL_A13_Q3_wt",2020,3,24.321,23.581,27.136,25.317
3,"F3_JPLL_A13_Q3_wt",2021,3,22.646,22.855,21.817,22.148
3,"F3_JPLL_A13_Q3_wt",2022,3,27.079,25.47,27.35,28.441
3,"F3_JPLL_A13_Q3_wt",2023,3,12.333,11.84,12.469,12.763
3,"F3_JPLL_A13_Q3_wt",2024,3,37.766,35.136,35.615,40.099
4,"F4_JPLL_A13_Q4_wt",1996,4,23.542,23.68,23.371,25.746
4,"F4_JPLL_A13_Q4_wt",1999,4,80.742,80.362,81.5,69.08
4,"F4_JPLL_A13_Q4_wt",2000,4,51.801,50.308,51.694,51.946
4,"F4_JPLL_A13_Q4_wt",2001,4,308.046,311.156,308.525,338.662
4,"F4_JPLL_A13_Q4_wt",2002,4,23.938,24.942,23.975,23.259
4,"F4_JPLL_A13_Q4_wt",2003,4,43.123,43.526,43.215,42.955
4,"F4_JPLL_A13_Q4_wt",2004,4,137.736,130.335,137.085,144.12
4,"F4_JPLL_A13_Q4_wt",2005,4,43.472,41.563,43.357,44.993
4,"F4_JPLL_A13_Q4_wt",2006,4,106.012,97.573,107.684,111.213
4,"F4_JPLL_A13_Q4_wt",2007,4,374.787,336.278,385.067,365.69
4,"F4_JPLL_A13_Q4_wt",2008,4,91.534,100.473,93.033,98.222
4,"F4_JPLL_A13_Q4_wt",2009,4,314.646,328.456,385.09,309.572
4,"F4_JPLL_A13_Q4_wt",2010,4,75.58,76.217,66.174,76.776
4,"F4_JPLL_A13_Q4_wt",2011,4,137.01,136.863,112.342,134.711
4,"F4_JPLL_A13_Q4_wt",2012,4,87.61,80.798,80.01,84.835
4,"F4_JPLL_A13_Q4_wt",2013,4,35.24,34.701,39.657,35.293
4,"F4_JPLL_A13_Q4_wt",2014,4,117.392,123.358,145.819,119.098
4,"F4_JPLL_A13_Q4_wt",2015,4,84.642,84.903,84.958,84.146
4,"F4_JPLL_A13_Q4_wt",2016,4,70.888,70.09,66.647,70.153
4,"F4_JPLL_A13_Q4_wt",2017,4,249.634,273.316,261.928,248.173
4,"F4_JPLL_A13_Q4_wt",2018,4,217.162,235.391,228.998,210.674
4,"F4_JPLL_A13_Q4_wt",2019,4,112.949,108.443,107.739,106.984
4,"F4_JPLL_A13_Q4_wt",2020,4,78.414,77.031,75.723,79.846
4,"F4_JPLL_A13_Q4_wt",2021,4,50.001,47.523,57.399,54.025
4,"F4_JPLL_A13_Q4_wt",2022,4,50.089,50.087,45.848,48.92
4,"F4_JPLL_A13_Q4_wt",2023,4,25.555,23.837,25.628,28.131
4,"F4_JPLL_A13_Q4_wt",2024,4,32.06,30.969,30.601,32.195
9,"F9_JPLL_A2_Q1_wt",1994,1,61.291,61.42,61.366,63.609
9,"F9_JPLL_A2_Q1_wt",1996,1,58.001,56.647,57.629,57.303
9,"F9_JPLL_A2_Q1_wt",1997,1,40.108,41.226,40.075,43.456
9,"F9_JPLL_A2_Q1_wt",1999,1,47.261,46.875,46.505,57.631
9,"F9_JPLL_A2_Q1_wt",2000,1,53.855,53.021,53.597,55.898
9,"F9_JPLL_A2_Q1_wt",2001,1,197.443,188.476,195.247,266.244
9,"F9_JPLL_A2_Q1_wt",2002,1,538.884,582.335,540.389,640.536
9,"F9_JPLL_A2_Q1_wt",2003,1,239.782,255.488,240.211,228.649
9,"F9_JPLL_A2_Q1_wt",2004,1,73.801,69.819,73.272,79.196
9,"F9_JPLL_A2_Q1_wt",2005,1,96.19,90.678,95.08,103.188
9,"F9_JPLL_A2_Q1_wt",2006,1,112.203,104.176,110.171,120.029
9,"F9_JPLL_A2_Q1_wt",2007,1,67.003,60.226,67.481,73.111
9,"F9_JPLL_A2_Q1_wt",2008,1,149.293,134.959,147.009,135.597
9,"F9_JPLL_A2_Q1_wt",2009,1,89.279,93.048,88.642,98.122
9,"F9_JPLL_A2_Q1_wt",2010,1,341.835,324.073,267.686,341.335
9,"F9_JPLL_A2_Q1_wt",2011,1,97.31,96.169,76.484,95.994
9,"F9_JPLL_A2_Q1_wt",2012,1,109.365,102.038,82.59,103.636
9,"F9_JPLL_A2_Q1_wt",2013,1,265.097,275.765,349.175,287.829
9,"F9_JPLL_A2_Q1_wt",2014,1,145.366,157.652,135.365,151.289
9,"F9_JPLL_A2_Q1_wt",2015,1,421.177,435.608,317.27,440.531
9,"F9_JPLL_A2_Q1_wt",2016,1,220.851,215.372,210.148,218.532
9,"F9_JPLL_A2_Q1_wt",2017,1,85.626,84.583,88.72,85.044
9,"F9_JPLL_A2_Q1_wt",2018,1,157.287,164.589,163.531,156.56
9,"F9_JPLL_A2_Q1_wt",2019,1,126.819,114.378,120.357,133.306
9,"F9_JPLL_A2_Q1_wt",2020,1,24.487,24.459,24.509,24.177
9,"F9_JPLL_A2_Q1_wt",2021,1,39.486,41.798,35.376,36.855
9,"F9_JPLL_A2_Q1_wt",2022,1,309.004,328.196,274.554,283.381
9,"F9_JPLL_A2_Q1_wt",2023,1,32.817,31.141,32.805,34.992
9,"F9_JPLL_A2_Q1_wt",2024,1,56.822,56.535,52.977,52.231
10,"F10_JPLL_A2_Q2_wt_9624",2000,2,31.962,31.37,32.846,27.02
10,"F10_JPLL_A2_Q2_wt_9624",2001,2,126.078,127.452,120.052,160.935
10,"F10_JPLL_A2_Q2_wt_9624",2002,2,242.075,235.547,230.39,280.703
10,"F10_JPLL_A2_Q2_wt_9624",2003,2,16.318,16.405,16.195,15.776
10,"F10_JPLL_A2_Q2_wt_9624",2004,2,251.995,251.98,246.087,252.854
10,"F10_JPLL_A2_Q2_wt_9624",2005,2,87.364,80.922,89.626,96.68
10,"F10_JPLL_A2_Q2_wt_9624",2006,2,100.931,105.586,98.799,96.484
10,"F10_JPLL_A2_Q2_wt_9624",2007,2,90.262,82.192,94.726,97.918
10,"F10_JPLL_A2_Q2_wt_9624",2008,2,67.915,69.05,65.232,61.645
10,"F10_JPLL_A2_Q2_wt_9624",2009,2,161.893,176.64,165.416,180.814
10,"F10_JPLL_A2_Q2_wt_9624",2010,2,525.026,579.97,560.021,576.817
10,"F10_JPLL_A2_Q2_wt_9624",2011,2,91.696,95.333,99.488,95.546
10,"F10_JPLL_A2_Q2_wt_9624",2012,2,79.159,79.313,63.169,78.004
10,"F10_JPLL_A2_Q2_wt_9624",2013,2,402.801,388.653,322.446,381.106
10,"F10_JPLL_A2_Q2_wt_9624",2014,2,391.133,445.067,436.721,445.396
10,"F10_JPLL_A2_Q2_wt_9624",2015,2,142.103,151.516,167.364,141.407
10,"F10_JPLL_A2_Q2_wt_9624",2016,2,270.121,289.548,341.565,260.193
10,"F10_JPLL_A2_Q2_wt_9624",2017,2,142.377,137.088,128.79,141.761
10,"F10_JPLL_A2_Q2_wt_9624",2018,2,164.224,173.049,166.767,160.312
10,"F10_JPLL_A2_Q2_wt_9624",2019,2,134.782,123.991,131.52,128.904
10,"F10_JPLL_A2_Q2_wt_9624",2020,2,234.233,203.478,232.162,233.819
10,"F10_JPLL_A2_Q2_wt_9624",2021,2,33.853,32.31,34.798,35.275
10,"F10_JPLL_A2_Q2_wt_9624",2022,2,108.289,110.547,94.029,107.681
10,"F10_JPLL_A2_Q2_wt_9624",2023,2,21.758,22.269,20.032,19.807
10,"F10_JPLL_A2_Q2_wt_9624",2024,2,51.217,49.585,50.923,55.007
11,"F11_JPLL_A2_Q3_wt",2001,3,168.548,170.865,164.899,216.068
11,"F11_JPLL_A2_Q3_wt",2002,3,96.744,99.277,97.542,103.683
11,"F11_JPLL_A2_Q3_wt",2003,3,73.638,74.929,73.292,71.432
11,"F11_JPLL_A2_Q3_wt",2004,3,143.924,133.506,144.444,153.852
11,"F11_JPLL_A2_Q3_wt",2005,3,69.75,65.387,69.988,75.112
11,"F11_JPLL_A2_Q3_wt",2006,3,155.629,141.266,159.092,170.471
11,"F11_JPLL_A2_Q3_wt",2007,3,91.723,82.489,96.101,101.771
11,"F11_JPLL_A2_Q3_wt",2008,3,62.548,61.89,61.631,56.299
11,"F11_JPLL_A2_Q3_wt",2009,3,98.625,107.32,102.812,108.728
11,"F11_JPLL_A2_Q3_wt",2010,3,166.487,154.881,159.264,149.003
11,"F11_JPLL_A2_Q3_wt",2011,3,1215.13,1239.16,1056.61,1189.44
11,"F11_JPLL_A2_Q3_wt",2012,3,255.722,254.21,179.275,246.02
11,"F11_JPLL_A2_Q3_wt",2013,3,222.984,197.402,153.215,196.993
11,"F11_JPLL_A2_Q3_wt",2014,3,183.141,208.139,173.974,199.121
11,"F11_JPLL_A2_Q3_wt",2015,3,206.465,205.354,245.211,201.67
11,"F11_JPLL_A2_Q3_wt",2016,3,222.934,229.274,279.401,222.761
11,"F11_JPLL_A2_Q3_wt",2017,3,249.628,236.407,234.287,251.878
11,"F11_JPLL_A2_Q3_wt",2018,3,256.298,229.696,250.447,261.788
11,"F11_JPLL_A2_Q3_wt",2019,3,136.188,120.128,127.646,134.038
11,"F11_JPLL_A2_Q3_wt",2020,3,9.339,9.204,9.411,9.403
11,"F11_JPLL_A2_Q3_wt",2021,3,42.711,40.115,46.825,47.783
11,"F11_JPLL_A2_Q3_wt",2022,3,55.556,57.001,48.008,51.084
11,"F11_JPLL_A2_Q3_wt",2023,3,20.874,21.004,19.48,19.612
11,"F11_JPLL_A2_Q3_wt",2024,3,148.558,141.522,148.029,160.985
12,"F12_JPLL_A2_Q4_wt",1994,4,44.329,43.916,45.295,43.919
12,"F12_JPLL_A2_Q4_wt",1996,4,41.36,42.217,40.801,42.697
12,"F12_JPLL_A2_Q4_wt",1997,4,51.639,51.089,53.191,44.298
12,"F12_JPLL_A2_Q4_wt",1999,4,62.308,61.251,64.936,47.958
12,"F12_JPLL_A2_Q4_wt",2001,4,162.81,167.318,158.9,199.163
12,"F12_JPLL_A2_Q4_wt",2002,4,106.192,109.984,106.371,105.686
12,"F12_JPLL_A2_Q4_wt",2003,4,42.684,43.265,42.179,41.26
12,"F12_JPLL_A2_Q4_wt",2004,4,69.198,67.502,69.594,71.366
12,"F12_JPLL_A2_Q4_wt",2005,4,46.68,44.193,47.292,51.135
12,"F12_JPLL_A2_Q4_wt",2006,4,267.672,259.413,274.697,255.644
12,"F12_JPLL_A2_Q4_wt",2007,4,68.391,69.072,65.965,62.265
12,"F12_JPLL_A2_Q4_wt",2008,4,318.3,305.036,341.545,361.368
12,"F12_JPLL_A2_Q4_wt",2009,4,269.373,287.993,295.463,262.934
12,"F12_JPLL_A2_Q4_wt",2010,4,82.144,85.243,79.876,86.558
12,"F12_JPLL_A2_Q4_wt",2011,4,260.059,247.561,208.717,243.107
12,"F12_JPLL_A2_Q4_wt",2012,4,56.558,54.598,55.006,55.706
12,"F12_JPLL_A2_Q4_wt",2013,4,47.546,44.924,46.823,45.865
12,"F12_JPLL_A2_Q4_wt",2014,4,291.49,256.793,286.899,261.569
12,"F12_JPLL_A2_Q4_wt",2015,4,126.623,125.135,152.392,121.026
12,"F12_JPLL_A2_Q4_wt",2016,4,137.932,134.817,140.225,139.674
12,"F12_JPLL_A2_Q4_wt",2017,4,112.16,107.863,105.18,115.346
12,"F12_JPLL_A2_Q4_wt",2018,4,140.316,126.037,136.185,144.189
12,"F12_JPLL_A2_Q4_wt",2019,4,109.11,105.03,103.191,104.075
12,"F12_JPLL_A2_Q4_wt",2020,4,103.612,105.745,106.027,103.802
12,"F12_JPLL_A2_Q4_wt",2021,4,96.009,89.976,110.633,100.116
12,"F12_JPLL_A2_Q4_wt",2022,4,51.023,52.434,45.346,47.485
12,"F12_JPLL_A2_Q4_wt",2023,4,35.842,36.129,33.544,33.468
12,"F12_JPLL_A2_Q4_wt",2024,4,49.627,51.401,48.55,42.343
17,"F17_JPLL_A4_num",1995,3,65.494,64.565,65.016,67.117
17,"F17_JPLL_A4_num",1995,4,34.538,34.602,34.721,34.709
17,"F17_JPLL_A4_num",1996,2,8.614,8.612,8.602,8.586
17,"F17_JPLL_A4_num",1999,4,32.824,32.71,32.921,33.386
17,"F17_JPLL_A4_num",2000,1,31.048,30.68,31.099,27.498
17,"F17_JPLL_A4_num",2000,2,155.041,152.53,155.008,118.626
17,"F17_JPLL_A4_num",2000,4,33.882,33.385,34.006,29.894
17,"F17_JPLL_A4_num",2001,1,39.156,38.471,39.224,32.944
17,"F17_JPLL_A4_num",2001,2,38.92,38.783,39.112,41.263
17,"F17_JPLL_A4_num",2001,3,139.152,136.668,139.244,116.124
17,"F17_JPLL_A4_num",2001,4,83.833,82.566,83.74,70.472
17,"F17_JPLL_A4_num",2002,1,44.747,44.255,44.605,38.56
17,"F17_JPLL_A4_num",2002,2,144.34,148.141,143.875,170.432
17,"F17_JPLL_A4_num",2002,3,67.714,67.603,67.316,58.408
17,"F17_JPLL_A4_num",2002,4,143.563,144.206,142.15,123.456
17,"F17_JPLL_A4_num",2003,1,150.66,150.536,150.378,130.24
17,"F17_JPLL_A4_num",2003,2,6.824,6.828,6.842,6.769
17,"F17_JPLL_A4_num",2003,3,29.053,28.988,29.409,28.892
17,"F17_JPLL_A4_num",2004,1,80.99,83.402,83.288,76.792
17,"F17_JPLL_A4_num",2004,2,17.052,17.358,17.251,16.599
17,"F17_JPLL_A4_num",2004,3,186.625,187.765,186.787,184.027
17,"F17_JPLL_A4_num",2005,1,147.638,153.73,150.14,135.986
17,"F17_JPLL_A4_num",2005,2,12.844,12.923,12.889,12.738
17,"F17_JPLL_A4_num",2005,3,124.489,126.703,126.425,119.347
17,"F17_JPLL_A4_num",2005,4,40.949,39.159,40.057,44.273
17,"F17_JPLL_A4_num",2006,1,331.031,309.123,320.208,388.661
17,"F17_JPLL_A4_num",2006,2,42.321,40.891,41.795,45.169
17,"F17_JPLL_A4_num",2006,3,92.475,93.379,92.436,93.145
17,"F17_JPLL_A4_num",2006,4,92.663,92.827,92.23,94.69
17,"F17_JPLL_A4_num",2007,1,83.082,81.566,82.636,86.334
17,"F17_JPLL_A4_num",2007,2,26.558,26.418,26.504,26.954
17,"F17_JPLL_A4_num",2007,3,104.897,104.1,105.105,103.637
17,"F17_JPLL_A4_num",2008,1,56.533,53.101,56.734,61.677
17,"F17_JPLL_A4_num",2008,2,34.825,35.026,34.667,34.579
17,"F17_JPLL_A4_num",2008,3,68.9,70.304,68.613,64.622
17,"F17_JPLL_A4_num",2008,4,101.617,100.929,102.631,88.882
17,"F17_JPLL_A4_num",2009,1,51.775,50.89,52.002,49.207
17,"F17_JPLL_A4_num",2009,3,74.948,77.152,74.45,69.705
17,"F17_JPLL_A4_num",2010,1,4.552,4.534,4.543,4.56
17,"F17_JPLL_A4_num",2010,2,1.813,1.811,1.809,1.819
17,"F17_JPLL_A4_num",2010,3,16.752,16.264,16.462,16.057
17,"F17_JPLL_A4_num",2010,4,71.962,69.934,72.54,66.093
17,"F17_JPLL_A4_num",2011,1,115.397,113.863,115.707,110.023
17,"F17_JPLL_A4_num",2011,3,100.051,94.897,87.916,92.625
17,"F17_JPLL_A4_num",2011,4,18.934,18.611,18.419,18.597
17,"F17_JPLL_A4_num",2012,1,39.139,39.691,41.029,40.267
17,"F17_JPLL_A4_num",2012,2,15.923,16.032,16.396,16.13
17,"F17_JPLL_A4_num",2012,3,286.231,277.62,272.887,271.481
17,"F17_JPLL_A4_num",2012,4,101.927,101.654,99.557,100.875
17,"F17_JPLL_A4_num",2013,1,9.374,9.302,8.926,9.262
17,"F17_JPLL_A4_num",2013,2,30.811,31.214,36.015,31.989
17,"F17_JPLL_A4_num",2013,3,50.881,51.831,58.904,52.797
17,"F17_JPLL_A4_num",2014,1,5.139,5.062,5.052,5.085
17,"F17_JPLL_A4_num",2014,2,16.405,16.656,17.569,16.814
17,"F17_JPLL_A4_num",2014,4,213.224,207.456,207.002,208.567
17,"F17_JPLL_A4_num",2015,3,132.722,141.586,120.654,136.791
17,"F17_JPLL_A4_num",2015,4,20.419,21.014,20.425,20.977
17,"F17_JPLL_A4_num",2016,2,277.121,276.006,244.655,273.302
17,"F17_JPLL_A4_num",2016,3,166.303,158.879,178.089,159.179
17,"F17_JPLL_A4_num",2017,3,176.416,171.43,172.232,174.396
17,"F17_JPLL_A4_num",2017,4,60.09,59.216,54.887,60.356
17,"F17_JPLL_A4_num",2018,2,60.894,60.74,61.058,60.783
17,"F17_JPLL_A4_num",2018,3,30.009,29.704,28.301,29.961
17,"F17_JPLL_A4_num",2019,1,7.072,7.066,6.978,7.069
17,"F17_JPLL_A4_num",2019,2,16.593,16.557,16.397,16.482
17,"F17_JPLL_A4_num",2019,3,199.6,206.894,216.075,203.67
17,"F17_JPLL_A4_num",2019,4,137.037,127.001,126.048,131.737
17,"F17_JPLL_A4_num",2020,2,12.23,11.983,12.038,12.184
17,"F17_JPLL_A4_num",2020,3,36.572,34.698,35.03,35.974
17,"F17_JPLL_A4_num",2023,2,3.315,3.32,3.271,3.244
17,"F17_JPLL_A4_num",2023,3,10.805,10.993,10.106,10.045
17,"F17_JPLL_A4_num",2024,1,11.588,11.648,11.157,10.946
17,"F17_JPLL_A4_num",2024,2,8.357,8.367,8.293,8.2
18,"F18_JPLL_A5_num",1995,4,65.696,64.959,65.488,62.938
18,"F18_JPLL_A5_num",2003,4,55.063,56.304,55.95,53.004
18,"F18_JPLL_A5_num",2004,2,32.237,32.475,32.456,31.593
18,"F18_JPLL_A5_num",2004,3,31.703,31.731,31.929,31.891
18,"F18_JPLL_A5_num",2004,4,140.551,145.55,142.03,137.924
18,"F18_JPLL_A5_num",2005,4,35.587,35.989,35.413,35.217
18,"F18_JPLL_A5_num",2006,4,41.413,39.391,42.38,39.864
18,"F18_JPLL_A5_num",2007,4,11.267,10.769,11.42,11.174
18,"F18_JPLL_A5_num",2008,4,27.774,27.041,28.45,27.536
18,"F18_JPLL_A5_num",2009,3,29.823,31.342,31.8,29.412
18,"F18_JPLL_A5_num",2011,3,25.536,26.149,25.859,25.924
18,"F18_JPLL_A5_num",2011,4,54.608,51.019,47.099,54.106
19,"F19_JPPL_A35_Q1",2002,1,25.979,26.14,26.067,25.869
19,"F19_JPPL_A35_Q1",2004,1,35.687,35.392,35.784,35.835
19,"F19_JPPL_A35_Q1",2005,1,16.21,17.325,15.723,16.409
19,"F19_JPPL_A35_Q1",2007,1,7.953,7.887,7.902,7.858
19,"F19_JPPL_A35_Q1",2022,1,6.888,7.136,6.874,6.803
19,"F19_JPPL_A35_Q1",2023,1,21.452,21.259,21.343,19.692
20,"F20_JPPL_A35_Q2",1994,2,2.651,2.659,2.654,2.709
20,"F20_JPPL_A35_Q2",1995,2,4.862,4.878,4.885,4.955
20,"F20_JPPL_A35_Q2",1996,2,18.77,18.743,18.826,18.913
20,"F20_JPPL_A35_Q2",1997,2,153.862,152.536,148.583,142.326
20,"F20_JPPL_A35_Q2",1998,2,3.852,3.853,3.865,3.877
20,"F20_JPPL_A35_Q2",1999,2,24.303,24.505,23.832,23.725
20,"F20_JPPL_A35_Q2",2000,2,3.078,3.07,3.104,3.056
20,"F20_JPPL_A35_Q2",2001,2,8.17,8.459,8.209,8.18
20,"F20_JPPL_A35_Q2",2002,2,33.177,33.497,33.286,33.061
20,"F20_JPPL_A35_Q2",2003,2,99.48,96.752,97.423,95.931
20,"F20_JPPL_A35_Q2",2004,2,15.808,15.9,16.011,16.317
20,"F20_JPPL_A35_Q2",2005,2,12.951,11.884,13.056,12.849
20,"F20_JPPL_A35_Q2",2006,2,62.898,72.818,57.428,62.958
20,"F20_JPPL_A35_Q2",2007,2,58.243,49.854,62.372,58.202
20,"F20_JPPL_A35_Q2",2008,2,24.05,23.366,22.518,24.075
20,"F20_JPPL_A35_Q2",2009,2,99.658,102.5,91.785,104.394
20,"F20_JPPL_A35_Q2",2010,2,45.423,45.931,45.462,44.891
20,"F20_JPPL_A35_Q2",2011,2,27.262,26.502,25.694,26.662
20,"F20_JPPL_A35_Q2",2012,2,26.658,27.614,30.214,26.655
20,"F20_JPPL_A35_Q2",2013,2,18.947,19.625,19.541,19.186
20,"F20_JPPL_A35_Q2",2014,2,30.105,30.999,29.72,30.522
20,"F20_JPPL_A35_Q2",2015,2,20.968,21.085,21.059,20.92
20,"F20_JPPL_A35_Q2",2016,2,83.491,80.795,75.512,81.366
20,"F20_JPPL_A35_Q2",2017,2,50.064,50.911,51.124,51.983
20,"F20_JPPL_A35_Q2",2018,2,24.745,25.827,25.034,25.355
20,"F20_JPPL_A35_Q2",2019,2,8.05,8.066,7.298,7.58
20,"F20_JPPL_A35_Q2",2020,2,22.463,22.266,21.72,21.223
20,"F20_JPPL_A35_Q2",2021,2,3.616,3.619,3.609,3.578
20,"F20_JPPL_A35_Q2",2022,2,2.577,2.57,2.57,2.582
20,"F20_JPPL_A35_Q2",2023,2,56.84,56.525,57.248,53.612
20,"F20_JPPL_A35_Q2",2024,2,12.611,11.793,12.253,13.132
21,"F21_JPPL_A35_Q3",1994,3,12.243,12.315,12.166,12.832
21,"F21_JPPL_A35_Q3",1995,3,24.676,24.721,24.925,23.437
21,"F21_JPPL_A35_Q3",1996,3,23.77,23.593,23.752,24.273
21,"F21_JPPL_A35_Q3",1997,3,24.177,24.478,24.12,24.482
21,"F21_JPPL_A35_Q3",1998,3,11.351,11.176,11.324,11.328
21,"F21_JPPL_A35_Q3",1999,3,40.593,41.014,40.947,41.482
21,"F21_JPPL_A35_Q3",2000,3,4.374,4.44,4.373,4.315
21,"F21_JPPL_A35_Q3",2001,3,45.016,48.744,44.71,43.807
21,"F21_JPPL_A35_Q3",2002,3,9.482,9.497,9.517,9.515
21,"F21_JPPL_A35_Q3",2003,3,30.576,31.31,29.932,30.094
21,"F21_JPPL_A35_Q3",2004,3,7.827,7.389,7.92,7.718
21,"F21_JPPL_A35_Q3",2005,3,7.158,7.35,7.112,7.106
21,"F21_JPPL_A35_Q3",2006,3,5.658,5.861,5.629,5.725
21,"F21_JPPL_A35_Q3",2007,3,17.731,17.127,18.57,17.815
21,"F21_JPPL_A35_Q3",2008,3,19.862,19.399,20.427,20.185
21,"F21_JPPL_A35_Q3",2009,3,15.544,15.841,16.676,16.09
21,"F21_JPPL_A35_Q3",2010,3,4.75,4.705,5.095,4.754
21,"F21_JPPL_A35_Q3",2011,3,6.949,6.791,7.03,6.94
21,"F21_JPPL_A35_Q3",2012,3,21.642,20.227,18.088,21.69
21,"F21_JPPL_A35_Q3",2013,3,3.771,3.802,3.741,3.771
21,"F21_JPPL_A35_Q3",2014,3,73.85,73.043,72.894,74.344
21,"F21_JPPL_A35_Q3",2015,3,15.878,15.366,15.975,15.768
21,"F21_JPPL_A35_Q3",2016,3,15.176,15.141,15.154,15.537
21,"F21_JPPL_A35_Q3",2017,3,21.105,21.426,21.248,21.102
21,"F21_JPPL_A35_Q3",2018,3,9.844,10.334,9.426,9.726
21,"F21_JPPL_A35_Q3",2019,3,8.485,8.545,8.157,8.263
21,"F21_JPPL_A35_Q3",2021,3,10.505,10.833,10.889,10.231
21,"F21_JPPL_A35_Q3",2023,3,8.357,8.54,8.993,7.899
21,"F21_JPPL_A35_Q3",2024,3,22.494,20.024,22.224,21.228
22,"F22_JPPL_A35_Q4",1994,4,7.665,7.623,7.696,7.806
22,"F22_JPPL_A35_Q4",1995,4,14.14,14.029,14.201,14.242
22,"F22_JPPL_A35_Q4",1997,4,4.858,4.851,4.863,4.868
22,"F22_JPPL_A35_Q4",2002,4,8.78,8.604,8.871,8.808
22,"F22_JPPL_A35_Q4",2003,4,38.113,37.553,38.413,38.525
22,"F22_JPPL_A35_Q4",2005,4,8.207,8.142,8.241,8.217
22,"F22_JPPL_A35_Q4",2009,4,4.506,4.514,4.507,4.504
22,"F22_JPPL_A35_Q4",2019,4,6.357,6.504,6.906,6.567
22,"F22_JPPL_A35_Q4",2020,4,1.184,1.193,1.184,1.181
23,"F23_JPPL_A24",1994,2,8.88,8.907,8.766,8.952
23,"F23_JPPL_A24",1996,2,9.6,9.55,9.527,9.908
23,"F23_JPPL_A24",1997,2,7.307,7.39,7.285,6.854
23,"F23_JPPL_A24",2002,1,13.542,14.036,13.625,13.65
23,"F23_JPPL_A24",2002,2,6.325,6.186,6.276,6.393
23,"F23_JPPL_A24",2002,4,11.494,11.447,11.494,11.761
23,"F23_JPPL_A24",2003,1,18.465,18.218,18.76,18.576
23,"F23_JPPL_A24",2003,2,12.993,13.315,12.927,12.767
23,"F23_JPPL_A24",2003,4,13.811,13.75,13.709,14.335
23,"F23_JPPL_A24",2004,1,80.397,80.729,78.066,82.809
23,"F23_JPPL_A24",2004,2,21.737,21.722,21.654,21.235
23,"F23_JPPL_A24",2005,1,3.681,3.701,3.687,3.661
23,"F23_JPPL_A24",2005,2,3.911,3.943,3.912,3.881
23,"F23_JPPL_A24",2006,2,14.615,14.802,14.46,14.802
23,"F23_JPPL_A24",2007,2,5.21,5.06,5.293,5.147
23,"F23_JPPL_A24",2009,2,12.224,11.909,11.829,12.241
23,"F23_JPPL_A24",2010,2,10.217,10.024,9.797,10.28
23,"F23_JPPL_A24",2011,2,17.076,16.584,15.765,16.59
23,"F23_JPPL_A24",2011,3,7.329,7.041,7.226,7.223
23,"F23_JPPL_A24",2013,2,5.942,6.084,5.617,5.946
23,"F23_JPPL_A24",2015,2,8.906,9.043,9.119,8.92
23,"F23_JPPL_A24",2015,3,11.27,11.365,10.964,11.372
23,"F23_JPPL_A24",2015,4,7.508,7.533,7.406,7.552
23,"F23_JPPL_A24",2017,2,11.937,11.9,11.715,11.887
23,"F23_JPPL_A24",2021,2,10.33,10.225,10.957,10.417
24,"F24_USLL_A35",1994,4,19.037,18.635,18.834,18.868
24,"F24_USLL_A35",1995,1,27.676,27.719,27.655,28.458
24,"F24_USLL_A35",1995,2,24.565,24.201,24.443,23.977
24,"F24_USLL_A35",1996,3,11.317,11.245,11.293,10.671
24,"F24_USLL_A35",1996,4,38.657,38.453,38.562,35.716
24,"F24_USLL_A35",1997,1,17.127,16.905,17.07,15.574
24,"F24_USLL_A35",1997,2,11.595,11.457,11.565,10.706
24,"F24_USLL_A35",1997,4,63.381,63.971,63.693,69.75
24,"F24_USLL_A35",1998,1,10.162,10.146,10.191,10.354
24,"F24_USLL_A35",1998,3,18.517,18.459,18.433,17.542
24,"F24_USLL_A35",1998,4,67.368,68.487,67.334,71.283
24,"F24_USLL_A35",1999,1,57.349,57.818,57.563,59.438
24,"F24_USLL_A35",1999,2,10.013,10.006,9.968,9.666
24,"F24_USLL_A35",1999,4,53.716,52.424,54.42,55.043
24,"F24_USLL_A35",2000,1,91.306,91.554,91.33,89.236
24,"F24_USLL_A35",2000,2,11.424,11.468,11.375,10.987
24,"F24_USLL_A35",2000,4,76.085,79.759,77.132,75.462
24,"F24_USLL_A35",2001,1,38.045,39.599,38.409,36.823
24,"F24_USLL_A35",2004,4,59.358,63.265,58.449,57.09
24,"F24_USLL_A35",2005,1,17.702,18.762,17.479,16.988
24,"F24_USLL_A35",2005,2,11.26,10.992,11.257,11.513
24,"F24_USLL_A35",2005,4,50.15,54.639,49.236,49.873
24,"F24_USLL_A35",2006,1,145.451,164.762,140.741,138.404
24,"F24_USLL_A35",2007,1,99.993,104.561,100.709,93.008
24,"F24_USLL_A35",2007,4,34.846,33.28,35.528,34.184
24,"F24_USLL_A35",2008,1,79.435,75.341,80.315,79.671
24,"F24_USLL_A35",2008,2,8.878,8.976,8.836,9.125
24,"F24_USLL_A35",2008,4,101.071,99.587,106.397,95.453
24,"F24_USLL_A35",2009,1,42.536,42.043,43.082,41.415
24,"F24_USLL_A35",2009,2,9.216,9.159,9.357,9.221
24,"F24_USLL_A35",2009,3,10.448,10.479,10.807,10.598
24,"F24_USLL_A35",2009,4,20.31,20.435,20.368,20.378
24,"F24_USLL_A35",2010,1,91.908,95.935,82.24,87.741
24,"F24_USLL_A35",2010,2,5.266,5.257,5.36,5.299
24,"F24_USLL_A35",2010,3,13.184,13.039,14.25,13.52
24,"F24_USLL_A35",2010,4,50.21,51.257,53.109,52.993
24,"F24_USLL_A35",2011,1,57.526,61.07,57.719,59.737
24,"F24_USLL_A35",2011,2,5.565,5.577,5.825,5.672
24,"F24_USLL_A35",2011,4,61.614,63.522,53.561,59.716
24,"F24_USLL_A35",2012,1,278.176,297.238,281.086,284.756
24,"F24_USLL_A35",2012,2,4.481,4.532,4.547,4.547
24,"F24_USLL_A35",2012,3,29.916,31.046,27.248,31.11
24,"F24_USLL_A35",2012,4,28.074,29.348,27.777,29.182
24,"F24_USLL_A35",2013,1,9.275,9.578,9.882,9.254
24,"F24_USLL_A35",2013,2,11.242,11.107,10.295,11.343
24,"F24_USLL_A35",2013,4,28.863,28.554,30.88,28.497
24,"F24_USLL_A35",2014,1,79.976,80.723,85.205,77.749
24,"F24_USLL_A35",2014,2,9.227,9.047,8.841,9.284
24,"F24_USLL_A35",2014,4,10.795,10.87,11.04,10.795
24,"F24_USLL_A35",2015,1,32.541,33.024,32.044,32.317
24,"F24_USLL_A35",2015,2,3.865,3.842,3.82,3.883
24,"F24_USLL_A35",2015,3,8.64,8.556,8.447,8.71
24,"F24_USLL_A35",2016,1,16.42,16.473,16.425,16.444
24,"F24_USLL_A35",2016,3,8.064,7.938,7.888,8.128
24,"F24_USLL_A35",2016,4,12.148,11.917,11.886,12.252
24,"F24_USLL_A35",2017,1,27.484,26.09,26.594,27.743
24,"F24_USLL_A35",2017,4,17.539,17.042,17.218,17.912
24,"F24_USLL_A35",2018,1,27.396,26.515,26.532,27.295
24,"F24_USLL_A35",2019,1,8.176,8.252,8.16,8.247
24,"F24_USLL_A35",2020,1,31.879,32.314,30.665,31.495
24,"F24_USLL_A35",2020,3,16.788,16.752,15.68,16.875
24,"F24_USLL_A35",2020,4,4.847,4.869,4.657,4.827
24,"F24_USLL_A35",2021,1,25.609,26.063,22.648,25.106
24,"F24_USLL_A35",2021,2,23.163,23.502,21.093,22.781
24,"F24_USLL_A35",2021,4,39.361,38.584,37.372,40.057
24,"F24_USLL_A35",2022,1,15.607,15.6,15.163,15.609
24,"F24_USLL_A35",2022,4,31.893,30.928,31.718,32.746
24,"F24_USLL_A35",2023,1,28.09,29.65,27.589,26.666
24,"F24_USLL_A35",2023,2,59.293,55.165,61.986,62.314
24,"F24_USLL_A35",2023,4,7.593,7.671,7.649,7.519
24,"F24_USLL_A35",2024,1,46.229,45.578,47.519,46.195
24,"F24_USLL_A35",2024,4,27.912,27.749,26.641,28.478
25,"F25_USLL_A24",1994,1,33.977,34.115,33.975,33.933
25,"F25_USLL_A24",1994,2,10.701,10.871,10.674,10.674
25,"F25_USLL_A24",1994,3,54.348,56.362,53.986,54.552
25,"F25_USLL_A24",1994,4,34.154,33.281,34.283,34.1
25,"F25_USLL_A24",1995,1,91.832,92.996,91.96,89.949
25,"F25_USLL_A24",1995,2,76.875,76.33,76.949,76.751
25,"F25_USLL_A24",1995,3,39.022,38.344,39.131,39.044
25,"F25_USLL_A24",1995,4,22.688,22.432,22.772,22.537
25,"F25_USLL_A24",1996,1,124.971,122.944,124.054,131.249
25,"F25_USLL_A24",1996,2,76.555,74.988,76.012,78.448
25,"F25_USLL_A24",1996,3,49.4,48.708,49.342,49.706
25,"F25_USLL_A24",1996,4,154.882,152.865,157.143,147.914
25,"F25_USLL_A24",1997,1,129.872,126.974,128.308,130.109
25,"F25_USLL_A24",1997,2,45.478,44.628,45.25,44.265
25,"F25_USLL_A24",1997,3,6.748,6.713,6.727,6.716
25,"F25_USLL_A24",1997,4,24.556,24.396,24.644,23.575
25,"F25_USLL_A24",1998,1,53.339,52.599,53.135,51.109
25,"F25_USLL_A24",1998,2,20.289,20.049,20.225,19.499
25,"F25_USLL_A24",1998,3,36.198,35.711,35.988,35.167
25,"F25_USLL_A24",1998,4,39.253,39.194,38.999,42.15
25,"F25_USLL_A24",1999,1,46.844,47.075,46.571,52.976
25,"F25_USLL_A24",1999,2,21.372,21.142,21.343,19.929
25,"F25_USLL_A24",1999,3,62.201,61.836,62.291,57.873
25,"F25_USLL_A24",1999,4,28.529,28.76,28.424,33.169
25,"F25_USLL_A24",2000,1,30.949,31.162,30.852,34.742
25,"F25_USLL_A24",2000,2,35.004,34.857,35.034,32.88
25,"F25_USLL_A24",2000,4,172.61,168.238,172.509,133.259
25,"F25_USLL_A24",2001,2,40.922,40.237,40.935,34.864
25,"F25_USLL_A24",2001,3,235.62,234.881,235.415,205.369
25,"F25_USLL_A24",2001,4,75.78,76.794,75.765,84.986
25,"F25_USLL_A24",2002,1,125.29,124.301,124.951,105.897
25,"F25_USLL_A24",2002,2,50.575,50.292,50.397,44.778
25,"F25_USLL_A24",2002,3,92.648,90.079,92.441,81.457
25,"F25_USLL_A24",2002,4,93.9,91.814,94.383,100.889
25,"F25_USLL_A24",2003,1,60.736,60.621,60.391,55.107
25,"F25_USLL_A24",2003,2,86.113,86.673,85.337,80.488
25,"F25_USLL_A24",2003,3,48.068,47.144,48.294,47.959
25,"F25_USLL_A24",2003,4,15.81,15.64,15.886,15.3
25,"F25_USLL_A24",2004,1,407.563,426.531,400.968,393.331
25,"F25_USLL_A24",2004,2,114.91,116.282,115.665,104.237
25,"F25_USLL_A24",2004,3,11.115,11.186,11.18,10.57
25,"F25_USLL_A24",2004,4,8.315,8.363,8.359,7.93
25,"F25_USLL_A24",2005,1,29.4,29.954,29.699,26.8
25,"F25_USLL_A24",2005,2,33.331,33.822,33.707,30.086
25,"F25_USLL_A24",2005,3,45.935,46.497,46.516,40.867
25,"F25_USLL_A24",2005,4,21.663,22.201,21.942,19.328
25,"F25_USLL_A24",2006,1,82.594,85.554,84.058,69.567
25,"F25_USLL_A24",2006,2,131.499,129.471,131.841,127.538
25,"F25_USLL_A24",2006,3,84.613,86.408,85.432,75.066
25,"F25_USLL_A24",2006,4,17.547,17.818,17.619,16.497
25,"F25_USLL_A24",2007,1,74.972,72.745,74.581,81.118
25,"F25_USLL_A24",2007,2,57.498,57.232,56.595,62.723
25,"F25_USLL_A24",2007,3,114.224,120.66,114.893,93.169
25,"F25_USLL_A24",2007,4,159.716,174.905,160.223,119.001
25,"F25_USLL_A24",2008,1,61.148,58.129,60.882,73.239
25,"F25_USLL_A24",2008,2,101.094,95.434,101.2,122.837
25,"F25_USLL_A24",2008,3,11.639,11.509,11.703,11.836
25,"F25_USLL_A24",2008,4,27.41,28.348,27.237,23.676
25,"F25_USLL_A24",2009,1,28.967,29.108,28.84,25.281
25,"F25_USLL_A24",2009,2,70.192,72.084,69.718,60.698
25,"F25_USLL_A24",2009,4,15.698,15.607,15.667,15.062
25,"F25_USLL_A24",2010,1,49.836,48.484,49.492,39.383
25,"F25_USLL_A24",2010,2,121.997,131.68,124.56,137.905
25,"F25_USLL_A24",2010,4,71.518,68.42,69.16,58.086
25,"F25_USLL_A24",2011,1,122.481,120.558,112.757,111.877
25,"F25_USLL_A24",2011,2,114.514,122.249,118.386,134.365
25,"F25_USLL_A24",2011,3,32.258,31.544,30.189,30.006
25,"F25_USLL_A24",2011,4,24.171,23.361,22.724,21.655
25,"F25_USLL_A24",2012,1,107.889,104.125,96.757,97.884
25,"F25_USLL_A24",2012,2,99.814,93.982,92.82,80.522
25,"F25_USLL_A24",2012,3,25.63,25.065,23.384,23.333
25,"F25_USLL_A24",2012,4,49.473,47.642,42.575,42.485
25,"F25_USLL_A24",2013,1,140.941,132.199,109.24,109.276
25,"F25_USLL_A24",2013,2,107.209,109.912,129.548,121.425
25,"F25_USLL_A24",2013,3,23.536,23.008,22.217,22.475
25,"F25_USLL_A24",2013,4,53.037,50.739,45.884,46.632
25,"F25_USLL_A24",2014,1,49.432,49.106,52.66,50.904
25,"F25_USLL_A24",2014,2,117.059,116.082,102.729,108.128
25,"F25_USLL_A24",2014,3,37.404,35.792,35.251,34.802
25,"F25_USLL_A24",2014,4,18.108,17.872,17.735,17.754
25,"F25_USLL_A24",2015,1,97.462,94.999,97.788,95.048
25,"F25_USLL_A24",2015,2,186.301,171.875,196.48,165.074
25,"F25_USLL_A24",2015,3,23.789,23.174,23.997,22.664
25,"F25_USLL_A24",2015,4,47.322,46.722,49.894,46.88
25,"F25_USLL_A24",2016,1,153.271,161.069,175.613,163.602
25,"F25_USLL_A24",2016,2,297.981,311.885,284.067,354.169
25,"F25_USLL_A24",2016,3,143.556,141.04,130.609,144.577
25,"F25_USLL_A24",2016,4,9.199,9.336,9.364,9.391
25,"F25_USLL_A24",2017,1,34.844,35.67,35.506,35.33
25,"F25_USLL_A24",2017,2,22.416,22.71,23.25,22.348
25,"F25_USLL_A24",2017,3,17.849,18.179,17.174,18.916
25,"F25_USLL_A24",2018,1,18.201,18.433,17.316,19.22
25,"F25_USLL_A24",2018,2,28.932,29.496,28.837,28.837
25,"F25_USLL_A24",2018,3,26.251,26.453,26.965,25.564
25,"F25_USLL_A24",2018,4,35.199,35.837,33.381,37.255
25,"F25_USLL_A24",2019,1,17.984,18.309,17.887,18.236
25,"F25_USLL_A24",2019,2,15.139,15.445,15.466,14.906
25,"F25_USLL_A24",2019,3,25.48,25.584,24.179,26.782
25,"F25_USLL_A24",2019,4,14.591,14.512,14.051,15.053
25,"F25_USLL_A24",2020,1,26.704,27.078,27.629,26.144
25,"F25_USLL_A24",2020,3,34.04,33.085,32.072,35.082
25,"F25_USLL_A24",2020,4,6.558,6.52,6.471,6.631
25,"F25_USLL_A24",2021,1,29.206,28.952,28.723,29.636
25,"F25_USLL_A24",2021,3,27.059,26.806,28.077,27.475
25,"F25_USLL_A24",2021,4,31.764,31.536,33.855,32.586
25,"F25_USLL_A24",2022,1,50.789,50.61,53.651,52.775
25,"F25_USLL_A24",2022,2,35.064,34.653,34.233,34.617
25,"F25_USLL_A24",2022,3,82.216,82.656,80.536,83.98
25,"F25_USLL_A24",2022,4,50.24,52.193,46.064,48.617
25,"F25_USLL_A24",2023,1,36.536,38.13,31.639,32.739
25,"F25_USLL_A24",2023,2,24.953,25.328,23.428,23.916
25,"F25_USLL_A24",2023,3,39.902,39.367,40.124,40.313
25,"F25_USLL_A24",2023,4,29.472,29.909,26.792,26.688
25,"F25_USLL_A24",2024,2,29.302,29.215,27.765,27.555
25,"F25_USLL_A24",2024,3,26.226,26.098,25.176,24.815
25,"F25_USLL_A24",2024,4,29.702,29.457,28.368,28.062
26,"F26_TWLL_A35",2003,1,20.555,21.04,20.055,20.193
26,"F26_TWLL_A35",2003,3,3.297,3.303,3.326,3.278
26,"F26_TWLL_A35",2003,4,18.451,17.652,18.017,19.144
26,"F26_TWLL_A35",2004,1,87.395,94.156,84.905,82.455
26,"F26_TWLL_A35",2004,3,57.6,56.362,55.87,58.493
26,"F26_TWLL_A35",2004,4,103.024,104.121,105.194,102.025
26,"F26_TWLL_A35",2005,1,65.526,65.578,67.946,65.188
26,"F26_TWLL_A35",2005,3,6.662,6.732,6.552,6.582
26,"F26_TWLL_A35",2005,4,94.529,98.515,97.767,95.657
26,"F26_TWLL_A35",2006,1,49.569,56.731,49.856,49.232
26,"F26_TWLL_A35",2006,2,117.746,140.627,115.547,112.744
26,"F26_TWLL_A35",2006,3,11.73,11.471,11.459,11.494
26,"F26_TWLL_A35",2006,4,76.698,83.143,69.784,75.93
26,"F26_TWLL_A35",2007,1,209.565,228.598,188.55,191.947
26,"F26_TWLL_A35",2007,2,27.694,28.59,26.489,26.922
26,"F26_TWLL_A35",2007,4,110.477,103.699,119.68,100.229
26,"F26_TWLL_A35",2008,1,82.049,79.403,91.182,77.983
26,"F26_TWLL_A35",2008,2,48.507,47.411,52.418,46.613
26,"F26_TWLL_A35",2008,3,13.799,13.712,14.367,13.578
26,"F26_TWLL_A35",2008,4,31.669,31.666,31.58,32.323
26,"F26_TWLL_A35",2009,1,127.36,127.157,143.304,123.485
26,"F26_TWLL_A35",2009,4,14.827,14.762,15.922,14.815
26,"F26_TWLL_A35",2010,1,96.198,100.65,88.582,93.693
26,"F26_TWLL_A35",2010,2,15.771,16.227,14.526,15.564
26,"F26_TWLL_A35",2010,3,23.058,22.458,25.112,23.504
26,"F26_TWLL_A35",2010,4,36.611,35.658,40.949,37.952
26,"F26_TWLL_A35",2011,1,48.904,49.79,53.93,50.985
26,"F26_TWLL_A35",2011,2,4.266,4.324,4.245,4.261
26,"F26_TWLL_A35",2011,3,23.38,24.701,24.169,23.846
26,"F26_TWLL_A35",2011,4,28.764,30.455,30.183,29.692
26,"F26_TWLL_A35",2012,1,88.612,88.264,96.582,88.98
26,"F26_TWLL_A35",2012,4,52.54,52.663,45.525,52.822
26,"F26_TWLL_A35",2013,1,74.648,73.295,61.62,74.961
26,"F26_TWLL_A35",2013,4,62.517,57.619,52.794,61.48
26,"F26_TWLL_A35",2014,1,83.518,76.967,74.26,81.451
26,"F26_TWLL_A35",2014,4,35.785,35.259,34.328,36.065
26,"F26_TWLL_A35",2015,1,23.278,23.487,24.549,23.208
26,"F26_TWLL_A35",2015,4,25.756,25.216,24.699,26.111
26,"F26_TWLL_A35",2016,1,27.11,28.651,27.102,27.606
26,"F26_TWLL_A35",2016,2,6.897,7.05,6.979,6.941
26,"F26_TWLL_A35",2016,4,22.38,21.381,21.728,22.192
26,"F26_TWLL_A35",2017,1,35.73,37.22,37.172,36.138
26,"F26_TWLL_A35",2017,4,45.524,42.494,43.911,46.228
26,"F26_TWLL_A35",2018,1,107.03,118.124,110.84,103.715
26,"F26_TWLL_A35",2018,4,68.361,70.269,72.114,71.72
26,"F26_TWLL_A35",2019,1,182.689,198.642,191.448,187.518
26,"F26_TWLL_A35",2019,4,196.068,213.781,171.961,170.967
26,"F26_TWLL_A35",2020,1,38.505,38.616,42.182,40.012
26,"F26_TWLL_A35",2020,2,5.646,5.638,5.918,5.717
26,"F26_TWLL_A35",2020,4,367.228,359.485,359.252,372.533
26,"F26_TWLL_A35",2021,1,43.05,43.782,46.947,43.898
26,"F26_TWLL_A35",2021,2,35.3,35.443,31.996,34.789
26,"F26_TWLL_A35",2021,3,5.72,5.679,5.795,5.714
26,"F26_TWLL_A35",2021,4,54.911,56.58,62.184,54.865
26,"F26_TWLL_A35",2022,1,43.264,45.425,47.565,42.592
26,"F26_TWLL_A35",2022,2,70.104,69.924,71.542,74.4
26,"F26_TWLL_A35",2022,4,47.403,43.825,50.017,52.419
26,"F26_TWLL_A35",2023,1,29.021,27.955,29.076,30.765
26,"F26_TWLL_A35",2023,2,3.181,3.172,3.166,3.211
26,"F26_TWLL_A35",2023,4,199.334,189.545,229.268,203.196
26,"F26_TWLL_A35",2024,1,132.849,124.772,131.327,159.492
26,"F26_TWLL_A35",2024,2,36.499,38.215,39.307,35.491
26,"F26_TWLL_A35",2024,3,29.116,28.455,28.366,28.194
26,"F26_TWLL_A35",2024,4,100.849,84.191,92.342,120.216
29,"F29_CNLL_A35",2013,3,307.993,234.617,252.492,289.819
29,"F29_CNLL_A35",2014,3,29.009,31.309,30.993,30.009
29,"F29_CNLL_A35",2017,3,11.063,10.064,10.257,10.906
29,"F29_CNLL_A35",2018,3,11.148,10.126,10.309,10.944
29,"F29_CNLL_A35",2020,3,250.856,169.741,151.882,275.654
30,"F30_CNLL_A24",1997,3,32.219,33.678,32.328,28.729
30,"F30_CNLL_A24",1998,3,7.067,7.135,7.098,6.873
30,"F30_CNLL_A24",1999,3,16.021,16.215,16.096,15.414
30,"F30_CNLL_A24",2000,3,8.094,7.986,8.133,8.397
30,"F30_CNLL_A24",2004,3,26.998,27.678,27.168,25.166
30,"F30_CNLL_A24",2005,3,8.276,8.315,8.316,8.154
30,"F30_CNLL_A24",2006,3,34.857,36.778,34.805,30.225
30,"F30_CNLL_A24",2007,3,11.738,11.752,11.8,11.666
30,"F30_CNLL_A24",2008,3,6.988,7.032,7.01,6.865
30,"F30_CNLL_A24",2009,3,11.035,11.214,11.086,10.554
30,"F30_CNLL_A24",2010,3,8.395,8.487,8.431,8.145
30,"F30_CNLL_A24",2011,3,9.643,9.741,9.693,9.368
30,"F30_CNLL_A24",2012,3,8.34,8.42,8.379,8.122
30,"F30_CNLL_A24",2013,3,6.046,6.06,6.061,6
30,"F30_CNLL_A24",2014,3,25.554,24.994,25.608,27.25
30,"F30_CNLL_A24",2016,3,4.455,4.455,4.465,4.446
30,"F30_CNLL_A24",2017,3,9.583,9.645,9.619,9.4
30,"F30_CNLL_A24",2018,3,11.277,11.348,11.325,11.053
30,"F30_CNLL_A24",2019,3,5.519,5.52,5.534,5.505
30,"F30_CNLL_A24",2020,3,21.014,20.755,21.21,21.723
30,"F30_CNLL_A24",2021,3,11.354,11.58,11.402,10.78
30,"F30_CNLL_A24",2022,3,99.855,103.185,100.934,89.211
30,"F30_CNLL_A24",2023,3,4.268,4.265,4.275,4.237
30,"F30_CNLL_A24",2024,3,17.483,18.196,17.462,15.775
31,"F31_VULL_mt",2000,3,50.07,51.013,50.386,46.915
31,"F31_VULL_mt",2014,3,47.347,48.459,47.641,44.492
31,"F31_VULL_mt",2015,3,5.488,5.485,5.462,5.314
31,"F31_VULL_mt",2023,3,20.355,20.727,20.593,20.396
31,"F31_VULL_mt",2024,3,43.22,43.488,43.095,39.763
34,"F34_EPOSF_xx24",1995,3,67.426,65.45,67.099,66.704
34,"F34_EPOSF_xx24",1996,2,56.572,54.141,56.358,57.658
34,"F34_EPOSF_xx24",1996,3,35.661,34.475,35.534,35.973
34,"F34_EPOSF_xx24",1996,4,67.691,65.595,67.593,68.085
34,"F34_EPOSF_xx24",1997,2,44.26,46.456,44.112,42.665
34,"F34_EPOSF_xx24",1997,3,86.067,90.919,85.45,81.516
34,"F34_EPOSF_xx24",1997,4,15.503,15.544,15.487,15.359
34,"F34_EPOSF_xx24",1998,3,122.996,124.027,122.848,123.729
34,"F34_EPOSF_xx24",1998,4,20.556,20.414,20.538,20.609
34,"F34_EPOSF_xx24",1999,2,41.689,36.518,41.609,42.501
34,"F34_EPOSF_xx24",1999,3,27.667,24.808,27.588,28.943
34,"F34_EPOSF_xx24",2000,2,19.477,16.931,19.467,19.285
34,"F34_EPOSF_xx24",2000,3,210.608,321.935,212.206,205.121
34,"F34_EPOSF_xx24",2001,2,38.695,41.653,38.879,37.83
34,"F34_EPOSF_xx24",2001,3,78.194,73.239,77.725,79.394
34,"F34_EPOSF_xx24",2002,3,21.665,21.597,21.616,21.68
34,"F34_EPOSF_xx24",2003,3,289.222,167.542,285.011,277.935
34,"F34_EPOSF_xx24",2004,2,21.924,18.2,21.614,21.626
34,"F34_EPOSF_xx24",2004,3,66.612,55.114,63.525,64.166
34,"F34_EPOSF_xx24",2004,4,111.105,121.892,108.475,112.159
34,"F34_EPOSF_xx24",2005,2,118.417,100.408,120.268,116.751
34,"F34_EPOSF_xx24",2005,3,208.676,141.891,225.038,211.113
34,"F34_EPOSF_xx24",2005,4,12.997,12.377,13.068,13.088
34,"F34_EPOSF_xx24",2006,3,55.055,57.658,55.006,54.554
34,"F34_EPOSF_xx24",2006,4,58.514,63.017,59.261,57.624
34,"F34_EPOSF_xx24",2007,2,13.602,13.168,13.698,13.648
34,"F34_EPOSF_xx24",2007,3,41.701,39.166,40.498,42.208
34,"F34_EPOSF_xx24",2008,2,8.893,8.733,8.679,8.866
34,"F34_EPOSF_xx24",2008,3,357.822,356.394,378.366,359.56
34,"F34_EPOSF_xx24",2008,4,15.972,16.068,16.492,16.036
34,"F34_EPOSF_xx24",2009,2,35.702,34.432,34.752,35.119
34,"F34_EPOSF_xx24",2009,3,144.429,139.892,138.32,138.702
34,"F34_EPOSF_xx24",2009,4,80.81,83.169,83.9,82.366
34,"F34_EPOSF_xx24",2010,2,16.757,16.304,17.062,16.793
34,"F34_EPOSF_xx24",2010,3,179.707,161.771,181.339,179.899
34,"F34_EPOSF_xx24",2010,4,52.41,50.23,54.27,52.898
34,"F34_EPOSF_xx24",2011,2,62.838,62.584,68.921,63.286
34,"F34_EPOSF_xx24",2011,3,293.874,292.87,208.644,286.873
34,"F34_EPOSF_xx24",2011,4,70.99,68.438,64.797,70.555
34,"F34_EPOSF_xx24",2012,2,88.812,88.75,88.556,88.7
34,"F34_EPOSF_xx24",2012,3,149.585,159.834,154.688,150.2
34,"F34_EPOSF_xx24",2012,4,103.537,102.275,100.126,103.571
34,"F34_EPOSF_xx24",2013,3,119.908,113.148,117.949,118.901
34,"F34_EPOSF_xx24",2013,4,37.488,38.523,37.372,37.387
34,"F34_EPOSF_xx24",2014,3,53.194,53.946,53.09,53.08
34,"F34_EPOSF_xx24",2014,4,30.184,29.673,30.195,29.985
34,"F34_EPOSF_xx24",2015,2,11.89,11.917,11.793,11.877
34,"F34_EPOSF_xx24",2015,3,43.675,44.664,44.004,43.68
34,"F34_EPOSF_xx24",2015,4,39.491,40.085,38.488,39.078
34,"F34_EPOSF_xx24",2016,2,13.525,13.278,13.626,13.568
34,"F34_EPOSF_xx24",2016,3,39.736,40.24,39.967,39.942
34,"F34_EPOSF_xx24",2016,4,29.597,30.416,29.954,30.228
34,"F34_EPOSF_xx24",2017,2,8.601,8.66,8.681,8.699
34,"F34_EPOSF_xx24",2017,3,24.304,25.379,24.75,25.042
34,"F34_EPOSF_xx24",2017,4,18.907,19.818,19.005,19.27
34,"F34_EPOSF_xx24",2018,2,10.751,10.784,10.72,10.691
34,"F34_EPOSF_xx24",2018,3,43.92,45.348,44.372,43.855
34,"F34_EPOSF_xx24",2019,2,16.782,16.581,18.598,16.946
34,"F34_EPOSF_xx24",2019,3,103.479,103.236,117.444,104.913
34,"F34_EPOSF_xx24",2019,4,46.439,45.982,46.983,46.574
34,"F34_EPOSF_xx24",2020,3,33.329,32.942,33.128,33.82
34,"F34_EPOSF_xx24",2020,4,34.992,36.764,36.252,34.019
34,"F34_EPOSF_xx24",2021,3,18.247,17.743,18.147,18.246
34,"F34_EPOSF_xx24",2021,4,7.56,7.474,7.507,7.59
34,"F34_EPOSF_xx24",2022,3,33.841,33.786,34.057,33.612
34,"F34_EPOSF_xx24",2022,4,23.821,24.56,24.054,23.687
34,"F34_EPOSF_xx24",2023,3,44.177,39.578,43.237,44.675
34,"F34_EPOSF_xx24",2024,3,277.871,283.016,267.659,285.958
34,"F34_EPOSF_xx24",2024,4,53.894,54.443,53.298,55.108
35,"F35_JPTWKR_DNMisc",2008,1,19.955,20.233,19.911,19.804
35,"F35_JPTWKR_DNMisc",2008,2,23.529,23.179,23.698,23.536
35,"F35_JPTWKR_DNMisc",2008,3,4.871,4.828,4.907,4.847
35,"F35_JPTWKR_DNMisc",2008,4,22.913,23.507,22.614,22.737
35,"F35_JPTWKR_DNMisc",2009,1,18.229,18.589,18.088,17.914
35,"F35_JPTWKR_DNMisc",2009,2,18.66,18.7,18.703,18.571
35,"F35_JPTWKR_DNMisc",2009,4,83.288,79.632,84.294,85.537
35,"F35_JPTWKR_DNMisc",2010,2,5.096,5.091,5.098,5.075
35,"F35_JPTWKR_DNMisc",2010,3,4.48,4.59,4.525,4.52
35,"F35_JPTWKR_DNMisc",2010,4,39.629,37.329,38.686,38.699
35,"F35_JPTWKR_DNMisc",2011,1,12.13,12.36,12.677,12.073
35,"F35_JPTWKR_DNMisc",2011,4,18.62,18.446,17.83,18.627
35,"F35_JPTWKR_DNMisc",2012,1,12.578,13.216,12.611,12.489
35,"F35_JPTWKR_DNMisc",2012,2,23.098,23.262,22.949,22.954
35,"F35_JPTWKR_DNMisc",2014,4,4.373,4.512,4.401,4.386
35,"F35_JPTWKR_DNMisc",2015,1,5.293,5.268,5.263,5.363
35,"F35_JPTWKR_DNMisc",2015,3,4.106,4.052,4.03,4.081
35,"F35_JPTWKR_DNMisc",2015,4,12.202,11.915,11.804,12.099
35,"F35_JPTWKR_DNMisc",2016,2,2.08,2.081,2.066,2.061
35,"F35_JPTWKR_DNMisc",2016,4,5.921,6.009,5.911,5.846
35,"F35_JPTWKR_DNMisc",2017,4,17.97,17.985,17.969,17.847
35,"F35_JPTWKR_DNMisc",2018,3,7.347,7.368,7.743,7.659
35,"F35_JPTWKR_DNMisc",2018,4,50.143,50.475,52.629,51.715
35,"F35_JPTWKR_DNMisc",2022,3,2.73,2.751,2.726,2.733
35,"F35_JPTWKR_DNMisc",2023,3,2.599,2.566,2.59,2.595
36,"S36_JPLL_idx_adult",1996,1,21.892,21.743,21.877,21.521
36,"S36_JPLL_idx_adult",1997,1,22.494,22.505,22.486,22.678
36,"S36_JPLL_idx_adult",1998,1,21.715,21.623,21.729,20.818
36,"S36_JPLL_idx_adult",1999,1,19.078,18.998,19.085,18.357
36,"S36_JPLL_idx_adult",2000,1,18.053,18.019,18.045,17.72
36,"S36_JPLL_idx_adult",2001,1,16.573,16.623,16.549,16.401
36,"S36_JPLL_idx_adult",2002,1,16.754,16.798,16.754,16.651
36,"S36_JPLL_idx_adult",2003,1,16.656,16.383,16.608,16.804
36,"S36_JPLL_idx_adult",2004,1,16.639,16.4,16.568,16.853
36,"S36_JPLL_idx_adult",2005,1,16.808,16.81,16.784,16.835
36,"S36_JPLL_idx_adult",2006,1,16.127,16.269,16.071,16.037
36,"S36_JPLL_idx_adult",2007,1,15.226,15.261,15.201,15.26
36,"S36_JPLL_idx_adult",2008,1,13.906,14.177,13.777,14.214
36,"S36_JPLL_idx_adult",2009,1,14.2,14.245,14.247,14.369
36,"S36_JPLL_idx_adult",2010,1,15.252,15.268,15.199,15.301
36,"S36_JPLL_idx_adult",2011,1,16.264,16.251,16.228,16.276
36,"S36_JPLL_idx_adult",2012,1,16.025,16.093,16.458,16.185
36,"S36_JPLL_idx_adult",2013,1,15.874,16.118,15.939,16.045
36,"S36_JPLL_idx_adult",2014,1,15.551,15.519,14.959,15.599
36,"S36_JPLL_idx_adult",2015,1,15.259,15.13,14.873,15.279
36,"S36_JPLL_idx_adult",2016,1,15.578,15.554,15.446,15.576
36,"S36_JPLL_idx_adult",2017,1,17.013,17.059,16.998,17.014
36,"S36_JPLL_idx_adult",2018,1,18.052,17.976,18.011,18.057
36,"S36_JPLL_idx_adult",2019,1,19.293,19.243,19.25,19.238
36,"S36_JPLL_idx_adult",2020,1,17.821,18.139,17.706,17.616
36,"S36_JPLL_idx_adult",2021,1,13.563,13.878,12.405,13.061
36,"S36_JPLL_idx_adult",2022,1,16.12,16.196,15.31,15.825
36,"S36_JPLL_idx_adult",2023,1,19.621,19.691,19.371,19.363
36,"S36_JPLL_idx_adult",2024,1,19.662,20.007,19.587,19.02
