"Fleet","Fleet_Name","Yr","Seas","base_F26","F1_F20","F20_F24","F20_F26","F26_F34"
1,"F1_JPLL_A13_Q1_wt",1994,1,25.28,24.936,25.356,25.201,25.281
1,"F1_JPLL_A13_Q1_wt",1995,1,4.287,4.309,4.293,4.284,4.287
1,"F1_JPLL_A13_Q1_wt",1996,1,14.989,14.891,14.941,15.008,14.989
1,"F1_JPLL_A13_Q1_wt",1997,1,52.157,52.931,52.303,51.836,52.151
1,"F1_JPLL_A13_Q1_wt",1998,1,102.617,101.644,101.432,103.109,102.653
1,"F1_JPLL_A13_Q1_wt",1999,1,16.449,16.542,16.409,16.476,16.446
1,"F1_JPLL_A13_Q1_wt",2000,1,222.49,220.274,223.291,222.334,222.486
1,"F1_JPLL_A13_Q1_wt",2001,1,126.658,126.855,126.08,126.813,126.663
1,"F1_JPLL_A13_Q1_wt",2002,1,307.196,305.525,304.48,308.02,307.199
1,"F1_JPLL_A13_Q1_wt",2003,1,162.194,162.176,162.828,161.923,162.117
1,"F1_JPLL_A13_Q1_wt",2004,1,80.503,80.638,80.619,80.489,80.5
1,"F1_JPLL_A13_Q1_wt",2005,1,82.492,82.575,82.664,82.376,82.496
1,"F1_JPLL_A13_Q1_wt",2006,1,250.767,250.11,250.268,250.697,250.743
1,"F1_JPLL_A13_Q1_wt",2007,1,264.592,265.513,265.54,264.195,264.542
1,"F1_JPLL_A13_Q1_wt",2008,1,107.571,107.525,107.664,107.593,107.579
1,"F1_JPLL_A13_Q1_wt",2009,1,499.895,500.796,497.619,500.73,499.83
1,"F1_JPLL_A13_Q1_wt",2010,1,395.973,397.479,398.241,395.341,395.999
1,"F1_JPLL_A13_Q1_wt",2011,1,448.302,448.016,448.083,447.736,448.381
1,"F1_JPLL_A13_Q1_wt",2012,1,257.735,257.9,257.61,257.845,257.732
1,"F1_JPLL_A13_Q1_wt",2013,1,202.924,203.085,204.625,202.366,202.895
1,"F1_JPLL_A13_Q1_wt",2014,1,53.868,53.869,54.028,53.813,53.866
1,"F1_JPLL_A13_Q1_wt",2015,1,217.624,217.246,217.77,217.479,217.609
1,"F1_JPLL_A13_Q1_wt",2016,1,200.948,200.684,200.908,201.021,200.951
1,"F1_JPLL_A13_Q1_wt",2017,1,195.333,194.748,195.088,195.487,195.327
1,"F1_JPLL_A13_Q1_wt",2018,1,91.714,91.719,91.552,91.801,91.715
1,"F1_JPLL_A13_Q1_wt",2019,1,70.26,70.383,70.32,70.255,70.26
1,"F1_JPLL_A13_Q1_wt",2020,1,176.215,176.072,177.4,175.593,176.206
1,"F1_JPLL_A13_Q1_wt",2021,1,64.338,64.307,64.359,64.325,64.34
1,"F1_JPLL_A13_Q1_wt",2022,1,41.306,41.329,41.343,41.29,41.305
1,"F1_JPLL_A13_Q1_wt",2023,1,360.635,361.34,360.489,360.786,360.646
1,"F1_JPLL_A13_Q1_wt",2024,1,43.402,43.326,43.413,43.379,43.402
2,"F2_JPLL_A13_Q2_wt",1996,2,12.227,11.959,12.115,12.307,12.223
2,"F2_JPLL_A13_Q2_wt",1997,2,54.674,55.421,55.95,54.082,54.63
2,"F2_JPLL_A13_Q2_wt",2000,2,7.87,7.869,7.889,7.861,7.87
2,"F2_JPLL_A13_Q2_wt",2001,2,61.528,61.523,59.211,62.379,61.545
2,"F2_JPLL_A13_Q2_wt",2002,2,27.537,27.537,27.573,27.499,27.55
2,"F2_JPLL_A13_Q2_wt",2003,2,52.742,52.736,52.495,52.929,52.812
2,"F2_JPLL_A13_Q2_wt",2004,2,24.405,24.423,24.657,24.327,24.412
2,"F2_JPLL_A13_Q2_wt",2005,2,28.877,28.888,29.164,28.756,28.884
2,"F2_JPLL_A13_Q2_wt",2006,2,88.302,88.329,88.018,88.466,88.272
2,"F2_JPLL_A13_Q2_wt",2007,2,251.599,251.423,255.52,249.49,251.383
2,"F2_JPLL_A13_Q2_wt",2008,2,51.672,51.661,51.786,51.65,51.668
2,"F2_JPLL_A13_Q2_wt",2009,2,90.203,90.143,88.654,90.81,90.191
2,"F2_JPLL_A13_Q2_wt",2010,2,101.309,101.304,102.158,101.208,101.349
2,"F2_JPLL_A13_Q2_wt",2011,2,47.518,47.523,47.172,47.734,47.533
2,"F2_JPLL_A13_Q2_wt",2012,2,98.333,98.351,98.862,98.101,98.339
2,"F2_JPLL_A13_Q2_wt",2013,2,91.104,91.116,91.272,91.01,91.099
2,"F2_JPLL_A13_Q2_wt",2014,2,56.067,56.077,56.545,55.838,56.063
2,"F2_JPLL_A13_Q2_wt",2015,2,54.985,55.011,55.278,54.793,54.985
2,"F2_JPLL_A13_Q2_wt",2016,2,34.08,34.088,34.295,33.963,34.079
2,"F2_JPLL_A13_Q2_wt",2017,2,62.936,62.928,63.173,62.881,62.932
2,"F2_JPLL_A13_Q2_wt",2018,2,26.012,26.011,26.201,25.932,26.011
2,"F2_JPLL_A13_Q2_wt",2019,2,47.399,47.38,47.305,47.403,47.405
2,"F2_JPLL_A13_Q2_wt",2020,2,157.238,157.274,157.719,157.111,157.246
2,"F2_JPLL_A13_Q2_wt",2021,2,10.697,10.696,10.783,10.66,10.697
2,"F2_JPLL_A13_Q2_wt",2022,2,5.867,5.868,5.87,5.869,5.867
2,"F2_JPLL_A13_Q2_wt",2023,2,48.065,48.036,47.713,48.191,48.065
2,"F2_JPLL_A13_Q2_wt",2024,2,19.469,19.455,19.439,19.493,19.469
3,"F3_JPLL_A13_Q3_wt",2000,3,45.609,45.627,43.49,46.589,45.621
3,"F3_JPLL_A13_Q3_wt",2001,3,11.52,11.519,11.552,11.503,11.52
3,"F3_JPLL_A13_Q3_wt",2002,3,25.655,25.657,25.663,25.608,25.66
3,"F3_JPLL_A13_Q3_wt",2003,3,10.091,10.093,10.152,10.048,10.088
3,"F3_JPLL_A13_Q3_wt",2004,3,8.061,8.063,8.09,8.051,8.059
3,"F3_JPLL_A13_Q3_wt",2005,3,34.101,34.072,32.809,34.644,34.107
3,"F3_JPLL_A13_Q3_wt",2006,3,16.585,16.564,15.828,16.925,16.589
3,"F3_JPLL_A13_Q3_wt",2007,3,26.654,26.625,26.066,26.929,26.66
3,"F3_JPLL_A13_Q3_wt",2008,3,52.238,52.221,52.482,52.167,52.236
3,"F3_JPLL_A13_Q3_wt",2009,3,9.164,9.16,9.055,9.211,9.165
3,"F3_JPLL_A13_Q3_wt",2010,3,37.64,37.678,38.837,37.175,37.639
3,"F3_JPLL_A13_Q3_wt",2011,3,25.421,25.435,25.489,25.358,25.418
3,"F3_JPLL_A13_Q3_wt",2012,3,17.791,17.798,17.875,17.747,17.79
3,"F3_JPLL_A13_Q3_wt",2013,3,46.195,46.17,45.753,46.41,46.199
3,"F3_JPLL_A13_Q3_wt",2014,3,12.899,12.907,13.206,12.762,12.897
3,"F3_JPLL_A13_Q3_wt",2015,3,19.763,19.779,20.485,19.48,19.76
3,"F3_JPLL_A13_Q3_wt",2016,3,32.788,32.791,33.081,32.649,32.787
3,"F3_JPLL_A13_Q3_wt",2017,3,19.191,19.18,18.828,19.349,19.193
3,"F3_JPLL_A13_Q3_wt",2018,3,11.732,11.727,11.537,11.816,11.733
3,"F3_JPLL_A13_Q3_wt",2019,3,12.231,12.241,12.559,12.098,12.229
3,"F3_JPLL_A13_Q3_wt",2020,3,24.321,24.33,24.388,24.252,24.319
3,"F3_JPLL_A13_Q3_wt",2021,3,22.646,22.636,22.307,22.782,22.648
3,"F3_JPLL_A13_Q3_wt",2022,3,27.079,27.068,26.791,27.153,27.08
3,"F3_JPLL_A13_Q3_wt",2023,3,12.333,12.334,12.545,12.227,12.332
3,"F3_JPLL_A13_Q3_wt",2024,3,37.766,37.793,37.674,37.723,37.764
4,"F4_JPLL_A13_Q4_wt",1996,4,23.542,23.832,23.278,23.584,23.541
4,"F4_JPLL_A13_Q4_wt",1999,4,80.742,80.993,81.031,80.884,80.723
4,"F4_JPLL_A13_Q4_wt",2000,4,51.801,51.82,49.95,52.507,51.798
4,"F4_JPLL_A13_Q4_wt",2001,4,308.046,307.587,301.698,309.461,308.044
4,"F4_JPLL_A13_Q4_wt",2002,4,23.938,23.946,24.149,23.853,23.936
4,"F4_JPLL_A13_Q4_wt",2003,4,43.123,43.143,43.555,42.933,43.119
4,"F4_JPLL_A13_Q4_wt",2004,4,137.736,137.876,145.103,135.292,137.685
4,"F4_JPLL_A13_Q4_wt",2005,4,43.472,43.481,44.989,43.038,43.467
4,"F4_JPLL_A13_Q4_wt",2006,4,106.012,105.949,110.391,104.643,105.976
4,"F4_JPLL_A13_Q4_wt",2007,4,374.787,374.326,365.665,379.275,374.67
4,"F4_JPLL_A13_Q4_wt",2008,4,91.534,91.484,95.306,90.726,91.555
4,"F4_JPLL_A13_Q4_wt",2009,4,314.646,314.652,337.852,308.01,314.588
4,"F4_JPLL_A13_Q4_wt",2010,4,75.58,75.576,73.859,76.239,75.591
4,"F4_JPLL_A13_Q4_wt",2011,4,137.01,137.034,132.914,138.175,136.995
4,"F4_JPLL_A13_Q4_wt",2012,4,87.61,87.584,85.596,88.413,87.618
4,"F4_JPLL_A13_Q4_wt",2013,4,35.24,35.246,35.031,35.281,35.241
4,"F4_JPLL_A13_Q4_wt",2014,4,117.392,117.384,114.946,118.034,117.398
4,"F4_JPLL_A13_Q4_wt",2015,4,84.642,84.648,83.08,85.112,84.646
4,"F4_JPLL_A13_Q4_wt",2016,4,70.888,70.895,74.169,70.001,70.883
4,"F4_JPLL_A13_Q4_wt",2017,4,249.634,249.512,226.231,257.404,249.698
4,"F4_JPLL_A13_Q4_wt",2018,4,217.162,216.995,206.673,221.751,217.211
4,"F4_JPLL_A13_Q4_wt",2019,4,112.949,113.031,108.906,113.955,112.952
4,"F4_JPLL_A13_Q4_wt",2020,4,78.414,78.407,77.464,78.702,78.42
4,"F4_JPLL_A13_Q4_wt",2021,4,50.001,50.009,48.628,50.459,50
4,"F4_JPLL_A13_Q4_wt",2022,4,50.089,50.085,51.941,49.435,50.088
4,"F4_JPLL_A13_Q4_wt",2023,4,25.555,25.535,24.878,25.741,25.558
4,"F4_JPLL_A13_Q4_wt",2024,4,32.06,32.068,32.283,31.984,32.06
9,"F9_JPLL_A2_Q1_wt",1994,1,61.291,57.197,61.102,60.517,61.276
9,"F9_JPLL_A2_Q1_wt",1996,1,58.001,59.611,60.432,59.049,58.019
9,"F9_JPLL_A2_Q1_wt",1997,1,40.108,41.624,38.89,39.453,40.101
9,"F9_JPLL_A2_Q1_wt",1999,1,47.261,47.029,46.643,47.197,47.264
9,"F9_JPLL_A2_Q1_wt",2000,1,53.855,53.682,53.175,54.24,53.862
9,"F9_JPLL_A2_Q1_wt",2001,1,197.443,196.994,188.898,201.857,197.361
9,"F9_JPLL_A2_Q1_wt",2002,1,538.884,538.131,536.469,552.336,538.506
9,"F9_JPLL_A2_Q1_wt",2003,1,239.782,239.846,245.905,240.008,239.771
9,"F9_JPLL_A2_Q1_wt",2004,1,73.801,73.668,72.201,75.05,73.792
9,"F9_JPLL_A2_Q1_wt",2005,1,96.19,96.113,98.463,96.352,96.173
9,"F9_JPLL_A2_Q1_wt",2006,1,112.203,111.963,115.972,111.526,112.245
9,"F9_JPLL_A2_Q1_wt",2007,1,67.003,66.802,70.486,64.536,67.014
9,"F9_JPLL_A2_Q1_wt",2008,1,149.293,149.561,155.77,147.019,149.288
9,"F9_JPLL_A2_Q1_wt",2009,1,89.279,89.028,92.332,88.478,89.313
9,"F9_JPLL_A2_Q1_wt",2010,1,341.835,342.468,339.903,344.427,342.011
9,"F9_JPLL_A2_Q1_wt",2011,1,97.31,97.515,97.757,97.006,97.32
9,"F9_JPLL_A2_Q1_wt",2012,1,109.365,109.617,111.697,108.098,109.361
9,"F9_JPLL_A2_Q1_wt",2013,1,265.097,264.309,270.361,264.112,265.228
9,"F9_JPLL_A2_Q1_wt",2014,1,145.366,145.142,151.584,143.906,145.374
9,"F9_JPLL_A2_Q1_wt",2015,1,421.177,418.751,424.473,427.102,421.368
9,"F9_JPLL_A2_Q1_wt",2016,1,220.851,220.665,213.132,223.432,220.803
9,"F9_JPLL_A2_Q1_wt",2017,1,85.626,85.642,83.756,86.868,85.598
9,"F9_JPLL_A2_Q1_wt",2018,1,157.287,157.357,154.018,160.045,157.298
9,"F9_JPLL_A2_Q1_wt",2019,1,126.819,126.472,128.763,127.097,126.81
9,"F9_JPLL_A2_Q1_wt",2020,1,24.487,24.524,24.356,24.514,24.486
9,"F9_JPLL_A2_Q1_wt",2021,1,39.486,39.406,39.773,39.577,39.488
9,"F9_JPLL_A2_Q1_wt",2022,1,309.004,308.795,307.11,313.938,309.034
9,"F9_JPLL_A2_Q1_wt",2023,1,32.817,32.813,33.441,32.537,32.823
9,"F9_JPLL_A2_Q1_wt",2024,1,56.822,56.764,59.865,55.948,56.83
10,"F10_JPLL_A2_Q2_wt_9624",2000,2,31.962,31.945,32.237,32.01,31.96
10,"F10_JPLL_A2_Q2_wt_9624",2001,2,126.078,125.201,122.256,127.645,126.101
10,"F10_JPLL_A2_Q2_wt_9624",2002,2,242.075,242.151,244.644,241.635,242.053
10,"F10_JPLL_A2_Q2_wt_9624",2003,2,16.318,16.33,16.462,16.281,16.318
10,"F10_JPLL_A2_Q2_wt_9624",2004,2,251.995,252.718,245.16,255.886,252.001
10,"F10_JPLL_A2_Q2_wt_9624",2005,2,87.364,87.122,88.381,86.966,87.34
10,"F10_JPLL_A2_Q2_wt_9624",2006,2,100.931,100.945,98.567,102.172,100.946
10,"F10_JPLL_A2_Q2_wt_9624",2007,2,90.262,89.977,95.205,88.39,90.22
10,"F10_JPLL_A2_Q2_wt_9624",2008,2,67.915,68.024,66.723,68.459,67.915
10,"F10_JPLL_A2_Q2_wt_9624",2009,2,161.893,161.748,161.511,162.428,161.948
10,"F10_JPLL_A2_Q2_wt_9624",2010,2,525.026,522.449,544.576,519.423,525.12
10,"F10_JPLL_A2_Q2_wt_9624",2011,2,91.696,91.4,95.011,90.582,91.688
10,"F10_JPLL_A2_Q2_wt_9624",2012,2,79.159,79.392,75.609,80.735,79.178
10,"F10_JPLL_A2_Q2_wt_9624",2013,2,402.801,403.163,409.765,398.877,402.734
10,"F10_JPLL_A2_Q2_wt_9624",2014,2,391.133,389.115,397.005,388.19,391.117
10,"F10_JPLL_A2_Q2_wt_9624",2015,2,142.103,141.907,144.542,141.224,142.092
10,"F10_JPLL_A2_Q2_wt_9624",2016,2,270.121,271.079,257.532,275.757,270.196
10,"F10_JPLL_A2_Q2_wt_9624",2017,2,142.377,141.819,152.907,138.628,142.323
10,"F10_JPLL_A2_Q2_wt_9624",2018,2,164.224,164.278,163.136,164.548,164.228
10,"F10_JPLL_A2_Q2_wt_9624",2019,2,134.782,134.303,140.267,132.941,134.75
10,"F10_JPLL_A2_Q2_wt_9624",2020,2,234.233,232.906,249.819,228.679,234.154
10,"F10_JPLL_A2_Q2_wt_9624",2021,2,33.853,33.901,33.937,33.816,33.854
10,"F10_JPLL_A2_Q2_wt_9624",2022,2,108.289,108.45,109.333,107.891,108.299
10,"F10_JPLL_A2_Q2_wt_9624",2023,2,21.758,21.725,22.683,21.415,21.756
10,"F10_JPLL_A2_Q2_wt_9624",2024,2,51.217,51.219,49.961,51.696,51.223
11,"F11_JPLL_A2_Q3_wt",2001,3,168.548,166.994,172.17,166.601,168.52
11,"F11_JPLL_A2_Q3_wt",2002,3,96.744,96.515,97.221,96.3,96.745
11,"F11_JPLL_A2_Q3_wt",2003,3,73.638,73.674,74.817,73.211,73.63
11,"F11_JPLL_A2_Q3_wt",2004,3,143.924,144.085,144.412,143.692,143.879
11,"F11_JPLL_A2_Q3_wt",2005,3,69.75,69.76,69.233,70.086,69.744
11,"F11_JPLL_A2_Q3_wt",2006,3,155.629,155.573,155.633,155.912,155.593
11,"F11_JPLL_A2_Q3_wt",2007,3,91.723,91.658,92.02,91.69,91.703
11,"F11_JPLL_A2_Q3_wt",2008,3,62.548,62.58,63.313,62.066,62.53
11,"F11_JPLL_A2_Q3_wt",2009,3,98.625,98.552,98.96,98.858,98.655
11,"F11_JPLL_A2_Q3_wt",2010,3,166.487,166.754,169.865,163.972,166.42
11,"F11_JPLL_A2_Q3_wt",2011,3,1215.13,1214.88,1249.91,1207.64,1214.99
11,"F11_JPLL_A2_Q3_wt",2012,3,255.722,256.075,258.608,253.503,255.684
11,"F11_JPLL_A2_Q3_wt",2013,3,222.984,223.357,230.514,219.407,222.896
11,"F11_JPLL_A2_Q3_wt",2014,3,183.141,182.94,181.907,184.198,183.15
11,"F11_JPLL_A2_Q3_wt",2015,3,206.465,206.628,209.538,204.814,206.456
11,"F11_JPLL_A2_Q3_wt",2016,3,222.934,223.152,226.844,220.169,222.909
11,"F11_JPLL_A2_Q3_wt",2017,3,249.628,249.534,251.296,249.768,249.623
11,"F11_JPLL_A2_Q3_wt",2018,3,256.298,256.327,260.123,254.83,256.274
11,"F11_JPLL_A2_Q3_wt",2019,3,136.188,136.069,136.143,136.748,136.19
11,"F11_JPLL_A2_Q3_wt",2020,3,9.339,9.339,9.335,9.346,9.339
11,"F11_JPLL_A2_Q3_wt",2021,3,42.711,42.747,43.198,42.472,42.709
11,"F11_JPLL_A2_Q3_wt",2022,3,55.556,55.568,57.36,54.862,55.554
11,"F11_JPLL_A2_Q3_wt",2023,3,20.874,20.866,21.087,20.832,20.874
11,"F11_JPLL_A2_Q3_wt",2024,3,148.558,148.503,147.477,148.588,148.564
12,"F12_JPLL_A2_Q4_wt",1994,4,44.329,48.676,44.496,45.934,44.34
12,"F12_JPLL_A2_Q4_wt",1996,4,41.36,41.324,40.779,40.258,41.356
12,"F12_JPLL_A2_Q4_wt",1997,4,51.639,49.175,52.278,51.958,51.638
12,"F12_JPLL_A2_Q4_wt",1999,4,62.308,62.075,62.441,62.785,62.313
12,"F12_JPLL_A2_Q4_wt",2001,4,162.81,161.67,171.597,159.631,162.783
12,"F12_JPLL_A2_Q4_wt",2002,4,106.192,106.102,106.912,105.891,106.194
12,"F12_JPLL_A2_Q4_wt",2003,4,42.684,42.715,43.983,42.26,42.677
12,"F12_JPLL_A2_Q4_wt",2004,4,69.198,69.259,69.954,68.933,69.186
12,"F12_JPLL_A2_Q4_wt",2005,4,46.68,46.679,46.35,46.778,46.677
12,"F12_JPLL_A2_Q4_wt",2006,4,267.672,267.763,265.306,268.797,267.623
12,"F12_JPLL_A2_Q4_wt",2007,4,68.391,68.376,67.822,68.592,68.386
12,"F12_JPLL_A2_Q4_wt",2008,4,318.3,317.916,313.255,319.109,318.31
12,"F12_JPLL_A2_Q4_wt",2009,4,269.373,269.66,282.173,265.265,269.341
12,"F12_JPLL_A2_Q4_wt",2010,4,82.144,82.062,80.963,82.703,82.161
12,"F12_JPLL_A2_Q4_wt",2011,4,260.059,260.382,260.265,259.991,260.024
12,"F12_JPLL_A2_Q4_wt",2012,4,56.558,56.521,56.036,56.729,56.559
12,"F12_JPLL_A2_Q4_wt",2013,4,47.546,47.542,47.53,47.553,47.547
12,"F12_JPLL_A2_Q4_wt",2014,4,291.49,291.888,294.844,290.244,291.461
12,"F12_JPLL_A2_Q4_wt",2015,4,126.623,126.757,128.776,125.784,126.614
12,"F12_JPLL_A2_Q4_wt",2016,4,137.932,138.056,141.068,136.903,137.918
12,"F12_JPLL_A2_Q4_wt",2017,4,112.16,112.08,113.15,111.723,112.157
12,"F12_JPLL_A2_Q4_wt",2018,4,140.316,140.299,142.456,139.728,140.308
12,"F12_JPLL_A2_Q4_wt",2019,4,109.11,109.073,108.941,108.919,109.109
12,"F12_JPLL_A2_Q4_wt",2020,4,103.612,103.723,104.388,103.371,103.605
12,"F12_JPLL_A2_Q4_wt",2021,4,96.009,95.866,91.666,97.656,96.021
12,"F12_JPLL_A2_Q4_wt",2022,4,51.023,51.046,52.91,50.339,51.02
12,"F12_JPLL_A2_Q4_wt",2023,4,35.842,35.836,36.679,35.547,35.842
12,"F12_JPLL_A2_Q4_wt",2024,4,49.627,49.624,50.496,49.381,49.626
17,"F17_JPLL_A4_num",1995,3,65.494,63.891,66.628,65.471,65.498
17,"F17_JPLL_A4_num",1995,4,34.538,33.098,34.16,34.159,34.535
17,"F17_JPLL_A4_num",1996,2,8.614,8.784,8.641,8.649,8.615
17,"F17_JPLL_A4_num",1999,4,32.824,32.492,32.882,32.951,32.825
17,"F17_JPLL_A4_num",2000,1,31.048,30.502,31.456,31.168,31.051
17,"F17_JPLL_A4_num",2000,2,155.041,154.926,153.681,156.12,155.068
17,"F17_JPLL_A4_num",2000,4,33.882,33.644,34.036,34.017,33.883
17,"F17_JPLL_A4_num",2001,1,39.156,39.13,38.68,39.46,39.158
17,"F17_JPLL_A4_num",2001,2,38.92,38.857,38.742,39.023,38.92
17,"F17_JPLL_A4_num",2001,3,139.152,139.558,135.506,140.718,139.162
17,"F17_JPLL_A4_num",2001,4,83.833,84.076,81.983,84.584,83.84
17,"F17_JPLL_A4_num",2002,1,44.747,44.824,43.432,45.222,44.753
17,"F17_JPLL_A4_num",2002,2,144.34,143.823,149.043,142.846,144.318
17,"F17_JPLL_A4_num",2002,3,67.714,67.787,65.3,68.5,67.729
17,"F17_JPLL_A4_num",2002,4,143.563,143.565,138.605,145.023,143.604
17,"F17_JPLL_A4_num",2003,1,150.66,150.848,145.234,152.246,150.698
17,"F17_JPLL_A4_num",2003,2,6.824,6.826,6.835,6.82,6.823
17,"F17_JPLL_A4_num",2003,3,29.053,29.116,29.653,28.884,29.048
17,"F17_JPLL_A4_num",2004,1,80.99,81.341,83.549,80.26,80.977
17,"F17_JPLL_A4_num",2004,2,17.052,17.076,17.197,17.005,17.052
17,"F17_JPLL_A4_num",2004,3,186.625,186.855,188.57,186.082,186.608
17,"F17_JPLL_A4_num",2005,1,147.638,148.21,151.356,146.706,147.616
17,"F17_JPLL_A4_num",2005,2,12.844,12.848,12.841,12.847,12.844
17,"F17_JPLL_A4_num",2005,3,124.489,124.641,123.266,125.164,124.485
17,"F17_JPLL_A4_num",2005,4,40.949,40.837,41.093,40.853,40.946
17,"F17_JPLL_A4_num",2006,1,331.031,329.444,329.632,330.826,331.028
17,"F17_JPLL_A4_num",2006,2,42.321,42.241,42.38,42.251,42.319
17,"F17_JPLL_A4_num",2006,3,92.475,92.509,91.758,92.852,92.478
17,"F17_JPLL_A4_num",2006,4,92.663,92.673,92.756,92.688,92.665
17,"F17_JPLL_A4_num",2007,1,83.082,83.099,83.191,83.006,83.081
17,"F17_JPLL_A4_num",2007,2,26.558,26.56,26.669,26.505,26.557
17,"F17_JPLL_A4_num",2007,3,104.897,104.749,105.039,104.699,104.896
17,"F17_JPLL_A4_num",2008,1,56.533,56.424,58.844,55.516,56.518
17,"F17_JPLL_A4_num",2008,2,34.825,34.877,35.298,34.635,34.823
17,"F17_JPLL_A4_num",2008,3,68.9,69.09,69.532,68.681,68.893
17,"F17_JPLL_A4_num",2008,4,101.617,102.052,101.34,101.778,101.589
17,"F17_JPLL_A4_num",2009,1,51.775,51.886,52.355,51.552,51.765
17,"F17_JPLL_A4_num",2009,3,74.948,75.013,74.507,75.308,74.948
17,"F17_JPLL_A4_num",2010,1,4.552,4.552,4.553,4.55,4.552
17,"F17_JPLL_A4_num",2010,2,1.813,1.813,1.812,1.814,1.813
17,"F17_JPLL_A4_num",2010,3,16.752,16.791,16.759,16.748,16.75
17,"F17_JPLL_A4_num",2010,4,71.962,72.105,72.754,71.737,71.945
17,"F17_JPLL_A4_num",2011,1,115.397,115.506,115.681,115.394,115.388
17,"F17_JPLL_A4_num",2011,3,100.051,100.554,98.233,100.891,100.035
17,"F17_JPLL_A4_num",2011,4,18.934,18.958,18.695,19.031,18.934
17,"F17_JPLL_A4_num",2012,1,39.139,39.079,39.233,39.078,39.142
17,"F17_JPLL_A4_num",2012,2,15.923,15.909,15.954,15.907,15.923
17,"F17_JPLL_A4_num",2012,3,286.231,286.546,279.384,289.632,286.242
17,"F17_JPLL_A4_num",2012,4,101.927,101.966,100.378,102.631,101.933
17,"F17_JPLL_A4_num",2013,1,9.374,9.383,9.404,9.363,9.373
17,"F17_JPLL_A4_num",2013,2,30.811,30.716,30.819,30.749,30.815
17,"F17_JPLL_A4_num",2013,3,50.881,50.721,50.939,50.761,50.888
17,"F17_JPLL_A4_num",2014,1,5.139,5.143,5.148,5.137,5.139
17,"F17_JPLL_A4_num",2014,2,16.405,16.382,16.418,16.382,16.406
17,"F17_JPLL_A4_num",2014,4,213.224,213.294,210.998,214.211,213.226
17,"F17_JPLL_A4_num",2015,3,132.722,132.225,133.737,132.252,132.722
17,"F17_JPLL_A4_num",2015,4,20.419,20.395,20.588,20.333,20.42
17,"F17_JPLL_A4_num",2016,2,277.121,276.695,277.54,277.145,277.112
17,"F17_JPLL_A4_num",2016,3,166.303,166.747,162.509,168.176,166.3
17,"F17_JPLL_A4_num",2017,3,176.416,176.059,175.679,176.774,176.414
17,"F17_JPLL_A4_num",2017,4,60.09,59.916,61.617,59.466,60.088
17,"F17_JPLL_A4_num",2018,2,60.894,60.919,60.677,60.993,60.894
17,"F17_JPLL_A4_num",2018,3,30.009,29.971,30.638,29.737,30.008
17,"F17_JPLL_A4_num",2019,1,7.072,7.072,7.113,7.053,7.072
17,"F17_JPLL_A4_num",2019,2,16.593,16.586,16.689,16.545,16.593
17,"F17_JPLL_A4_num",2019,3,199.6,199.864,193.609,202.5,199.612
17,"F17_JPLL_A4_num",2019,4,137.037,136.557,139.965,135.544,137.036
17,"F17_JPLL_A4_num",2020,2,12.23,12.218,12.263,12.213,12.23
17,"F17_JPLL_A4_num",2020,3,36.572,36.491,37.129,36.3,36.572
17,"F17_JPLL_A4_num",2023,2,3.315,3.313,3.306,3.317,3.315
17,"F17_JPLL_A4_num",2023,3,10.805,10.788,10.919,10.76,10.805
17,"F17_JPLL_A4_num",2024,1,11.588,11.579,11.624,11.571,11.588
17,"F17_JPLL_A4_num",2024,2,8.357,8.357,8.323,8.37,8.358
18,"F18_JPLL_A5_num",1995,4,65.696,63.829,62.868,65.783,65.698
18,"F18_JPLL_A5_num",2003,4,55.063,54.954,54.572,55.324,55.066
18,"F18_JPLL_A5_num",2004,2,32.237,32.196,32.044,32.357,32.243
18,"F18_JPLL_A5_num",2004,3,31.703,31.674,30.907,32.129,31.703
18,"F18_JPLL_A5_num",2004,4,140.551,140.209,135.168,143.608,140.56
18,"F18_JPLL_A5_num",2005,4,35.587,35.614,36.595,35.056,35.586
18,"F18_JPLL_A5_num",2006,4,41.413,41.334,41.616,41.329,41.403
18,"F18_JPLL_A5_num",2007,4,11.267,11.261,11.055,11.37,11.266
18,"F18_JPLL_A5_num",2008,4,27.774,27.78,27.29,27.996,27.773
18,"F18_JPLL_A5_num",2009,3,29.823,29.877,31.085,29.207,29.822
18,"F18_JPLL_A5_num",2011,3,25.536,25.549,25.403,25.583,25.538
18,"F18_JPLL_A5_num",2011,4,54.608,54.478,52.891,55.591,54.603
19,"F19_JPPL_A35_Q1",2002,1,25.979,26.256,27.073,26.172,25.972
19,"F19_JPPL_A35_Q1",2004,1,35.687,34.505,35.055,30.983,35.696
19,"F19_JPPL_A35_Q1",2005,1,16.21,15.757,16.224,14.889,16.211
19,"F19_JPPL_A35_Q1",2007,1,7.953,7.911,7.811,7.985,7.954
19,"F19_JPPL_A35_Q1",2022,1,6.888,6.983,6.799,7.582,6.888
19,"F19_JPPL_A35_Q1",2023,1,21.452,21.808,21.123,22.477,21.456
20,"F20_JPPL_A35_Q2",1994,2,2.651,2.68,2.661,2.647,2.651
20,"F20_JPPL_A35_Q2",1995,2,4.862,4.822,4.868,4.863,4.861
20,"F20_JPPL_A35_Q2",1996,2,18.77,18.759,18.803,18.758,18.77
20,"F20_JPPL_A35_Q2",1997,2,153.862,154.077,149.304,155.589,153.881
20,"F20_JPPL_A35_Q2",1998,2,3.852,3.853,3.857,3.85,3.852
20,"F20_JPPL_A35_Q2",1999,2,24.303,24.284,23.924,24.462,24.301
20,"F20_JPPL_A35_Q2",2000,2,3.078,3.079,3.105,3.068,3.078
20,"F20_JPPL_A35_Q2",2001,2,8.17,8.169,8.21,8.153,8.169
20,"F20_JPPL_A35_Q2",2002,2,33.177,33.19,33.489,33.032,33.164
20,"F20_JPPL_A35_Q2",2003,2,99.48,99.582,97.513,100.266,99.509
20,"F20_JPPL_A35_Q2",2004,2,15.808,15.801,16.006,15.735,15.805
20,"F20_JPPL_A35_Q2",2005,2,12.951,12.948,13.004,12.91,12.944
20,"F20_JPPL_A35_Q2",2006,2,62.898,62.9,61.938,63.291,62.922
20,"F20_JPPL_A35_Q2",2007,2,58.243,58.05,52.267,61.041,58.246
20,"F20_JPPL_A35_Q2",2008,2,24.05,24.047,23.964,24.084,24.048
20,"F20_JPPL_A35_Q2",2009,2,99.658,99.613,100.486,99.394,99.655
20,"F20_JPPL_A35_Q2",2010,2,45.423,45.415,45.055,45.552,45.424
20,"F20_JPPL_A35_Q2",2011,2,27.262,27.271,26.934,27.404,27.264
20,"F20_JPPL_A35_Q2",2012,2,26.658,26.666,26.802,26.584,26.657
20,"F20_JPPL_A35_Q2",2013,2,18.947,18.95,19.196,18.843,18.945
20,"F20_JPPL_A35_Q2",2014,2,30.105,30.116,30.388,29.984,30.104
20,"F20_JPPL_A35_Q2",2015,2,20.968,20.968,20.959,20.975,20.968
20,"F20_JPPL_A35_Q2",2016,2,83.491,83.481,82.844,83.796,83.494
20,"F20_JPPL_A35_Q2",2017,2,50.064,50.072,50.68,49.86,50.062
20,"F20_JPPL_A35_Q2",2018,2,24.745,24.745,24.978,24.657,24.744
20,"F20_JPPL_A35_Q2",2019,2,8.05,8.05,7.984,8.078,8.05
20,"F20_JPPL_A35_Q2",2020,2,22.463,22.465,22.189,22.568,22.465
20,"F20_JPPL_A35_Q2",2021,2,3.616,3.617,3.603,3.621,3.616
20,"F20_JPPL_A35_Q2",2022,2,2.577,2.577,2.579,2.576,2.577
20,"F20_JPPL_A35_Q2",2023,2,56.84,56.864,55.931,57.207,56.847
20,"F20_JPPL_A35_Q2",2024,2,12.611,12.61,12.657,12.595,12.61
21,"F21_JPPL_A35_Q3",1994,3,12.243,12.315,12.327,12.219,12.24
21,"F21_JPPL_A35_Q3",1995,3,24.676,25.446,24.828,24.568,24.681
21,"F21_JPPL_A35_Q3",1996,3,23.77,23.778,23.71,23.786,23.762
21,"F21_JPPL_A35_Q3",1997,3,24.177,24.201,24.157,24.168,24.161
21,"F21_JPPL_A35_Q3",1998,3,11.351,11.359,11.389,11.331,11.35
21,"F21_JPPL_A35_Q3",1999,3,40.593,40.489,39.084,41.254,40.589
21,"F21_JPPL_A35_Q3",2000,3,4.374,4.375,4.401,4.36,4.374
21,"F21_JPPL_A35_Q3",2001,3,45.016,44.995,45.625,44.659,45.022
21,"F21_JPPL_A35_Q3",2002,3,9.482,9.483,9.446,9.494,9.479
21,"F21_JPPL_A35_Q3",2003,3,30.576,30.57,30.406,30.693,30.6
21,"F21_JPPL_A35_Q3",2004,3,7.827,7.828,7.864,7.801,7.824
21,"F21_JPPL_A35_Q3",2005,3,7.158,7.159,7.167,7.151,7.157
21,"F21_JPPL_A35_Q3",2006,3,5.658,5.654,5.589,5.694,5.659
21,"F21_JPPL_A35_Q3",2007,3,17.731,17.708,17.347,17.919,17.727
21,"F21_JPPL_A35_Q3",2008,3,19.862,19.864,19.705,19.954,19.873
21,"F21_JPPL_A35_Q3",2009,3,15.544,15.537,15.316,15.676,15.552
21,"F21_JPPL_A35_Q3",2010,3,4.75,4.75,4.768,4.74,4.749
21,"F21_JPPL_A35_Q3",2011,3,6.949,6.948,6.947,6.946,6.949
21,"F21_JPPL_A35_Q3",2012,3,21.642,21.625,21.23,21.846,21.64
21,"F21_JPPL_A35_Q3",2013,3,3.771,3.771,3.775,3.767,3.77
21,"F21_JPPL_A35_Q3",2014,3,73.85,73.778,71.426,74.96,73.854
21,"F21_JPPL_A35_Q3",2015,3,15.878,15.868,15.802,15.911,15.875
21,"F21_JPPL_A35_Q3",2016,3,15.176,15.169,14.83,15.351,15.178
21,"F21_JPPL_A35_Q3",2017,3,21.105,21.097,21.4,20.964,21.102
21,"F21_JPPL_A35_Q3",2018,3,9.844,9.835,9.733,9.897,9.845
21,"F21_JPPL_A35_Q3",2019,3,8.485,8.481,8.481,8.485,8.484
21,"F21_JPPL_A35_Q3",2021,3,10.505,10.496,10.276,10.624,10.506
21,"F21_JPPL_A35_Q3",2023,3,8.357,8.343,8.17,8.449,8.358
21,"F21_JPPL_A35_Q3",2024,3,22.494,22.489,22.552,22.467,22.502
22,"F22_JPPL_A35_Q4",1994,4,7.665,7.582,7.695,7.69,7.688
22,"F22_JPPL_A35_Q4",1995,4,14.14,14.133,14.034,14.137,14.105
22,"F22_JPPL_A35_Q4",1997,4,4.858,4.859,4.867,4.862,4.864
22,"F22_JPPL_A35_Q4",2002,4,8.78,8.786,8.954,8.79,8.844
22,"F22_JPPL_A35_Q4",2003,4,38.113,38.078,37.355,37.87,37.692
22,"F22_JPPL_A35_Q4",2005,4,8.207,8.207,8.192,8.202,8.199
22,"F22_JPPL_A35_Q4",2009,4,4.506,4.506,4.512,4.507,4.509
22,"F22_JPPL_A35_Q4",2019,4,6.357,6.366,6.384,6.356,6.365
22,"F22_JPPL_A35_Q4",2020,4,1.184,1.184,1.18,1.184,1.183
23,"F23_JPPL_A24",1994,2,8.88,8.963,9.009,8.926,8.881
23,"F23_JPPL_A24",1996,2,9.6,10.008,9.558,9.566,9.601
23,"F23_JPPL_A24",1997,2,7.307,7.358,7.382,7.263,7.308
23,"F23_JPPL_A24",2002,1,13.542,13.476,13.581,13.503,13.543
23,"F23_JPPL_A24",2002,2,6.325,6.331,6.293,6.334,6.325
23,"F23_JPPL_A24",2002,4,11.494,11.451,11.497,11.471,11.494
23,"F23_JPPL_A24",2003,1,18.465,18.356,18.32,18.511,18.465
23,"F23_JPPL_A24",2003,2,12.993,13.048,13.136,12.95,12.994
23,"F23_JPPL_A24",2003,4,13.811,13.75,13.945,13.732,13.811
23,"F23_JPPL_A24",2004,1,80.397,80.444,82.247,79.433,80.403
23,"F23_JPPL_A24",2004,2,21.737,21.852,21.567,21.804,21.739
23,"F23_JPPL_A24",2005,1,3.681,3.677,3.683,3.683,3.681
23,"F23_JPPL_A24",2005,2,3.911,3.907,3.912,3.913,3.911
23,"F23_JPPL_A24",2006,2,14.615,14.657,14.544,14.654,14.617
23,"F23_JPPL_A24",2007,2,5.21,5.202,5.19,5.222,5.21
23,"F23_JPPL_A24",2009,2,12.224,12.254,12.05,12.312,12.225
23,"F23_JPPL_A24",2010,2,10.217,10.25,10.139,10.259,10.217
23,"F23_JPPL_A24",2011,2,17.076,17.095,16.948,17.158,17.074
23,"F23_JPPL_A24",2011,3,7.329,7.313,7.304,7.348,7.33
23,"F23_JPPL_A24",2013,2,5.942,5.937,5.947,5.934,5.941
23,"F23_JPPL_A24",2015,2,8.906,8.922,8.916,8.899,8.906
23,"F23_JPPL_A24",2015,3,11.27,11.219,11.383,11.209,11.27
23,"F23_JPPL_A24",2015,4,7.508,7.487,7.549,7.485,7.508
23,"F23_JPPL_A24",2017,2,11.937,11.977,11.901,11.95,11.937
23,"F23_JPPL_A24",2021,2,10.33,10.31,10.207,10.396,10.331
24,"F24_USLL_A35",1994,4,19.037,18.741,20.114,19.369,19.037
24,"F24_USLL_A35",1995,1,27.676,27.289,27.795,27.882,27.673
24,"F24_USLL_A35",1995,2,24.565,23.634,25.265,25.002,24.562
24,"F24_USLL_A35",1996,3,11.317,11.364,11.725,11.232,11.318
24,"F24_USLL_A35",1996,4,38.657,40.003,40.805,37.929,38.66
24,"F24_USLL_A35",1997,1,17.127,17.098,18.02,17.096,17.128
24,"F24_USLL_A35",1997,2,11.595,11.571,12.001,11.613,11.595
24,"F24_USLL_A35",1997,4,63.381,62.266,57.644,64.478,63.41
24,"F24_USLL_A35",1998,1,10.162,10.124,9.928,10.209,10.162
24,"F24_USLL_A35",1998,3,18.517,18.658,19.46,18.391,18.513
24,"F24_USLL_A35",1998,4,67.368,66.706,65.586,67.418,67.374
24,"F24_USLL_A35",1999,1,57.349,56.888,54.974,57.718,57.356
24,"F24_USLL_A35",1999,2,10.013,10.059,10.399,9.97,10.013
24,"F24_USLL_A35",1999,4,53.716,53.494,49.818,54.377,53.715
24,"F24_USLL_A35",2000,1,91.306,91.635,88.546,92.273,91.304
24,"F24_USLL_A35",2000,2,11.424,11.451,11.534,11.475,11.425
24,"F24_USLL_A35",2000,4,76.085,75.898,73.828,75.841,76.076
24,"F24_USLL_A35",2001,1,38.045,38,37.543,37.927,38.042
24,"F24_USLL_A35",2004,4,59.358,59.27,57.701,59.539,59.366
24,"F24_USLL_A35",2005,1,17.702,17.678,17.167,17.739,17.705
24,"F24_USLL_A35",2005,2,11.26,11.267,11.518,11.241,11.259
24,"F24_USLL_A35",2005,4,50.15,50.183,49.445,50.202,50.172
24,"F24_USLL_A35",2006,1,145.451,145.416,139.729,145.762,145.544
24,"F24_USLL_A35",2007,1,99.993,99.734,95.136,100.356,100.016
24,"F24_USLL_A35",2007,4,34.846,34.839,34.638,34.797,34.839
24,"F24_USLL_A35",2008,1,79.435,79.514,82.201,78.825,79.409
24,"F24_USLL_A35",2008,2,8.878,8.884,9.081,8.882,8.878
24,"F24_USLL_A35",2008,4,101.071,101.041,97.495,100.787,101.062
24,"F24_USLL_A35",2009,1,42.536,42.516,41.308,42.509,42.535
24,"F24_USLL_A35",2009,2,9.216,9.218,9.236,9.212,9.216
24,"F24_USLL_A35",2009,3,10.448,10.459,10.784,10.42,10.448
24,"F24_USLL_A35",2009,4,20.31,20.312,20.456,20.322,20.309
24,"F24_USLL_A35",2010,1,91.908,91.666,86.704,92.57,91.902
24,"F24_USLL_A35",2010,2,5.266,5.267,5.295,5.275,5.266
24,"F24_USLL_A35",2010,3,13.184,13.199,13.61,13.171,13.184
24,"F24_USLL_A35",2010,4,50.21,50.315,52.196,49.937,50.211
24,"F24_USLL_A35",2011,1,57.526,57.618,58.831,57.214,57.523
24,"F24_USLL_A35",2011,2,5.565,5.569,5.667,5.567,5.566
24,"F24_USLL_A35",2011,4,61.614,61.62,60.778,61.26,61.6
24,"F24_USLL_A35",2012,1,278.176,278.508,286.703,275.873,278.132
24,"F24_USLL_A35",2012,2,4.481,4.483,4.524,4.487,4.481
24,"F24_USLL_A35",2012,3,29.916,29.98,31.468,29.811,29.913
24,"F24_USLL_A35",2012,4,28.074,28.104,28.966,28.093,28.074
24,"F24_USLL_A35",2013,1,9.275,9.267,9.173,9.259,9.275
24,"F24_USLL_A35",2013,2,11.242,11.255,11.523,11.248,11.242
24,"F24_USLL_A35",2013,4,28.863,28.852,28.396,28.826,28.863
24,"F24_USLL_A35",2014,1,79.976,79.791,76.649,79.854,79.979
24,"F24_USLL_A35",2014,2,9.227,9.234,9.345,9.247,9.227
24,"F24_USLL_A35",2014,4,10.795,10.795,10.813,10.781,10.794
24,"F24_USLL_A35",2015,1,32.541,32.494,31.587,32.662,32.544
24,"F24_USLL_A35",2015,2,3.865,3.866,3.898,3.867,3.865
24,"F24_USLL_A35",2015,3,8.64,8.642,8.673,8.675,8.64
24,"F24_USLL_A35",2016,1,16.42,16.417,16.36,16.438,16.42
24,"F24_USLL_A35",2016,3,8.064,8.066,8.084,8.107,8.065
24,"F24_USLL_A35",2016,4,12.148,12.152,12.219,12.208,12.149
24,"F24_USLL_A35",2017,1,27.484,27.534,28.9,27.405,27.482
24,"F24_USLL_A35",2017,4,17.539,17.563,18.175,17.461,17.538
24,"F24_USLL_A35",2018,1,27.396,27.402,27.723,27.404,27.396
24,"F24_USLL_A35",2019,1,8.176,8.181,8.316,8.161,8.175
24,"F24_USLL_A35",2020,1,31.879,31.899,32.233,32.101,31.881
24,"F24_USLL_A35",2020,3,16.788,16.796,17.015,16.766,16.789
24,"F24_USLL_A35",2020,4,4.847,4.849,4.915,4.838,4.847
24,"F24_USLL_A35",2021,1,25.609,25.651,26.935,25.442,25.609
24,"F24_USLL_A35",2021,2,23.163,23.196,24.187,23.026,23.163
24,"F24_USLL_A35",2021,4,39.361,39.323,39.362,39.414,39.366
24,"F24_USLL_A35",2022,1,15.607,15.611,15.835,15.579,15.607
24,"F24_USLL_A35",2022,4,31.893,31.82,30.494,32.096,31.896
24,"F24_USLL_A35",2023,1,28.09,28.169,29.818,27.984,28.087
24,"F24_USLL_A35",2023,2,59.293,59.12,55.644,59.386,59.296
24,"F24_USLL_A35",2023,4,7.593,7.597,7.68,7.583,7.593
24,"F24_USLL_A35",2024,1,46.229,46.233,46.482,45.994,46.227
24,"F24_USLL_A35",2024,4,27.912,27.898,27.337,28.093,27.914
25,"F25_USLL_A24",1994,1,33.977,36.443,33.632,33.336,33.973
25,"F25_USLL_A24",1994,2,10.701,11.653,10.363,10.709,10.701
25,"F25_USLL_A24",1994,3,54.348,65.461,51.815,55.367,54.346
25,"F25_USLL_A24",1994,4,34.154,30.842,34.967,33.737,34.155
25,"F25_USLL_A24",1995,1,91.832,93.626,86.373,90.513,91.823
25,"F25_USLL_A24",1995,2,76.875,74.772,76.558,76.577,76.877
25,"F25_USLL_A24",1995,3,39.022,36.513,39.846,38.894,39.024
25,"F25_USLL_A24",1995,4,22.688,21.453,22.837,22.596,22.688
25,"F25_USLL_A24",1996,1,124.971,128.07,137.17,125.859,124.98
25,"F25_USLL_A24",1996,2,76.555,77.479,84.113,77.854,76.559
25,"F25_USLL_A24",1996,3,49.4,48.227,52.369,49.617,49.4
25,"F25_USLL_A24",1996,4,154.882,136.761,154.513,153.583,154.872
25,"F25_USLL_A24",1997,1,129.872,132.228,143.507,132.422,129.865
25,"F25_USLL_A24",1997,2,45.478,44.753,47.965,46.152,45.476
25,"F25_USLL_A24",1997,3,6.748,6.779,6.827,6.785,6.748
25,"F25_USLL_A24",1997,4,24.556,23.572,25.253,24.563,24.554
25,"F25_USLL_A24",1998,1,53.339,52.044,54.516,53.935,53.336
25,"F25_USLL_A24",1998,2,20.289,19.965,20.494,20.487,20.288
25,"F25_USLL_A24",1998,3,36.198,35.347,36.226,36.648,36.196
25,"F25_USLL_A24",1998,4,39.253,39.559,37.944,39.603,39.252
25,"F25_USLL_A24",1999,1,46.844,47.806,44.879,47.182,46.842
25,"F25_USLL_A24",1999,2,21.372,20.753,21.516,21.475,21.371
25,"F25_USLL_A24",1999,3,62.201,60.848,63.178,62.122,62.197
25,"F25_USLL_A24",1999,4,28.529,29.41,27.479,28.779,28.53
25,"F25_USLL_A24",2000,1,30.949,31.555,30.337,31.12,30.949
25,"F25_USLL_A24",2000,2,35.004,34.808,35.193,34.971,35.002
25,"F25_USLL_A24",2000,4,172.61,162.759,166.35,173.03,172.627
25,"F25_USLL_A24",2001,2,40.922,40.13,39.165,41.179,40.924
25,"F25_USLL_A24",2001,3,235.62,232.624,226.6,238.21,235.672
25,"F25_USLL_A24",2001,4,75.78,76.383,77.479,76.084,75.786
25,"F25_USLL_A24",2002,1,125.29,123.52,116.894,126.573,125.31
25,"F25_USLL_A24",2002,2,50.575,49.933,47.199,51.062,50.583
25,"F25_USLL_A24",2002,3,92.648,91.381,84.772,93.585,92.655
25,"F25_USLL_A24",2002,4,93.9,95.12,96.694,94.463,93.891
25,"F25_USLL_A24",2003,1,60.736,59.752,55.624,61.206,60.744
25,"F25_USLL_A24",2003,2,86.113,84.519,77.739,87.042,86.13
25,"F25_USLL_A24",2003,3,48.068,48.471,49.209,48.226,48.065
25,"F25_USLL_A24",2003,4,15.81,15.894,15.85,15.882,15.81
25,"F25_USLL_A24",2004,1,407.563,394.46,354.556,406.178,407.659
25,"F25_USLL_A24",2004,2,114.91,115.057,111.013,115.877,114.912
25,"F25_USLL_A24",2004,3,11.115,11.159,11.066,11.171,11.116
25,"F25_USLL_A24",2004,4,8.315,8.347,8.284,8.358,8.315
25,"F25_USLL_A24",2005,1,29.4,29.585,29.276,29.618,29.401
25,"F25_USLL_A24",2005,2,33.331,33.671,33.866,33.585,33.333
25,"F25_USLL_A24",2005,3,45.935,46.493,46.759,46.422,45.938
25,"F25_USLL_A24",2005,4,21.663,21.837,21.434,21.938,21.666
25,"F25_USLL_A24",2006,1,82.594,83.841,83.15,84.045,82.606
25,"F25_USLL_A24",2006,2,131.499,132.596,140.655,130.855,131.485
25,"F25_USLL_A24",2006,3,84.613,85.585,86.504,85.451,84.622
25,"F25_USLL_A24",2006,4,17.547,17.611,17.352,17.684,17.548
25,"F25_USLL_A24",2007,1,74.972,74.64,76.4,74.232,74.962
25,"F25_USLL_A24",2007,2,57.498,56.814,54.802,57.167,57.496
25,"F25_USLL_A24",2007,3,114.224,115.998,111.647,117.82,114.27
25,"F25_USLL_A24",2007,4,159.716,163.319,154.15,166.933,159.809
25,"F25_USLL_A24",2008,1,61.148,60.279,62.178,59.422,61.126
25,"F25_USLL_A24",2008,2,101.094,99.705,103.651,98.313,101.06
25,"F25_USLL_A24",2008,3,11.639,11.635,11.829,11.584,11.638
25,"F25_USLL_A24",2008,4,27.41,27.668,26.844,27.961,27.416
25,"F25_USLL_A24",2009,1,28.967,29.156,28.432,29.294,28.968
25,"F25_USLL_A24",2009,2,70.192,70.846,70.458,71.176,70.2
25,"F25_USLL_A24",2009,4,15.698,15.723,15.623,15.735,15.698
25,"F25_USLL_A24",2010,1,49.836,50.572,50.475,50.473,49.829
25,"F25_USLL_A24",2010,2,121.997,121.103,125.565,120.922,122.026
25,"F25_USLL_A24",2010,4,71.518,72.4,72.068,72.225,71.507
25,"F25_USLL_A24",2011,1,122.481,122.493,116.37,123.63,122.492
25,"F25_USLL_A24",2011,2,114.514,113.028,110.878,114.256,114.547
25,"F25_USLL_A24",2011,3,32.258,32.373,31.175,32.66,32.26
25,"F25_USLL_A24",2011,4,24.171,24.364,23.734,24.518,24.171
25,"F25_USLL_A24",2012,1,107.889,108.496,100.417,110.914,107.911
25,"F25_USLL_A24",2012,2,99.814,101.829,104.031,101.303,99.808
25,"F25_USLL_A24",2012,3,25.63,25.822,25.283,25.943,25.63
25,"F25_USLL_A24",2012,4,49.473,50.115,48.47,50.531,49.475
25,"F25_USLL_A24",2013,1,140.941,144.288,138.834,145.592,140.945
25,"F25_USLL_A24",2013,2,107.209,106.078,108.593,105.703,107.215
25,"F25_USLL_A24",2013,3,23.536,23.582,23.169,23.648,23.536
25,"F25_USLL_A24",2013,4,53.037,53.527,52.266,53.768,53.036
25,"F25_USLL_A24",2014,1,49.432,49.156,48.955,49.087,49.433
25,"F25_USLL_A24",2014,2,117.059,117.806,117.612,118.027,117.053
25,"F25_USLL_A24",2014,3,37.404,37.539,36.481,37.776,37.405
25,"F25_USLL_A24",2014,4,18.108,18.125,17.953,18.167,18.108
25,"F25_USLL_A24",2015,1,97.462,97.27,94.368,97.692,97.463
25,"F25_USLL_A24",2015,2,186.301,187.069,174.69,189.315,186.321
25,"F25_USLL_A24",2015,3,23.789,23.868,23.444,23.94,23.79
25,"F25_USLL_A24",2015,4,47.322,47.285,46.229,47.553,47.325
25,"F25_USLL_A24",2016,1,153.271,151.463,145.625,152.307,153.28
25,"F25_USLL_A24",2016,2,297.981,291.997,291.634,291.674,297.966
25,"F25_USLL_A24",2016,3,143.556,143.408,147.679,142.612,143.548
25,"F25_USLL_A24",2016,4,9.199,9.17,9.083,9.18,9.199
25,"F25_USLL_A24",2017,1,34.844,34.685,33.849,34.788,34.845
25,"F25_USLL_A24",2017,2,22.416,22.39,21.824,22.503,22.418
25,"F25_USLL_A24",2017,3,17.849,17.707,17.712,17.666,17.848
25,"F25_USLL_A24",2018,1,18.201,18.043,17.97,18.011,18.2
25,"F25_USLL_A24",2018,2,28.932,28.865,28.208,28.973,28.933
25,"F25_USLL_A24",2018,3,26.251,26.333,25.716,26.515,26.253
25,"F25_USLL_A24",2018,4,35.199,34.814,34.343,34.76,35.196
25,"F25_USLL_A24",2019,1,17.984,17.919,17.557,17.959,17.984
25,"F25_USLL_A24",2019,2,15.139,15.172,14.864,15.251,15.14
25,"F25_USLL_A24",2019,3,25.48,25.202,24.926,25.131,25.478
25,"F25_USLL_A24",2019,4,14.591,14.482,14.449,14.44,14.59
25,"F25_USLL_A24",2020,1,26.704,26.873,26.775,26.956,26.706
25,"F25_USLL_A24",2020,3,34.04,33.663,33.828,33.45,34.035
25,"F25_USLL_A24",2020,4,6.558,6.536,6.524,6.522,6.558
25,"F25_USLL_A24",2021,1,29.206,29.055,28.621,28.982,29.204
25,"F25_USLL_A24",2021,3,27.059,27.128,26.596,27.103,27.058
25,"F25_USLL_A24",2021,4,31.764,32.011,31.642,31.964,31.763
25,"F25_USLL_A24",2022,1,50.789,51.296,51.382,51.09,50.789
25,"F25_USLL_A24",2022,2,35.064,34.823,34.283,34.926,35.064
25,"F25_USLL_A24",2022,3,82.216,82.927,85.189,82.302,82.214
25,"F25_USLL_A24",2022,4,50.24,50.345,52.796,49.78,50.237
25,"F25_USLL_A24",2023,1,36.536,36.144,36.935,36.043,36.536
25,"F25_USLL_A24",2023,2,24.953,24.858,25.193,24.765,24.952
25,"F25_USLL_A24",2023,3,39.902,39.819,39.02,39.885,39.903
25,"F25_USLL_A24",2023,4,29.472,29.119,28.582,29.257,29.473
25,"F25_USLL_A24",2024,2,29.302,29.093,28.42,29.239,29.304
25,"F25_USLL_A24",2024,3,26.226,26.07,25.281,26.292,26.228
25,"F25_USLL_A24",2024,4,29.702,29.509,28.721,29.701,29.704
26,"F26_TWLL_A35",2003,1,20.555,20.567,20.284,20.658,20.546
26,"F26_TWLL_A35",2003,3,3.297,3.298,3.301,3.295,3.297
26,"F26_TWLL_A35",2003,4,18.451,18.419,17.908,18.679,18.456
26,"F26_TWLL_A35",2004,1,87.395,87.63,87.725,87.284,87.413
26,"F26_TWLL_A35",2004,3,57.6,57.604,55.358,58.624,57.618
26,"F26_TWLL_A35",2004,4,103.024,102.9,106.702,101.219,102.948
26,"F26_TWLL_A35",2005,1,65.526,65.527,67.524,64.691,65.495
26,"F26_TWLL_A35",2005,3,6.662,6.663,6.626,6.676,6.661
26,"F26_TWLL_A35",2005,4,94.529,94.545,98.183,93.254,94.555
26,"F26_TWLL_A35",2006,1,49.569,49.609,51.766,48.77,49.588
26,"F26_TWLL_A35",2006,2,117.746,117.931,125.03,115.034,117.777
26,"F26_TWLL_A35",2006,3,11.73,11.736,11.68,11.751,11.729
26,"F26_TWLL_A35",2006,4,76.698,76.662,76.116,76.979,76.729
26,"F26_TWLL_A35",2007,1,209.565,210.144,212.584,208.205,209.609
26,"F26_TWLL_A35",2007,2,27.694,27.736,27.397,27.836,27.699
26,"F26_TWLL_A35",2007,4,110.477,110.961,114.307,108.748,110.429
26,"F26_TWLL_A35",2008,1,82.049,82.159,85.722,80.383,82.019
26,"F26_TWLL_A35",2008,2,48.507,48.515,50.607,47.564,48.491
26,"F26_TWLL_A35",2008,3,13.799,13.792,14.06,13.675,13.797
26,"F26_TWLL_A35",2008,4,31.669,31.606,31.168,31.895,31.671
26,"F26_TWLL_A35",2009,1,127.36,126.893,130.413,125.711,127.333
26,"F26_TWLL_A35",2009,4,14.827,14.805,14.714,14.858,14.827
26,"F26_TWLL_A35",2010,1,96.198,96.32,94.426,97.001,96.2
26,"F26_TWLL_A35",2010,2,15.771,15.802,15.808,15.773,15.771
26,"F26_TWLL_A35",2010,3,23.058,23.008,22.552,23.258,23.061
26,"F26_TWLL_A35",2010,4,36.611,36.51,35.812,36.929,36.62
26,"F26_TWLL_A35",2011,1,48.904,48.791,48.792,48.885,48.908
26,"F26_TWLL_A35",2011,2,4.266,4.267,4.289,4.256,4.266
26,"F26_TWLL_A35",2011,3,23.38,23.353,23.631,23.239,23.377
26,"F26_TWLL_A35",2011,4,28.764,28.705,28.584,28.81,28.764
26,"F26_TWLL_A35",2012,1,88.612,88.594,86.164,89.7,88.627
26,"F26_TWLL_A35",2012,4,52.54,52.375,51.935,52.678,52.539
26,"F26_TWLL_A35",2013,1,74.648,74.338,72.455,75.434,74.65
26,"F26_TWLL_A35",2013,4,62.517,62.333,61.398,62.926,62.521
26,"F26_TWLL_A35",2014,1,83.518,83.327,83.723,83.308,83.517
26,"F26_TWLL_A35",2014,4,35.785,35.695,35.364,35.881,35.785
26,"F26_TWLL_A35",2015,1,23.278,23.32,23.762,23.086,23.276
26,"F26_TWLL_A35",2015,4,25.756,25.709,24.803,26.155,25.76
26,"F26_TWLL_A35",2016,1,27.11,27.148,26.826,27.235,27.112
26,"F26_TWLL_A35",2016,2,6.897,6.903,6.895,6.898,6.897
26,"F26_TWLL_A35",2016,4,22.38,22.345,22.386,22.352,22.379
26,"F26_TWLL_A35",2017,1,35.73,35.789,35.776,35.721,35.73
26,"F26_TWLL_A35",2017,4,45.524,45.418,45.626,45.44,45.522
26,"F26_TWLL_A35",2018,1,107.03,107.419,111.37,105.217,107.012
26,"F26_TWLL_A35",2018,4,68.361,68.196,69.59,67.714,68.351
26,"F26_TWLL_A35",2019,1,182.689,181.93,187.927,179.891,182.647
26,"F26_TWLL_A35",2019,4,196.068,195.374,203.033,192.462,196.003
26,"F26_TWLL_A35",2020,1,38.505,38.542,37.866,38.849,38.505
26,"F26_TWLL_A35",2020,2,5.646,5.649,5.609,5.666,5.646
26,"F26_TWLL_A35",2020,4,367.228,367.883,377.051,361.99,367.169
26,"F26_TWLL_A35",2021,1,43.05,43.135,41.651,43.746,43.054
26,"F26_TWLL_A35",2021,2,35.3,35.267,35.66,35.125,35.301
26,"F26_TWLL_A35",2021,3,5.72,5.719,5.784,5.689,5.719
26,"F26_TWLL_A35",2021,4,54.911,54.984,55.059,54.842,54.906
26,"F26_TWLL_A35",2022,1,43.264,43.291,43.735,43.046,43.258
26,"F26_TWLL_A35",2022,2,70.104,70.225,69.533,70.339,70.112
26,"F26_TWLL_A35",2022,4,47.403,47.506,47.361,47.385,47.406
26,"F26_TWLL_A35",2023,1,29.021,29.063,28.786,29.125,29.023
26,"F26_TWLL_A35",2023,2,3.181,3.182,3.168,3.187,3.181
26,"F26_TWLL_A35",2023,4,199.334,199.094,213.078,193.088,199.266
26,"F26_TWLL_A35",2024,1,132.849,133.471,136.139,131.156,132.834
26,"F26_TWLL_A35",2024,2,36.499,36.451,37.712,35.961,36.493
26,"F26_TWLL_A35",2024,3,29.116,29.109,28.31,29.497,29.12
26,"F26_TWLL_A35",2024,4,100.849,101.288,103.725,99.396,100.835
29,"F29_CNLL_A35",2013,3,307.993,303.831,288.955,312.382,308.378
29,"F29_CNLL_A35",2014,3,29.009,29.138,29.738,28.801,29
29,"F29_CNLL_A35",2017,3,11.063,11.014,10.786,11.142,11.068
29,"F29_CNLL_A35",2018,3,11.148,11.096,10.862,11.229,11.153
29,"F29_CNLL_A35",2020,3,250.856,249.174,226.712,259.926,251.182
30,"F30_CNLL_A24",1997,3,32.219,31.924,33.511,31.741,32.226
30,"F30_CNLL_A24",1998,3,7.067,7.01,7.149,7.045,7.067
30,"F30_CNLL_A24",1999,3,16.021,15.948,16.26,15.943,16.022
30,"F30_CNLL_A24",2000,3,8.094,8.03,8.005,8.146,8.095
30,"F30_CNLL_A24",2004,3,26.998,26.722,27.694,26.772,27.003
30,"F30_CNLL_A24",2005,3,8.276,8.212,8.338,8.266,8.277
30,"F30_CNLL_A24",2006,3,34.857,34.997,36.509,34.138,34.862
30,"F30_CNLL_A24",2007,3,11.738,11.638,11.792,11.74,11.739
30,"F30_CNLL_A24",2008,3,6.988,6.954,7.041,6.975,6.989
30,"F30_CNLL_A24",2009,3,11.035,10.942,11.23,10.975,11.036
30,"F30_CNLL_A24",2010,3,8.395,8.325,8.499,8.367,8.395
30,"F30_CNLL_A24",2011,3,9.643,9.553,9.762,9.614,9.644
30,"F30_CNLL_A24",2012,3,8.34,8.263,8.437,8.317,8.341
30,"F30_CNLL_A24",2013,3,6.046,6.024,6.067,6.043,6.047
30,"F30_CNLL_A24",2014,3,25.554,25.238,25.077,25.829,25.55
30,"F30_CNLL_A24",2016,3,4.455,4.439,4.462,4.455,4.455
30,"F30_CNLL_A24",2017,3,9.583,9.526,9.66,9.565,9.584
30,"F30_CNLL_A24",2018,3,11.277,11.207,11.372,11.254,11.278
30,"F30_CNLL_A24",2019,3,5.519,5.495,5.529,5.52,5.519
30,"F30_CNLL_A24",2020,3,21.014,20.646,20.834,21.168,21.017
30,"F30_CNLL_A24",2021,3,11.354,11.24,11.577,11.284,11.355
30,"F30_CNLL_A24",2022,3,99.855,97.725,104.056,98.505,99.837
30,"F30_CNLL_A24",2023,3,4.268,4.284,4.278,4.261,4.268
30,"F30_CNLL_A24",2024,3,17.483,17.477,18.081,17.233,17.486
31,"F31_VULL_mt",2000,3,50.07,49.981,48.514,50.796,50.081
31,"F31_VULL_mt",2014,3,47.347,47.258,45.986,47.97,47.358
31,"F31_VULL_mt",2015,3,5.488,5.489,5.374,5.538,5.489
31,"F31_VULL_mt",2023,3,20.355,20.338,20.566,20.275,20.355
31,"F31_VULL_mt",2024,3,43.22,43.163,41.138,44.196,43.234
34,"F34_EPOSF_xx24",1995,3,67.426,67.624,67.056,67.542,67.438
34,"F34_EPOSF_xx24",1996,2,56.572,56.296,55.577,57.063,56.634
34,"F34_EPOSF_xx24",1996,3,35.661,35.598,35.255,35.867,35.678
34,"F34_EPOSF_xx24",1996,4,67.691,67.798,67.23,67.947,67.708
34,"F34_EPOSF_xx24",1997,2,44.26,44.104,43.971,44.338,44.283
34,"F34_EPOSF_xx24",1997,3,86.067,85.721,84.986,86.369,86.122
34,"F34_EPOSF_xx24",1997,4,15.503,15.502,15.486,15.495,15.504
34,"F34_EPOSF_xx24",1998,3,122.996,123.119,120.361,124.226,122.955
34,"F34_EPOSF_xx24",1998,4,20.556,20.555,20.392,20.645,20.554
34,"F34_EPOSF_xx24",1999,2,41.689,41.642,41.394,41.803,41.678
34,"F34_EPOSF_xx24",1999,3,27.667,27.625,27.156,27.879,27.655
34,"F34_EPOSF_xx24",2000,2,19.477,19.471,19.137,19.569,19.48
34,"F34_EPOSF_xx24",2000,3,210.608,210.797,223.455,207.539,210.549
34,"F34_EPOSF_xx24",2001,2,38.695,38.719,38.941,38.483,38.703
34,"F34_EPOSF_xx24",2001,3,78.194,78.189,77.5,78.496,78.173
34,"F34_EPOSF_xx24",2002,3,21.665,21.671,21.707,21.643,21.648
34,"F34_EPOSF_xx24",2003,3,289.222,289.512,285.391,292.327,290.617
34,"F34_EPOSF_xx24",2004,2,21.924,21.93,21.831,21.966,21.92
34,"F34_EPOSF_xx24",2004,3,66.612,66.539,66.539,66.609,66.581
34,"F34_EPOSF_xx24",2004,4,111.105,111.084,111.622,110.94,111.141
34,"F34_EPOSF_xx24",2005,2,118.417,118.491,118.22,118.305,118.359
34,"F34_EPOSF_xx24",2005,3,208.676,208.757,208.555,208.026,208.661
34,"F34_EPOSF_xx24",2005,4,12.997,12.999,12.98,12.983,12.999
34,"F34_EPOSF_xx24",2006,3,55.055,55.062,55.366,55.011,55.068
34,"F34_EPOSF_xx24",2006,4,58.514,58.509,58.606,58.621,58.534
34,"F34_EPOSF_xx24",2007,2,13.602,13.591,13.512,13.677,13.602
34,"F34_EPOSF_xx24",2007,3,41.701,41.692,41.671,41.722,41.698
34,"F34_EPOSF_xx24",2008,2,8.893,8.897,8.907,8.877,8.893
34,"F34_EPOSF_xx24",2008,3,357.822,357.665,351.455,360.497,357.775
34,"F34_EPOSF_xx24",2008,4,15.972,15.971,15.933,15.96,15.97
34,"F34_EPOSF_xx24",2009,2,35.702,35.719,35.545,35.724,35.694
34,"F34_EPOSF_xx24",2009,3,144.429,144.451,143.956,144.463,144.358
34,"F34_EPOSF_xx24",2009,4,80.81,80.827,81.047,80.5,80.817
34,"F34_EPOSF_xx24",2010,2,16.757,16.749,16.745,16.822,16.758
34,"F34_EPOSF_xx24",2010,3,179.707,179.651,177.595,181.095,179.725
34,"F34_EPOSF_xx24",2010,4,52.41,52.41,52.131,52.467,52.406
34,"F34_EPOSF_xx24",2011,2,62.838,62.844,63.244,62.618,62.834
34,"F34_EPOSF_xx24",2011,3,293.874,293.872,289.175,295.942,293.917
34,"F34_EPOSF_xx24",2011,4,70.99,70.964,70.692,71.009,70.99
34,"F34_EPOSF_xx24",2012,2,88.812,88.804,89.168,88.751,88.814
34,"F34_EPOSF_xx24",2012,3,149.585,149.599,151.799,148.646,149.582
34,"F34_EPOSF_xx24",2012,4,103.537,103.531,103.436,103.434,103.536
34,"F34_EPOSF_xx24",2013,3,119.908,119.911,120.554,119.704,119.908
34,"F34_EPOSF_xx24",2013,4,37.488,37.486,37.656,37.445,37.489
34,"F34_EPOSF_xx24",2014,3,53.194,53.189,53.277,53.229,53.195
34,"F34_EPOSF_xx24",2014,4,30.184,30.189,30.161,30.126,30.182
34,"F34_EPOSF_xx24",2015,2,11.89,11.89,11.897,11.886,11.89
34,"F34_EPOSF_xx24",2015,3,43.675,43.671,43.811,43.655,43.676
34,"F34_EPOSF_xx24",2015,4,39.491,39.5,39.487,39.417,39.489
34,"F34_EPOSF_xx24",2016,2,13.525,13.526,13.516,13.531,13.525
34,"F34_EPOSF_xx24",2016,3,39.736,39.734,39.788,39.765,39.737
34,"F34_EPOSF_xx24",2016,4,29.597,29.602,29.712,29.529,29.596
34,"F34_EPOSF_xx24",2017,2,8.601,8.602,8.607,8.592,8.601
34,"F34_EPOSF_xx24",2017,3,24.304,24.308,24.425,24.255,24.304
34,"F34_EPOSF_xx24",2017,4,18.907,18.91,19.038,18.828,18.906
34,"F34_EPOSF_xx24",2018,2,10.751,10.752,10.755,10.748,10.751
34,"F34_EPOSF_xx24",2018,3,43.92,43.92,44.189,43.83,43.919
34,"F34_EPOSF_xx24",2019,2,16.782,16.791,16.825,16.789,16.78
34,"F34_EPOSF_xx24",2019,3,103.479,103.519,103.96,103.622,103.463
34,"F34_EPOSF_xx24",2019,4,46.439,46.449,46.325,46.528,46.44
34,"F34_EPOSF_xx24",2020,3,33.329,33.333,33.293,33.441,33.332
34,"F34_EPOSF_xx24",2020,4,34.992,34.999,34.703,35.1,34.989
34,"F34_EPOSF_xx24",2021,3,18.247,18.247,18.23,18.253,18.247
34,"F34_EPOSF_xx24",2021,4,7.56,7.562,7.577,7.55,7.56
34,"F34_EPOSF_xx24",2022,3,33.841,33.83,33.708,33.955,33.843
34,"F34_EPOSF_xx24",2022,4,23.821,23.816,23.805,23.858,23.822
34,"F34_EPOSF_xx24",2023,3,44.177,44.178,44.208,44.115,44.176
34,"F34_EPOSF_xx24",2024,3,277.871,277.993,279.548,277.22,277.868
34,"F34_EPOSF_xx24",2024,4,53.894,53.914,53.562,54.099,53.897
35,"F35_JPTWKR_DNMisc",2008,1,19.955,20.198,20.47,19.765,19.954
35,"F35_JPTWKR_DNMisc",2008,2,23.529,22.797,23.801,21.727,23.527
35,"F35_JPTWKR_DNMisc",2008,3,4.871,4.652,4.914,4.421,4.871
35,"F35_JPTWKR_DNMisc",2008,4,22.913,23.82,22.605,23.091,22.917
35,"F35_JPTWKR_DNMisc",2009,1,18.229,18.432,18.377,18.051,18.228
35,"F35_JPTWKR_DNMisc",2009,2,18.66,18.656,18.648,18.311,18.66
35,"F35_JPTWKR_DNMisc",2009,4,83.288,65.992,89.649,46.269,83.282
35,"F35_JPTWKR_DNMisc",2010,2,5.096,5.039,5.085,4.866,5.097
35,"F35_JPTWKR_DNMisc",2010,3,4.48,4.205,4.595,3.864,4.479
35,"F35_JPTWKR_DNMisc",2010,4,39.629,44.362,37.572,46.521,39.649
35,"F35_JPTWKR_DNMisc",2011,1,12.13,12.228,12.348,12.23,12.13
35,"F35_JPTWKR_DNMisc",2011,4,18.62,18.234,18.794,16.831,18.619
35,"F35_JPTWKR_DNMisc",2012,1,12.578,12.669,12.622,12.754,12.579
35,"F35_JPTWKR_DNMisc",2012,2,23.098,22.56,23.27,21.76,23.099
35,"F35_JPTWKR_DNMisc",2014,4,4.373,4.671,4.254,5.04,4.374
35,"F35_JPTWKR_DNMisc",2015,1,5.293,5.232,5.332,4.928,5.293
35,"F35_JPTWKR_DNMisc",2015,3,4.106,3.895,4.175,3.641,4.106
35,"F35_JPTWKR_DNMisc",2015,4,12.202,10.845,12.867,9.016,12.2
35,"F35_JPTWKR_DNMisc",2016,2,2.08,2.08,2.075,2.086,2.08
35,"F35_JPTWKR_DNMisc",2016,4,5.921,6.285,5.738,6.723,5.922
35,"F35_JPTWKR_DNMisc",2017,4,17.97,16.669,18.29,13.845,17.969
35,"F35_JPTWKR_DNMisc",2018,3,7.347,7.944,7.062,8.784,7.35
35,"F35_JPTWKR_DNMisc",2018,4,50.143,51.733,49.922,48.394,50.152
35,"F35_JPTWKR_DNMisc",2022,3,2.73,2.747,2.726,2.739,2.73
35,"F35_JPTWKR_DNMisc",2023,3,2.599,2.602,2.597,2.569,2.599
36,"S36_JPLL_idx_adult",1996,1,21.892,6.899,6.696,6.98,6.852
36,"S36_JPLL_idx_adult",1997,1,22.494,7.433,7.327,7.647,7.515
36,"S36_JPLL_idx_adult",1998,1,21.715,8.114,8.001,8.285,8.181
36,"S36_JPLL_idx_adult",1999,1,19.078,7.632,7.452,7.747,7.65
36,"S36_JPLL_idx_adult",2000,1,18.053,7.187,6.98,7.272,7.182
36,"S36_JPLL_idx_adult",2001,1,16.573,6.59,6.403,6.662,6.587
36,"S36_JPLL_idx_adult",2002,1,16.754,6.228,6.012,6.316,6.23
36,"S36_JPLL_idx_adult",2003,1,16.656,6.696,6.485,6.782,6.7
36,"S36_JPLL_idx_adult",2004,1,16.639,6.69,6.452,6.789,6.695
36,"S36_JPLL_idx_adult",2005,1,16.808,6.741,6.526,6.834,6.745
36,"S36_JPLL_idx_adult",2006,1,16.127,6.627,6.476,6.691,6.63
36,"S36_JPLL_idx_adult",2007,1,15.226,6.594,6.459,6.651,6.598
36,"S36_JPLL_idx_adult",2008,1,13.906,6.849,6.671,6.924,6.854
36,"S36_JPLL_idx_adult",2009,1,14.2,5.957,5.736,6.057,5.964
36,"S36_JPLL_idx_adult",2010,1,15.252,5.761,5.583,5.843,5.767
36,"S36_JPLL_idx_adult",2011,1,16.264,6.076,5.935,6.139,6.08
36,"S36_JPLL_idx_adult",2012,1,16.025,6.409,6.252,6.477,6.413
36,"S36_JPLL_idx_adult",2013,1,15.874,6.336,6.142,6.421,6.342
36,"S36_JPLL_idx_adult",2014,1,15.551,6.234,6.046,6.316,6.239
36,"S36_JPLL_idx_adult",2015,1,15.259,6.105,5.925,6.184,6.11
36,"S36_JPLL_idx_adult",2016,1,15.578,6.044,5.877,6.117,6.049
36,"S36_JPLL_idx_adult",2017,1,17.013,6.554,6.408,6.618,6.558
36,"S36_JPLL_idx_adult",2018,1,18.052,7.087,6.94,7.15,7.091
36,"S36_JPLL_idx_adult",2019,1,19.293,7.362,7.189,7.436,7.366
36,"S36_JPLL_idx_adult",2020,1,17.821,7.596,7.392,7.683,7.602
36,"S36_JPLL_idx_adult",2021,1,13.563,7.469,7.167,7.602,7.478
36,"S36_JPLL_idx_adult",2022,1,16.12,5.693,5.474,5.795,5.7
36,"S36_JPLL_idx_adult",2023,1,19.621,6.101,5.961,6.167,6.106
36,"S36_JPLL_idx_adult",2024,1,19.662,7.011,6.866,7.078,7.016
